ISO-10303-21;
HEADER;
FILE_DESCRIPTION((''),'2;1');
FILE_NAME('MIC-TH_BD4','2022-07-04T20:20:35',('win10'),(''),
'CREO PARAMETRIC BY PTC INC, 2020033','CREO PARAMETRIC BY PTC INC, 2020033','');
FILE_SCHEMA(('CONFIG_CONTROL_DESIGN','GEOMETRIC_VALIDATION_PROPERTIES_MIM'));
ENDSEC;
DATA;
#18=CARTESIAN_POINT('',(0.E0,0.E0,0.E0));
#19=DIRECTION('',(0.E0,0.E0,-1.E0));
#20=DIRECTION('',(1.E0,0.E0,0.E0));
#21=AXIS2_PLACEMENT_3D('',#18,#19,#20);
#23=CARTESIAN_POINT('',(0.E0,0.E0,0.E0));
#24=DIRECTION('',(0.E0,0.E0,-1.E0));
#25=DIRECTION('',(-1.E0,0.E0,0.E0));
#26=AXIS2_PLACEMENT_3D('',#23,#24,#25);
#28=CARTESIAN_POINT('',(0.E0,0.E0,0.E0));
#29=DIRECTION('',(0.E0,0.E0,1.E0));
#30=DIRECTION('',(-1.E0,0.E0,0.E0));
#31=AXIS2_PLACEMENT_3D('',#28,#29,#30);
#33=CARTESIAN_POINT('',(0.E0,0.E0,0.E0));
#34=DIRECTION('',(0.E0,0.E0,1.E0));
#35=DIRECTION('',(1.E0,0.E0,0.E0));
#36=AXIS2_PLACEMENT_3D('',#33,#34,#35);
#38=CARTESIAN_POINT('',(1.85E0,0.E0,1.5E-1));
#39=DIRECTION('',(0.E0,-1.E0,0.E0));
#40=DIRECTION('',(0.E0,0.E0,-1.E0));
#41=AXIS2_PLACEMENT_3D('',#38,#39,#40);
#43=CARTESIAN_POINT('',(-1.85E0,0.E0,1.5E-1));
#44=DIRECTION('',(0.E0,1.E0,0.E0));
#45=DIRECTION('',(0.E0,0.E0,-1.E0));
#46=AXIS2_PLACEMENT_3D('',#43,#44,#45);
#48=CARTESIAN_POINT('',(0.E0,0.E0,1.35E0));
#49=DIRECTION('',(0.E0,0.E0,1.E0));
#50=DIRECTION('',(1.E0,0.E0,0.E0));
#51=AXIS2_PLACEMENT_3D('',#48,#49,#50);
#53=CARTESIAN_POINT('',(0.E0,0.E0,1.5E-1));
#54=DIRECTION('',(0.E0,0.E0,-1.E0));
#55=DIRECTION('',(-1.E0,0.E0,0.E0));
#56=AXIS2_PLACEMENT_3D('',#53,#54,#55);
#58=DIRECTION('',(0.E0,0.E0,1.E0));
#59=VECTOR('',#58,1.2E0);
#60=CARTESIAN_POINT('',(2.E0,9.535489737694E-14,1.5E-1));
#61=LINE('',#60,#59);
#62=CARTESIAN_POINT('',(6.695094970216E-1,1.884610578713E0,6.526419675063E-1));
#63=CARTESIAN_POINT('',(6.695094970216E-1,1.884610578713E0,6.474457753497E-1));
#64=CARTESIAN_POINT('',(6.678423084974E-1,1.885204204325E0,6.376145421657E-1));
#65=CARTESIAN_POINT('',(6.602569900446E-1,1.887881464838E0,6.236985255217E-1));
#66=CARTESIAN_POINT('',(6.483023016135E-1,1.892029146800E0,6.131704261758E-1));
#67=CARTESIAN_POINT('',(6.331864789782E-1,1.897148251091E0,6.072246418612E-1));
#68=CARTESIAN_POINT('',(6.167286565772E-1,1.902562412681E0,6.069283519050E-1));
#69=CARTESIAN_POINT('',(6.013556039641E-1,1.907470394822E0,6.124130214561E-1));
#70=CARTESIAN_POINT('',(5.890355186044E-1,1.911302396548E0,6.224695508792E-1));
#71=CARTESIAN_POINT('',(5.806132306211E-1,1.913870118975E0,6.370048268022E-1));
#72=CARTESIAN_POINT('',(5.788377458602E-1,1.914405094009E0,6.472068127905E-1));
#73=CARTESIAN_POINT('',(5.788377458602E-1,1.914405094009E0,6.526419675063E-1));
#75=CARTESIAN_POINT('',(5.788377458602E-1,1.914405094009E0,6.526419675063E-1));
#76=CARTESIAN_POINT('',(5.788377458602E-1,1.914405094009E0,6.579849654078E-1));
#77=CARTESIAN_POINT('',(5.805553544614E-1,1.913887397515E0,6.680662562933E-1));
#78=CARTESIAN_POINT('',(5.888590462668E-1,1.911357112142E0,6.826497881582E-1));
#79=CARTESIAN_POINT('',(6.013766837312E-1,1.907463390173E0,6.928679639809E-1));
#80=CARTESIAN_POINT('',(6.162553723162E-1,1.902714129689E0,6.982114648846E-1));
#81=CARTESIAN_POINT('',(6.324528488752E-1,1.897392995572E0,6.982027437230E-1));
#82=CARTESIAN_POINT('',(6.476948936980E-1,1.892237262130E0,6.924460057551E-1));
#83=CARTESIAN_POINT('',(6.596417003833E-1,1.888097111443E0,6.823741615818E-1));
#84=CARTESIAN_POINT('',(6.678160687351E-1,1.885214054271E0,6.679672871103E-1));
#85=CARTESIAN_POINT('',(6.695094970216E-1,1.884610578713E0,6.579561440056E-1));
#86=CARTESIAN_POINT('',(6.695094970216E-1,1.884610578713E0,6.526419675063E-1));
#88=DIRECTION('',(0.E0,0.E0,1.E0));
#89=VECTOR('',#88,1.864017545589E-2);
#90=CARTESIAN_POINT('',(-8.650714143674E-2,1.998128252761E0,8.742222206294E-1));
#91=LINE('',#90,#89);
#92=CARTESIAN_POINT('',(0.E0,0.E0,8.928623960853E-1));
#93=DIRECTION('',(0.E0,0.E0,1.E0));
#94=DIRECTION('',(-1.069595484458E-2,9.999427966389E-1,0.E0));
#95=AXIS2_PLACEMENT_3D('',#92,#93,#94);
#97=DIRECTION('',(0.E0,0.E0,1.E0));
#98=VECTOR('',#97,1.448584038739E-1);
#99=CARTESIAN_POINT('',(-2.139190968917E-2,1.999885593278E0,8.928623960853E-1));
#100=LINE('',#99,#98);
#101=CARTESIAN_POINT('',(0.E0,0.E0,1.037720799959E0));
#102=DIRECTION('',(0.E0,0.E0,1.E0));
#103=DIRECTION('',(-1.429407135650E-4,9.999999897840E-1,0.E0));
#104=AXIS2_PLACEMENT_3D('',#101,#102,#103);
#106=DIRECTION('',(0.E0,0.E0,1.E0));
#107=VECTOR('',#106,1.634985793298E-1);
#108=CARTESIAN_POINT('',(-2.858814271300E-4,1.999999979568E0,
8.742222206294E-1));
#109=LINE('',#108,#107);
#110=CARTESIAN_POINT('',(0.E0,0.E0,8.742222206294E-1));
#111=DIRECTION('',(0.E0,0.E0,1.E0));
#112=DIRECTION('',(-1.429407135650E-4,9.999999897840E-1,0.E0));
#113=AXIS2_PLACEMENT_3D('',#110,#111,#112);
#115=DIRECTION('',(0.E0,2.195380095134E-14,-1.E0));
#116=VECTOR('',#115,2.022835183913E-2);
#117=CARTESIAN_POINT('',(-2.156091638168E-1,1.988344207746E0,
9.012212191591E-1));
#118=LINE('',#117,#116);
#119=CARTESIAN_POINT('',(-2.156091638168E-1,1.988344207746E0,1.011724860199E0));
#120=CARTESIAN_POINT('',(-2.083880614805E-1,1.989127239090E0,1.015748045786E0));
#121=CARTESIAN_POINT('',(-1.937501261407E-1,1.990637011324E0,1.021122619880E0));
#122=CARTESIAN_POINT('',(-1.706595657396E-1,1.992748487812E0,1.022141376669E0));
#123=CARTESIAN_POINT('',(-1.497666435138E-1,1.994413778439E0,1.016307135611E0));
#124=CARTESIAN_POINT('',(-1.338497089873E-1,1.995529320083E0,1.005960499533E0));
#125=CARTESIAN_POINT('',(-1.239831062078E-1,1.996157802394E0,
9.930368079813E-1));
#126=CARTESIAN_POINT('',(-1.180872833248E-1,1.996512269365E0,
9.785790449267E-1));
#127=CARTESIAN_POINT('',(-1.152523850234E-1,1.996676512271E0,
9.628077418903E-1));
#128=CARTESIAN_POINT('',(-1.151912129647E-1,1.996680016785E0,
9.464717120498E-1));
#129=CARTESIAN_POINT('',(-1.179573455036E-1,1.996519917752E0,
9.305272454597E-1));
#130=CARTESIAN_POINT('',(-1.239746928036E-1,1.996158698303E0,
9.159658315615E-1));
#131=CARTESIAN_POINT('',(-1.341152575293E-1,1.995511721032E0,
9.035979863941E-1));
#132=CARTESIAN_POINT('',(-1.496012647723E-1,1.994423204873E0,
8.944550728390E-1));
#133=CARTESIAN_POINT('',(-1.697895536785E-1,1.992823910802E0,
8.893335533879E-1));
#134=CARTESIAN_POINT('',(-1.939088842543E-1,1.990624632171E0,
8.909759580326E-1));
#135=CARTESIAN_POINT('',(-2.084791359982E-1,1.989117363284E0,
8.968833700665E-1));
#136=CARTESIAN_POINT('',(-2.156091638168E-1,1.988344207746E0,
9.012212191591E-1));
#138=DIRECTION('',(0.E0,0.E0,-1.E0));
#139=VECTOR('',#138,2.206729291511E-2);
#140=CARTESIAN_POINT('',(-2.156091638168E-1,1.988344207746E0,1.033792153115E0));
#141=LINE('',#140,#139);
#142=CARTESIAN_POINT('',(-2.156091638168E-1,1.988344207746E0,
8.809928673199E-1));
#143=CARTESIAN_POINT('',(-2.075862686626E-1,1.989214182728E0,
8.767585615434E-1));
#144=CARTESIAN_POINT('',(-1.907860226563E-1,1.990949750234E0,
8.711801045919E-1));
#145=CARTESIAN_POINT('',(-1.601868752053E-1,1.993646995696E0,
8.710251497102E-1));
#146=CARTESIAN_POINT('',(-1.346077859423E-1,1.995506158310E0,
8.784406690419E-1));
#147=CARTESIAN_POINT('',(-1.152942134753E-1,1.996694339319E0,
8.909219860949E-1));
#148=CARTESIAN_POINT('',(-1.030891072943E-1,1.997348176812E0,
9.072392026310E-1));
#149=CARTESIAN_POINT('',(-9.586362224955E-2,1.997703253728E0,
9.259210938501E-1));
#150=CARTESIAN_POINT('',(-9.275840545462E-2,1.997847701598E0,
9.461796052324E-1));
#151=CARTESIAN_POINT('',(-9.343221952250E-2,1.997816755107E0,
9.664835832394E-1));
#152=CARTESIAN_POINT('',(-9.766771406272E-2,1.997616656406E0,
9.857385660202E-1));
#153=CARTESIAN_POINT('',(-1.057767949898E-1,1.997209589442E0,1.003779935866E0));
#154=CARTESIAN_POINT('',(-1.186029852557E-1,1.996499376438E0,1.019515863446E0));
#155=CARTESIAN_POINT('',(-1.357291273672E-1,1.995418101917E0,1.030871075022E0));
#156=CARTESIAN_POINT('',(-1.545515295763E-1,1.994047228396E0,1.037711122099E0));
#157=CARTESIAN_POINT('',(-1.725473083661E-1,1.992574113062E0,1.040778883958E0));
#158=CARTESIAN_POINT('',(-1.935278292460E-1,1.990655203936E0,1.040663506911E0));
#159=CARTESIAN_POINT('',(-2.082234793369E-1,1.989145085808E0,1.037000688176E0));
#160=CARTESIAN_POINT('',(-2.156091638168E-1,1.988344207746E0,1.033792153115E0));
#162=DIRECTION('',(0.E0,0.E0,1.E0));
#163=VECTOR('',#162,1.864017545589E-2);
#164=CARTESIAN_POINT('',(-3.362687748918E-1,1.971528166432E0,
8.742222206294E-1));
#165=LINE('',#164,#163);
#166=CARTESIAN_POINT('',(0.E0,0.E0,8.928623960853E-1));
#167=DIRECTION('',(0.E0,0.E0,1.E0));
#168=DIRECTION('',(-1.347199922070E-1,9.908837084642E-1,0.E0));
#169=AXIS2_PLACEMENT_3D('',#166,#167,#168);
#171=DIRECTION('',(0.E0,0.E0,1.E0));
#172=VECTOR('',#171,5.500105582689E-2);
#173=CARTESIAN_POINT('',(-2.694399844141E-1,1.981767416928E0,
8.928623960853E-1));
#174=LINE('',#173,#172);
#175=CARTESIAN_POINT('',(0.E0,0.E0,9.478634519122E-1));
#176=DIRECTION('',(0.E0,0.E0,1.E0));
#177=DIRECTION('',(-1.347199922070E-1,9.908837084642E-1,0.E0));
#178=AXIS2_PLACEMENT_3D('',#175,#176,#177);
#180=DIRECTION('',(0.E0,0.E0,1.E0));
#181=VECTOR('',#180,1.872376368606E-2);
#182=CARTESIAN_POINT('',(-3.279099518169E-1,1.972935646061E0,
9.478634519122E-1));
#183=LINE('',#182,#181);
#184=CARTESIAN_POINT('',(0.E0,0.E0,9.665872155982E-1));
#185=DIRECTION('',(0.E0,0.E0,1.E0));
#186=DIRECTION('',(-1.347199922070E-1,9.908837084642E-1,0.E0));
#187=AXIS2_PLACEMENT_3D('',#184,#185,#186);
#189=DIRECTION('',(0.E0,0.E0,1.E0));
#190=VECTOR('',#189,5.232623244476E-2);
#191=CARTESIAN_POINT('',(-2.694399844141E-1,1.981767416928E0,
9.665872155982E-1));
#192=LINE('',#191,#190);
#193=CARTESIAN_POINT('',(0.E0,0.E0,1.018913448043E0));
#194=DIRECTION('',(0.E0,0.E0,1.E0));
#195=DIRECTION('',(-1.347199922070E-1,9.908837084642E-1,0.E0));
#196=AXIS2_PLACEMENT_3D('',#193,#194,#195);
#198=DIRECTION('',(0.E0,0.E0,1.E0));
#199=VECTOR('',#198,1.880735191623E-2);
#200=CARTESIAN_POINT('',(-3.325490986231E-1,1.972158993845E0,1.018913448043E0));
#201=LINE('',#200,#199);
#202=CARTESIAN_POINT('',(0.E0,0.E0,1.037720799959E0));
#203=DIRECTION('',(0.E0,0.E0,1.E0));
#204=DIRECTION('',(-1.241669780760E-1,9.922613373278E-1,0.E0));
#205=AXIS2_PLACEMENT_3D('',#202,#203,#204);
#207=DIRECTION('',(0.E0,0.E0,1.E0));
#208=VECTOR('',#207,1.634985793298E-1);
#209=CARTESIAN_POINT('',(-2.483339561520E-1,1.984522674656E0,
8.742222206294E-1));
#210=LINE('',#209,#208);
#211=CARTESIAN_POINT('',(0.E0,0.E0,8.742222206294E-1));
#212=DIRECTION('',(0.E0,0.E0,1.E0));
#213=DIRECTION('',(-1.241669780760E-1,9.922613373278E-1,0.E0));
#214=AXIS2_PLACEMENT_3D('',#211,#212,#213);
#216=CARTESIAN_POINT('',(-4.129609765961E-1,1.956901436406E0,1.018913448043E0));
#217=CARTESIAN_POINT('',(-4.088496118455E-1,1.957769049445E0,1.018913448043E0));
#218=CARTESIAN_POINT('',(-4.006214177457E-1,1.959478361226E0,1.018913448043E0));
#219=CARTESIAN_POINT('',(-3.923826213521E-1,1.961135776653E0,1.018913448043E0));
#220=CARTESIAN_POINT('',(-3.882606544126E-1,1.961951493854E0,1.018913448043E0));
#222=CARTESIAN_POINT('',(-4.119997119431E-1,1.957104043570E0,
8.928623960853E-1));
#223=CARTESIAN_POINT('',(-4.197519823825E-1,1.955472074540E0,
8.928623960853E-1));
#224=CARTESIAN_POINT('',(-4.340846408148E-1,1.952360473344E0,
8.948616657951E-1));
#225=CARTESIAN_POINT('',(-4.525994545503E-1,1.948139682482E0,
9.024199530571E-1));
#226=CARTESIAN_POINT('',(-4.666455978179E-1,1.944810676391E0,
9.148199915557E-1));
#227=CARTESIAN_POINT('',(-4.758425184016E-1,1.942572145003E0,
9.333166795977E-1));
#228=CARTESIAN_POINT('',(-4.791400101604E-1,1.941757605638E0,
9.561876159692E-1));
#229=CARTESIAN_POINT('',(-4.760822996030E-1,1.942512889122E0,
9.788464867430E-1));
#230=CARTESIAN_POINT('',(-4.673171420146E-1,1.944649012780E0,
9.974826594016E-1));
#231=CARTESIAN_POINT('',(-4.532693151898E-1,1.947983786794E0,1.010058197881E0));
#232=CARTESIAN_POINT('',(-4.349289348263E-1,1.952171940345E0,1.017113565268E0));
#233=CARTESIAN_POINT('',(-4.206715105071E-1,1.955274297934E0,1.018913448043E0));
#234=CARTESIAN_POINT('',(-4.129609765961E-1,1.956901436406E0,1.018913448043E0));
#236=CARTESIAN_POINT('',(-3.882606544137E-1,1.961951493854E0,
8.928623960853E-1));
#237=CARTESIAN_POINT('',(-3.922220130804E-1,1.961167560248E0,
8.928623960853E-1));
#238=CARTESIAN_POINT('',(-4.001399781490E-1,1.959575698675E0,
8.928623960853E-1));
#239=CARTESIAN_POINT('',(-4.080481482019E-1,1.957935906919E0,
8.928623960853E-1));
#240=CARTESIAN_POINT('',(-4.119997119431E-1,1.957104043570E0,
8.928623960853E-1));
#242=DIRECTION('',(-8.801559775004E-12,-1.736883406015E-12,-1.E0));
#243=VECTOR('',#242,1.260510519577E-1);
#244=CARTESIAN_POINT('',(-3.882606544126E-1,1.961951493854E0,1.018913448043E0));
#245=LINE('',#244,#243);
#246=CARTESIAN_POINT('',(-4.121250942895E-1,1.957077644514E0,
8.742222206294E-1));
#247=CARTESIAN_POINT('',(-4.046474008604E-1,1.958652311272E0,
8.742222206294E-1));
#248=CARTESIAN_POINT('',(-3.896739734024E-1,1.961715928537E0,
8.742222206294E-1));
#249=CARTESIAN_POINT('',(-3.746664322036E-1,1.964607711418E0,
8.742222206294E-1));
#250=CARTESIAN_POINT('',(-3.671546261511E-1,1.966010549437E0,
8.742222206294E-1));
#252=CARTESIAN_POINT('',(-4.137968589049E-1,1.956724855354E0,1.037720799959E0));
#253=CARTESIAN_POINT('',(-4.229319241091E-1,1.954793024582E0,1.037720799959E0));
#254=CARTESIAN_POINT('',(-4.399846755473E-1,1.951055505489E0,1.035480192134E0));
#255=CARTESIAN_POINT('',(-4.624978870998E-1,1.945826386833E0,1.026798535835E0));
#256=CARTESIAN_POINT('',(-4.803151727636E-1,1.941489476254E0,1.013198304184E0));
#257=CARTESIAN_POINT('',(-4.934630681733E-1,1.938176892547E0,
9.934155623218E-1));
#258=CARTESIAN_POINT('',(-5.003828472657E-1,1.936393332718E0,
9.697962397548E-1));
#259=CARTESIAN_POINT('',(-5.007478709381E-1,1.936298309318E0,
9.465048771819E-1));
#260=CARTESIAN_POINT('',(-4.944410288858E-1,1.937927321217E0,
9.220629616344E-1));
#261=CARTESIAN_POINT('',(-4.807960369520E-1,1.941373129757E0,
9.003683685884E-1));
#262=CARTESIAN_POINT('',(-4.618212397815E-1,1.945991661398E0,
8.856002007853E-1));
#263=CARTESIAN_POINT('',(-4.383484995483E-1,1.951426379958E0,
8.764717901131E-1));
#264=CARTESIAN_POINT('',(-4.212025026859E-1,1.955166106767E0,
8.742222206294E-1));
#265=CARTESIAN_POINT('',(-4.121250942895E-1,1.957077644514E0,
8.742222206294E-1));
#267=CARTESIAN_POINT('',(-3.671546261500E-1,1.966010549437E0,1.037720799959E0));
#268=CARTESIAN_POINT('',(-3.749463761243E-1,1.964555431584E0,1.037720799959E0));
#269=CARTESIAN_POINT('',(-3.905125647853E-1,1.961552555222E0,1.037720799959E0));
#270=CARTESIAN_POINT('',(-4.060419305360E-1,1.958364822768E0,1.037720799959E0));
#271=CARTESIAN_POINT('',(-4.137968589049E-1,1.956724855354E0,1.037720799959E0));
#273=DIRECTION('',(6.821989317960E-12,1.275239729172E-12,1.E0));
#274=VECTOR('',#273,1.634985793298E-1);
#275=CARTESIAN_POINT('',(-3.671546261511E-1,1.966010549437E0,
8.742222206294E-1));
#276=LINE('',#275,#274);
#277=CARTESIAN_POINT('',(-5.852363201547E-1,1.912458744541E0,1.005372154662E0));
#278=CARTESIAN_POINT('',(-5.846186416141E-1,1.912647761908E0,1.007127662093E0));
#279=CARTESIAN_POINT('',(-5.835644883541E-1,1.912969716427E0,1.010804628708E0));
#280=CARTESIAN_POINT('',(-5.827920898864E-1,1.913205036525E0,1.014771332082E0));
#281=CARTESIAN_POINT('',(-5.824447589309E-1,1.913310770051E0,1.016823742274E0));
#283=CARTESIAN_POINT('',(-6.099366423385E-1,1.904724991261E0,
9.374149230686E-1));
#284=CARTESIAN_POINT('',(-6.072001454411E-1,1.905601280351E0,
9.449437622484E-1));
#285=CARTESIAN_POINT('',(-6.017218237638E-1,1.907342560763E0,
9.600160990461E-1));
#286=CARTESIAN_POINT('',(-5.934883742487E-1,1.909920515644E0,
9.826685337532E-1));
#287=CARTESIAN_POINT('',(-5.879887751369E-1,1.911616458855E0,
9.977994104977E-1));
#288=CARTESIAN_POINT('',(-5.852363201547E-1,1.912458744541E0,1.005372154662E0));
#290=CARTESIAN_POINT('',(-5.550609688569E-1,1.921433662881E0,
9.374149230686E-1));
#291=CARTESIAN_POINT('',(-5.611842892287E-1,1.919664766976E0,
9.374149230686E-1));
#292=CARTESIAN_POINT('',(-5.734141509396E-1,1.916068396208E0,
9.374149230686E-1));
#293=CARTESIAN_POINT('',(-5.917077124663E-1,1.910498330396E0,
9.374149230686E-1));
#294=CARTESIAN_POINT('',(-6.038665705260E-1,1.906668767521E0,
9.374149230686E-1));
#295=CARTESIAN_POINT('',(-6.099366423385E-1,1.904724991261E0,
9.374149230686E-1));
#297=CARTESIAN_POINT('',(-5.795105263486E-1,1.914201543686E0,1.005372154662E0));
#298=CARTESIAN_POINT('',(-5.768012709953E-1,1.915021750942E0,
9.978418141414E-1));
#299=CARTESIAN_POINT('',(-5.713778468240E-1,1.916651095079E0,
9.827674761883E-1));
#300=CARTESIAN_POINT('',(-5.632279861287E-1,1.919061834900E0,
9.601150428707E-1));
#301=CARTESIAN_POINT('',(-5.577849403923E-1,1.920646765936E0,
9.449861670287E-1));
#302=CARTESIAN_POINT('',(-5.550609688569E-1,1.921433662881E0,
9.374149230686E-1));
#304=CARTESIAN_POINT('',(-5.824447589309E-1,1.913310770051E0,1.016823742274E0));
#305=CARTESIAN_POINT('',(-5.821198170904E-1,1.913409687945E0,1.014805682423E0));
#306=CARTESIAN_POINT('',(-5.813255113602E-1,1.913651322991E0,1.010876746163E0));
#307=CARTESIAN_POINT('',(-5.801831063739E-1,1.913997925E0,1.007165701397E0));
#308=CARTESIAN_POINT('',(-5.795105263486E-1,1.914201543686E0,1.005372154662E0));
#310=CARTESIAN_POINT('',(-5.941802608447E-1,1.909698881401E0,1.037720799959E0));
#311=CARTESIAN_POINT('',(-6.149534538434E-1,1.903235547649E0,
9.831807120329E-1));
#312=CARTESIAN_POINT('',(-6.357113421221E-1,1.896405355751E0,
9.286808067005E-1));
#313=CARTESIAN_POINT('',(-6.564534927475E-1,1.889197928185E0,
8.742222206294E-1));
#315=CARTESIAN_POINT('',(0.E0,0.E0,1.037720799959E0));
#316=DIRECTION('',(0.E0,0.E0,1.E0));
#317=DIRECTION('',(-2.858057192723E-1,9.582875825300E-1,0.E0));
#318=AXIS2_PLACEMENT_3D('',#315,#316,#317);
#320=CARTESIAN_POINT('',(-5.093382066423E-1,1.934056511908E0,
8.742222206294E-1));
#321=CARTESIAN_POINT('',(-5.301086562860E-1,1.928586566481E0,
9.287551058684E-1));
#322=CARTESIAN_POINT('',(-5.508665003955E-1,1.922762265965E0,
9.832548952349E-1));
#323=CARTESIAN_POINT('',(-5.716114385446E-1,1.916575165060E0,1.037720799959E0));
#325=CARTESIAN_POINT('',(0.E0,0.E0,8.742222206294E-1));
#326=DIRECTION('',(0.E0,0.E0,1.E0));
#327=DIRECTION('',(-2.546691033212E-1,9.670282559541E-1,0.E0));
#328=AXIS2_PLACEMENT_3D('',#325,#326,#327);
#330=CARTESIAN_POINT('',(-5.326593230183E-1,1.927764001532E0,
8.742222206294E-1));
#331=CARTESIAN_POINT('',(-5.378982234312E-1,1.926316444079E0,
8.891307936102E-1));
#332=CARTESIAN_POINT('',(-5.431364206511E-1,1.924846095080E0,
9.040373654831E-1));
#333=CARTESIAN_POINT('',(-5.483739104003E-1,1.923352815890E0,
9.189419240753E-1));
#335=CARTESIAN_POINT('',(0.E0,0.E0,9.189419240753E-1));
#336=DIRECTION('',(0.E0,0.E0,1.E0));
#337=DIRECTION('',(-2.741869552002E-1,9.616764079450E-1,0.E0));
#338=AXIS2_PLACEMENT_3D('',#335,#336,#337);
#340=CARTESIAN_POINT('',(-6.164565243390E-1,1.902624858873E0,
9.189419240753E-1));
#341=CARTESIAN_POINT('',(-6.220162115009E-1,1.900823502495E0,
9.040324873252E-1));
#342=CARTESIAN_POINT('',(-6.275748315241E-1,1.898995565324E0,
8.891259123254E-1));
#343=CARTESIAN_POINT('',(-6.331323763715E-1,1.897140847167E0,
8.742222206294E-1));
#345=CARTESIAN_POINT('',(0.E0,0.E0,8.742222206294E-1));
#346=DIRECTION('',(0.E0,0.E0,1.E0));
#347=DIRECTION('',(-3.165661881858E-1,9.485704235836E-1,0.E0));
#348=AXIS2_PLACEMENT_3D('',#345,#346,#347);
#350=DIRECTION('',(0.E0,0.E0,1.E0));
#351=VECTOR('',#350,1.864017545589E-2);
#352=CARTESIAN_POINT('',(-8.822070016691E-2,1.998053329634E0,
6.148479406391E-1));
#353=LINE('',#352,#351);
#354=CARTESIAN_POINT('',(0.E0,0.E0,6.334881160950E-1));
#355=DIRECTION('',(0.E0,0.E0,1.E0));
#356=DIRECTION('',(-1.069595484458E-2,9.999427966389E-1,0.E0));
#357=AXIS2_PLACEMENT_3D('',#354,#355,#356);
#359=DIRECTION('',(0.E0,0.E0,1.E0));
#360=VECTOR('',#359,5.500105582689E-2);
#361=CARTESIAN_POINT('',(-2.139190968917E-2,1.999885593278E0,
6.334881160950E-1));
#362=LINE('',#361,#360);
#363=CARTESIAN_POINT('',(0.E0,0.E0,6.884891719219E-1));
#364=DIRECTION('',(0.E0,0.E0,1.E0));
#365=DIRECTION('',(-1.069595484458E-2,9.999427966389E-1,0.E0));
#366=AXIS2_PLACEMENT_3D('',#363,#364,#365);
#368=DIRECTION('',(0.E0,0.E0,1.E0));
#369=VECTOR('',#368,1.872376368606E-2);
#370=CARTESIAN_POINT('',(-7.986187709204E-2,1.998404884048E0,
6.884891719219E-1));
#371=LINE('',#370,#369);
#372=CARTESIAN_POINT('',(0.E0,0.E0,7.072129356080E-1));
#373=DIRECTION('',(0.E0,0.E0,1.E0));
#374=DIRECTION('',(-1.069595484458E-2,9.999427966389E-1,0.E0));
#375=AXIS2_PLACEMENT_3D('',#372,#373,#374);
#377=DIRECTION('',(0.E0,0.E0,1.E0));
#378=VECTOR('',#377,5.232623244476E-2);
#379=CARTESIAN_POINT('',(-2.139190968917E-2,1.999885593278E0,
7.072129356080E-1));
#380=LINE('',#379,#378);
#381=CARTESIAN_POINT('',(0.E0,0.E0,7.595391680527E-1));
#382=DIRECTION('',(0.E0,0.E0,1.E0));
#383=DIRECTION('',(-1.069595484458E-2,9.999427966389E-1,0.E0));
#384=AXIS2_PLACEMENT_3D('',#381,#382,#383);
#386=DIRECTION('',(0.E0,0.E0,1.E0));
#387=VECTOR('',#386,1.880735191623E-2);
#388=CARTESIAN_POINT('',(-8.450102389819E-2,1.998214096878E0,
7.595391680527E-1));
#389=LINE('',#388,#387);
#390=CARTESIAN_POINT('',(0.E0,0.E0,7.783465199689E-1));
#391=DIRECTION('',(0.E0,0.E0,1.E0));
#392=DIRECTION('',(-1.429407135650E-4,9.999999897840E-1,0.E0));
#393=AXIS2_PLACEMENT_3D('',#390,#391,#392);
#395=DIRECTION('',(0.E0,0.E0,1.E0));
#396=VECTOR('',#395,1.634985793298E-1);
#397=CARTESIAN_POINT('',(-2.858814271300E-4,1.999999979568E0,
6.148479406391E-1));
#398=LINE('',#397,#396);
#399=CARTESIAN_POINT('',(0.E0,0.E0,6.148479406391E-1));
#400=DIRECTION('',(0.E0,0.E0,1.E0));
#401=DIRECTION('',(-1.429407135650E-4,9.999999897840E-1,0.E0));
#402=AXIS2_PLACEMENT_3D('',#399,#400,#401);
#404=CARTESIAN_POINT('',(-1.811708127508E-1,1.991777381287E0,
6.734432903889E-1));
#405=CARTESIAN_POINT('',(-1.766180021451E-1,1.992191502065E0,
6.728306797875E-1));
#406=CARTESIAN_POINT('',(-1.675094927575E-1,1.992988527422E0,
6.716050699614E-1));
#407=CARTESIAN_POINT('',(-1.583956276076E-1,1.993723081497E0,
6.703787394824E-1));
#408=CARTESIAN_POINT('',(-1.538374612989E-1,1.994074731674E0,
6.697654082359E-1));
#410=DIRECTION('',(0.E0,0.E0,1.E0));
#411=VECTOR('',#410,1.120082291957E-2);
#412=CARTESIAN_POINT('',(-1.811708127508E-1,1.991777381287E0,
6.622424674694E-1));
#413=LINE('',#412,#411);
#414=CARTESIAN_POINT('',(-1.538374612989E-1,1.994074731674E0,
6.697654082359E-1));
#415=CARTESIAN_POINT('',(-1.508103746440E-1,1.994308263206E0,
6.693424092274E-1));
#416=CARTESIAN_POINT('',(-1.449866868917E-1,1.994744260762E0,
6.684175420276E-1));
#417=CARTESIAN_POINT('',(-1.364791099087E-1,1.995342876248E0,
6.654769771072E-1));
#418=CARTESIAN_POINT('',(-1.302817668726E-1,1.995753569103E0,
6.586739425967E-1));
#419=CARTESIAN_POINT('',(-1.279553949207E-1,1.995902449340E0,
6.497059813124E-1));
#420=CARTESIAN_POINT('',(-1.295341317403E-1,1.995801584470E0,
6.402973984041E-1));
#421=CARTESIAN_POINT('',(-1.346090100117E-1,1.995468702401E0,
6.330487904071E-1));
#422=CARTESIAN_POINT('',(-1.430531304843E-1,1.994885620932E0,
6.290708932396E-1));
#423=CARTESIAN_POINT('',(-1.535826057682E-1,1.994103431075E0,
6.285393080299E-1));
#424=CARTESIAN_POINT('',(-1.630098189183E-1,1.993351758744E0,
6.312213283143E-1));
#425=CARTESIAN_POINT('',(-1.703182425081E-1,1.992737895689E0,
6.358848302172E-1));
#426=CARTESIAN_POINT('',(-1.754361123011E-1,1.992292050268E0,
6.417836725948E-1));
#427=CARTESIAN_POINT('',(-1.786932194975E-1,1.992001716798E0,
6.481329987621E-1));
#428=CARTESIAN_POINT('',(-1.806878076792E-1,1.991821398537E0,
6.549762925521E-1));
#429=CARTESIAN_POINT('',(-1.811708127508E-1,1.991777381287E0,
6.597756952759E-1));
#430=CARTESIAN_POINT('',(-1.811708127508E-1,1.991777381287E0,
6.622424674694E-1));
#432=DIRECTION('',(0.E0,0.E0,1.E0));
#433=VECTOR('',#432,1.805505784024E-2);
#434=CARTESIAN_POINT('',(-1.811708127508E-1,1.991777381287E0,
6.148479406391E-1));
#435=LINE('',#434,#433);
#436=CARTESIAN_POINT('',(-2.016499292827E-1,1.989808359119E0,
6.148479406391E-1));
#437=CARTESIAN_POINT('',(-1.982384582756E-1,1.990154082306E0,
6.148479406391E-1));
#438=CARTESIAN_POINT('',(-1.914137409913E-1,1.990827981728E0,
6.148479406391E-1));
#439=CARTESIAN_POINT('',(-1.845856537215E-1,1.991466769509E0,
6.148479406391E-1));
#440=CARTESIAN_POINT('',(-1.811708127508E-1,1.991777381287E0,
6.148479406391E-1));
#442=DIRECTION('',(-7.440311642045E-12,-7.505318336297E-13,-1.E0));
#443=VECTOR('',#442,7.514581943607E-2);
#444=CARTESIAN_POINT('',(-2.016499292821E-1,1.989808359119E0,
6.899937600752E-1));
#445=LINE('',#444,#443);
#446=CARTESIAN_POINT('',(-1.192319337709E-1,1.996442773026E0,
7.234290523722E-1));
#447=CARTESIAN_POINT('',(-1.240777182630E-1,1.996153372166E0,
7.264729747608E-1));
#448=CARTESIAN_POINT('',(-1.335744662370E-1,1.995550364884E0,
7.313496856368E-1));
#449=CARTESIAN_POINT('',(-1.469843868703E-1,1.994606422661E0,
7.350080901183E-1));
#450=CARTESIAN_POINT('',(-1.604155521193E-1,1.993571887496E0,
7.349144712749E-1));
#451=CARTESIAN_POINT('',(-1.738226385097E-1,1.992445959563E0,
7.301094300071E-1));
#452=CARTESIAN_POINT('',(-1.854906416719E-1,1.991388492858E0,
7.220143415263E-1));
#453=CARTESIAN_POINT('',(-1.942150912600E-1,1.990552255016E0,
7.124416703624E-1));
#454=CARTESIAN_POINT('',(-2.001805712789E-1,1.989958085399E0,
7.014162046005E-1));
#455=CARTESIAN_POINT('',(-2.016499292821E-1,1.989808359119E0,
6.938771809145E-1));
#456=CARTESIAN_POINT('',(-2.016499292821E-1,1.989808359119E0,
6.899937600752E-1));
#458=DIRECTION('',(0.E0,0.E0,1.E0));
#459=VECTOR('',#458,1.989399891734E-2);
#460=CARTESIAN_POINT('',(-1.192319337709E-1,1.996442773026E0,
7.035350534549E-1));
#461=LINE('',#460,#459);
#462=CARTESIAN_POINT('',(-1.811708127503E-1,1.991777381287E0,
6.890742895375E-1));
#463=CARTESIAN_POINT('',(-1.811708127503E-1,1.991777381287E0,
6.924793685100E-1));
#464=CARTESIAN_POINT('',(-1.795493111558E-1,1.991925570330E0,
6.989813712090E-1));
#465=CARTESIAN_POINT('',(-1.734953557153E-1,1.992465573697E0,
7.082311096977E-1));
#466=CARTESIAN_POINT('',(-1.642783405475E-1,1.993250918790E0,
7.157863230161E-1));
#467=CARTESIAN_POINT('',(-1.532734615595E-1,1.994128397257E0,
7.191609448838E-1));
#468=CARTESIAN_POINT('',(-1.422614904956E-1,1.994945012249E0,
7.175203540985E-1));
#469=CARTESIAN_POINT('',(-1.304681852723E-1,1.995751252094E0,
7.120024720398E-1));
#470=CARTESIAN_POINT('',(-1.230241774273E-1,1.996216291932E0,
7.066128164226E-1));
#471=CARTESIAN_POINT('',(-1.192319337709E-1,1.996442773026E0,
7.035350534549E-1));
#473=CARTESIAN_POINT('',(-1.465652852241E-1,1.994622424713E0,
6.842261721555E-1));
#474=CARTESIAN_POINT('',(-1.523369543532E-1,1.994198321223E0,
6.850347634826E-1));
#475=CARTESIAN_POINT('',(-1.638764955328E-1,1.993300019474E0,
6.866514141790E-1));
#476=CARTESIAN_POINT('',(-1.754075900900E-1,1.992301600381E0,
6.882668815321E-1));
#477=CARTESIAN_POINT('',(-1.811708127503E-1,1.991777381287E0,
6.890742895375E-1));
#479=CARTESIAN_POINT('',(-1.811708127508E-1,1.991777381287E0,
6.329029984794E-1));
#480=CARTESIAN_POINT('',(-1.789089452736E-1,1.991983119324E0,
6.290121176374E-1));
#481=CARTESIAN_POINT('',(-1.730678582759E-1,1.992507907030E0,
6.222607617533E-1));
#482=CARTESIAN_POINT('',(-1.597505728424E-1,1.993629325252E0,
6.143404079836E-1));
#483=CARTESIAN_POINT('',(-1.438300222900E-1,1.994841488314E0,
6.111852574939E-1));
#484=CARTESIAN_POINT('',(-1.297022376455E-1,1.995804487218E0,
6.132959036229E-1));
#485=CARTESIAN_POINT('',(-1.176835337827E-1,1.996542718444E0,
6.201484096987E-1));
#486=CARTESIAN_POINT('',(-1.103766974875E-1,1.996953839029E0,
6.304121165746E-1));
#487=CARTESIAN_POINT('',(-1.070278684338E-1,1.997134041215E0,
6.421689534437E-1));
#488=CARTESIAN_POINT('',(-1.086646655700E-1,1.997047006518E0,
6.543014382264E-1));
#489=CARTESIAN_POINT('',(-1.150388389306E-1,1.996694114844E0,
6.656041441589E-1));
#490=CARTESIAN_POINT('',(-1.244420917795E-1,1.996134282051E0,
6.749406756753E-1));
#491=CARTESIAN_POINT('',(-1.356799485861E-1,1.995402966084E0,
6.816003479026E-1));
#492=CARTESIAN_POINT('',(-1.428982949144E-1,1.994891875950E0,
6.837158790055E-1));
#493=CARTESIAN_POINT('',(-1.465652852241E-1,1.994622424713E0,
6.842261721555E-1));
#495=DIRECTION('',(0.E0,0.E0,1.E0));
#496=VECTOR('',#495,2.114782237768E-2);
#497=CARTESIAN_POINT('',(-2.294012218889E-1,1.986800211243E0,
6.189437639453E-1));
#498=LINE('',#497,#496);
#499=CARTESIAN_POINT('',(-3.026663061342E-1,1.976965631247E0,
7.092190531454E-1));
#500=CARTESIAN_POINT('',(-2.989350236949E-1,1.977536877127E0,
7.116113586332E-1));
#501=CARTESIAN_POINT('',(-2.913932518229E-1,1.978669427472E0,
7.150888238977E-1));
#502=CARTESIAN_POINT('',(-2.805171421380E-1,1.980239168410E0,
7.174875047808E-1));
#503=CARTESIAN_POINT('',(-2.705671308099E-1,1.981621581332E0,
7.178946669777E-1));
#504=CARTESIAN_POINT('',(-2.615969345518E-1,1.982823747887E0,
7.166195360697E-1));
#505=CARTESIAN_POINT('',(-2.544684930512E-1,1.983748027635E0,
7.119497030809E-1));
#506=CARTESIAN_POINT('',(-2.505758752823E-1,1.984240974103E0,
7.053708141583E-1));
#507=CARTESIAN_POINT('',(-2.504537905156E-1,1.984256384770E0,
6.982867102288E-1));
#508=CARTESIAN_POINT('',(-2.540256162621E-1,1.983804207554E0,
6.915778846333E-1));
#509=CARTESIAN_POINT('',(-2.603790300888E-1,1.982983196756E0,
6.862345917215E-1));
#510=CARTESIAN_POINT('',(-2.690699039032E-1,1.981825378207E0,
6.828303558789E-1));
#511=CARTESIAN_POINT('',(-2.790159652131E-1,1.980450993121E0,
6.798675318164E-1));
#512=CARTESIAN_POINT('',(-2.893963313617E-1,1.978960811271E0,
6.757278715542E-1));
#513=CARTESIAN_POINT('',(-2.990684102958E-1,1.977519415765E0,6.694825097E-1));
#514=CARTESIAN_POINT('',(-3.060449417102E-1,1.976447510912E0,
6.599019224999E-1));
#515=CARTESIAN_POINT('',(-3.091735233698E-1,1.975958254551E0,
6.479846903043E-1));
#516=CARTESIAN_POINT('',(-3.067805885503E-1,1.976332695636E0,
6.356521182727E-1));
#517=CARTESIAN_POINT('',(-2.993874734473E-1,1.977474247280E0,
6.238628799822E-1));
#518=CARTESIAN_POINT('',(-2.859360143130E-1,1.979474924369E0,
6.148572884194E-1));
#519=CARTESIAN_POINT('',(-2.689375979262E-1,1.981865604010E0,
6.116862027256E-1));
#520=CARTESIAN_POINT('',(-2.490925844314E-1,1.984462536977E0,
6.121751769350E-1));
#521=CARTESIAN_POINT('',(-2.358522485066E-1,1.986055358600E0,
6.157182506362E-1));
#522=CARTESIAN_POINT('',(-2.294012218889E-1,1.986800211243E0,
6.189437639453E-1));
#524=DIRECTION('',(0.E0,0.E0,-1.E0));
#525=VECTOR('',#524,1.989399891623E-2);
#526=CARTESIAN_POINT('',(-3.026663061342E-1,1.976965631247E0,
7.291130520616E-1));
#527=LINE('',#526,#525);
#528=CARTESIAN_POINT('',(-2.294012218889E-1,1.986800211243E0,
6.400915863230E-1));
#529=CARTESIAN_POINT('',(-2.324252195721E-1,1.986451052450E0,
6.379143079910E-1));
#530=CARTESIAN_POINT('',(-2.383346574450E-1,1.985755094913E0,
6.340219578668E-1));
#531=CARTESIAN_POINT('',(-2.473153001847E-1,1.984656830787E0,
6.300494381658E-1));
#532=CARTESIAN_POINT('',(-2.561686996158E-1,1.983532711675E0,
6.283754158928E-1));
#533=CARTESIAN_POINT('',(-2.641422300399E-1,1.982485257318E0,
6.287101139600E-1));
#534=CARTESIAN_POINT('',(-2.711763105564E-1,1.981534315429E0,
6.302463007349E-1));
#535=CARTESIAN_POINT('',(-2.773344175411E-1,1.980680760016E0,
6.325996584207E-1));
#536=CARTESIAN_POINT('',(-2.823731488809E-1,1.979967751523E0,
6.356429136426E-1));
#537=CARTESIAN_POINT('',(-2.862116506169E-1,1.979415409069E0,6.396338409E-1));
#538=CARTESIAN_POINT('',(-2.877207942448E-1,1.979195900344E0,
6.445448100760E-1));
#539=CARTESIAN_POINT('',(-2.863697395623E-1,1.979392338442E0,
6.496520045638E-1));
#540=CARTESIAN_POINT('',(-2.831875461404E-1,1.979851041832E0,
6.547748532183E-1));
#541=CARTESIAN_POINT('',(-2.783597272072E-1,1.980536928112E0,
6.592348291155E-1));
#542=CARTESIAN_POINT('',(-2.720043706087E-1,1.981421257146E0,
6.625017097459E-1));
#543=CARTESIAN_POINT('',(-2.644139791174E-1,1.982449966555E0,
6.649464768737E-1));
#544=CARTESIAN_POINT('',(-2.557937260130E-1,1.983581757403E0,
6.676579354686E-1));
#545=CARTESIAN_POINT('',(-2.467199749164E-1,1.984731157340E0,
6.716341024426E-1));
#546=CARTESIAN_POINT('',(-2.378509682307E-1,1.985812005302E0,
6.776809556082E-1));
#547=CARTESIAN_POINT('',(-2.311095875407E-1,1.986603977701E0,
6.874957175917E-1));
#548=CARTESIAN_POINT('',(-2.286584335215E-1,1.986885488481E0,
6.995510102248E-1));
#549=CARTESIAN_POINT('',(-2.313441917518E-1,1.986576780547E0,
7.113728393110E-1));
#550=CARTESIAN_POINT('',(-2.385605293308E-1,1.985728361181E0,
7.224308249133E-1));
#551=CARTESIAN_POINT('',(-2.500954223713E-1,1.984317644843E0,
7.306250496511E-1));
#552=CARTESIAN_POINT('',(-2.658051465670E-1,1.982282885861E0,
7.344675106014E-1));
#553=CARTESIAN_POINT('',(-2.835788166855E-1,1.979823150178E0,
7.345217837301E-1));
#554=CARTESIAN_POINT('',(-2.962759561024E-1,1.977943970783E0,
7.317443726633E-1));
#555=CARTESIAN_POINT('',(-3.026663061342E-1,1.976965631247E0,
7.291130520616E-1));
#557=CARTESIAN_POINT('',(-3.723370964567E-1,1.965035645123E0,
6.438530567062E-1));
#558=CARTESIAN_POINT('',(-3.727987236316E-1,1.964948175502E0,
6.422506347870E-1));
#559=CARTESIAN_POINT('',(-3.737218874886E-1,1.964772916390E0,
6.390461050720E-1));
#560=CARTESIAN_POINT('',(-3.746448703251E-1,1.964597017669E0,
6.358422037236E-1));
#561=CARTESIAN_POINT('',(-3.751063164796E-1,1.964508908439E0,
6.342404101710E-1));
#563=CARTESIAN_POINT('',(-3.418273922365E-1,1.970572006783E0,
7.316206989845E-1));
#564=CARTESIAN_POINT('',(-3.452242560634E-1,1.969982766146E0,
7.218488989345E-1));
#565=CARTESIAN_POINT('',(-3.520133955065E-1,1.968786985785E0,
7.023184977965E-1));
#566=CARTESIAN_POINT('',(-3.621833103841E-1,1.966941495263E0,
6.730625782853E-1));
#567=CARTESIAN_POINT('',(-3.689540400079E-1,1.965676670347E0,
6.535851369015E-1));
#568=CARTESIAN_POINT('',(-3.723370964567E-1,1.965035645123E0,
6.438530567062E-1));
#570=CARTESIAN_POINT('',(-3.189242170136E-1,1.974408099609E0,
7.316206989845E-1));
#571=CARTESIAN_POINT('',(-3.227450853091E-1,1.973790918475E0,
7.316206989845E-1));
#572=CARTESIAN_POINT('',(-3.303832352720E-1,1.972534374317E0,
7.316206989845E-1));
#573=CARTESIAN_POINT('',(-3.380139545564E-1,1.971233508851E0,
7.316206989845E-1));
#574=CARTESIAN_POINT('',(-3.418273922365E-1,1.970572006783E0,
7.316206989845E-1));
#576=CARTESIAN_POINT('',(-3.647305674594E-1,1.966461698880E0,
6.150987053319E-1));
#577=CARTESIAN_POINT('',(-3.596556572751E-1,1.967402970643E0,
6.280082396331E-1));
#578=CARTESIAN_POINT('',(-3.494960070087E-1,1.969246695242E0,
6.538523134859E-1));
#579=CARTESIAN_POINT('',(-3.342271669961E-1,1.971895610471E0,
6.926931218391E-1));
#580=CARTESIAN_POINT('',(-3.240284370437E-1,1.973583619920E0,
7.186366064262E-1));
#581=CARTESIAN_POINT('',(-3.189242170136E-1,1.974408099609E0,
7.316206989845E-1));
#583=CARTESIAN_POINT('',(-3.557448326545E-1,1.968107114473E0,
5.938672947232E-1));
#584=CARTESIAN_POINT('',(-3.572433474492E-1,1.967836250712E0,
5.974079715403E-1));
#585=CARTESIAN_POINT('',(-3.602394854897E-1,1.967291149608E0,
6.044872186313E-1));
#586=CARTESIAN_POINT('',(-3.632338380978E-1,1.966739305583E0,
6.115622471193E-1));
#587=CARTESIAN_POINT('',(-3.647305674594E-1,1.966461698880E0,
6.150987053319E-1));
#589=CARTESIAN_POINT('',(-3.231454226661E-1,1.973721620647E0,
5.797408837285E-1));
#590=CARTESIAN_POINT('',(-3.253837232870E-1,1.973355157316E0,
5.788548897325E-1));
#591=CARTESIAN_POINT('',(-3.297420188074E-1,1.972633807828E0,
5.774571901551E-1));
#592=CARTESIAN_POINT('',(-3.361765895927E-1,1.971547780948E0,
5.771090265887E-1));
#593=CARTESIAN_POINT('',(-3.429001087973E-1,1.970389120301E0,
5.794631727010E-1));
#594=CARTESIAN_POINT('',(-3.485228299247E-1,1.969401009895E0,
5.835020272027E-1));
#595=CARTESIAN_POINT('',(-3.529475770243E-1,1.968611892045E0,
5.884708171181E-1));
#596=CARTESIAN_POINT('',(-3.549630529632E-1,1.968248424915E0,
5.920079268084E-1));
#597=CARTESIAN_POINT('',(-3.557448326545E-1,1.968107114473E0,
5.938672947232E-1));
#599=DIRECTION('',(0.E0,0.E0,1.E0));
#600=VECTOR('',#599,1.822223430282E-2);
#601=CARTESIAN_POINT('',(-3.231454226661E-1,1.973721620647E0,
5.615186494256E-1));
#602=LINE('',#601,#600);
#603=CARTESIAN_POINT('',(-3.780210961478E-1,1.963950114149E0,
5.972108239531E-1));
#604=CARTESIAN_POINT('',(-3.760026465438E-1,1.964338625307E0,
5.921133834279E-1));
#605=CARTESIAN_POINT('',(-3.709417556531E-1,1.965307186635E0,
5.827755876026E-1));
#606=CARTESIAN_POINT('',(-3.600985495568E-1,1.967327356963E0,
5.701669953607E-1));
#607=CARTESIAN_POINT('',(-3.478193921970E-1,1.969537238776E0,
5.619350132478E-1));
#608=CARTESIAN_POINT('',(-3.351374453659E-1,1.971734067224E0,
5.589584334355E-1));
#609=CARTESIAN_POINT('',(-3.271708431387E-1,1.973062563065E0,
5.603156502047E-1));
#610=CARTESIAN_POINT('',(-3.231454226661E-1,1.973721620647E0,
5.615186494256E-1));
#612=CARTESIAN_POINT('',(-4.310160344372E-1,1.953004141844E0,
7.316206989845E-1));
#613=CARTESIAN_POINT('',(-4.251512440423E-1,1.954298465109E0,
7.167459624624E-1));
#614=CARTESIAN_POINT('',(-4.134059093039E-1,1.956835180740E0,
6.869565330311E-1));
#615=CARTESIAN_POINT('',(-3.957408396778E-1,1.960484055282E0,
6.421530125911E-1));
#616=CARTESIAN_POINT('',(-3.839328659515E-1,1.962812216763E0,
6.122047132977E-1));
#617=CARTESIAN_POINT('',(-3.780210961478E-1,1.963950114149E0,
5.972108239531E-1));
#619=CARTESIAN_POINT('',(-4.097846238299E-1,1.957569044012E0,
7.316206989845E-1));
#620=CARTESIAN_POINT('',(-4.133272913490E-1,1.956827445302E0,
7.316206989845E-1));
#621=CARTESIAN_POINT('',(-4.204085968611E-1,1.955325014721E0,
7.316206989845E-1));
#622=CARTESIAN_POINT('',(-4.274816346150E-1,1.953784162204E0,
7.316206989845E-1));
#623=CARTESIAN_POINT('',(-4.310160344372E-1,1.953004141844E0,
7.316206989845E-1));
#625=CARTESIAN_POINT('',(-3.778957138014E-1,1.963974243591E0,
6.436858802448E-1));
#626=CARTESIAN_POINT('',(-3.814472669952E-1,1.963290875806E0,
6.534794161814E-1));
#627=CARTESIAN_POINT('',(-3.885448245744E-1,1.961905227324E0,
6.730511870155E-1));
#628=CARTESIAN_POINT('',(-3.991744780738E-1,1.959770114064E0,
7.023628396525E-1));
#629=CARTESIAN_POINT('',(-4.062497699398E-1,1.958309007067E0,
7.218732119797E-1));
#630=CARTESIAN_POINT('',(-4.097846238299E-1,1.957569044012E0,
7.316206989845E-1));
#632=CARTESIAN_POINT('',(-3.751063164796E-1,1.964508908439E0,
6.342404101710E-1));
#633=CARTESIAN_POINT('',(-3.753123291338E-1,1.964469572070E0,
6.353116759746E-1));
#634=CARTESIAN_POINT('',(-3.758552257565E-1,1.964365840590E0,
6.374263220074E-1));
#635=CARTESIAN_POINT('',(-3.768749704074E-1,1.964170473069E0,
6.405454089488E-1));
#636=CARTESIAN_POINT('',(-3.775729114921E-1,1.964036355205E0,
6.426313927012E-1));
#637=CARTESIAN_POINT('',(-3.778957138014E-1,1.963974243591E0,
6.436858802448E-1));
#639=DIRECTION('',(0.E0,0.E0,1.E0));
#640=VECTOR('',#639,1.864017545589E-2);
#641=CARTESIAN_POINT('',(-5.410181460932E-1,1.925434851040E0,
6.148479406391E-1));
#642=LINE('',#641,#640);
#643=CARTESIAN_POINT('',(0.E0,0.E0,6.334881160950E-1));
#644=DIRECTION('',(0.E0,0.E0,1.E0));
#645=DIRECTION('',(-2.370946778077E-1,9.714865484170E-1,0.E0));
#646=AXIS2_PLACEMENT_3D('',#643,#644,#645);
#648=DIRECTION('',(0.E0,0.E0,1.E0));
#649=VECTOR('',#648,5.500105582689E-2);
#650=CARTESIAN_POINT('',(-4.741893556155E-1,1.942973096834E0,
6.334881160950E-1));
#651=LINE('',#650,#649);
#652=CARTESIAN_POINT('',(0.E0,0.E0,6.884891719219E-1));
#653=DIRECTION('',(0.E0,0.E0,1.E0));
#654=DIRECTION('',(-2.370946778077E-1,9.714865484170E-1,0.E0));
#655=AXIS2_PLACEMENT_3D('',#652,#653,#654);
#657=DIRECTION('',(0.E0,0.E0,1.E0));
#658=VECTOR('',#657,1.872376368606E-2);
#659=CARTESIAN_POINT('',(-5.326593230183E-1,1.927764001532E0,
6.884891719219E-1));
#660=LINE('',#659,#658);
#661=CARTESIAN_POINT('',(0.E0,0.E0,7.072129356080E-1));
#662=DIRECTION('',(0.E0,0.E0,1.E0));
#663=DIRECTION('',(-2.370946778077E-1,9.714865484170E-1,0.E0));
#664=AXIS2_PLACEMENT_3D('',#661,#662,#663);
#666=DIRECTION('',(0.E0,0.E0,1.E0));
#667=VECTOR('',#666,5.232623244476E-2);
#668=CARTESIAN_POINT('',(-4.741893556155E-1,1.942973096834E0,
7.072129356080E-1));
#669=LINE('',#668,#667);
#670=CARTESIAN_POINT('',(0.E0,0.E0,7.595391680527E-1));
#671=DIRECTION('',(0.E0,0.E0,1.E0));
#672=DIRECTION('',(-2.370946778077E-1,9.714865484170E-1,0.E0));
#673=AXIS2_PLACEMENT_3D('',#670,#671,#672);
#675=DIRECTION('',(0.E0,0.E0,1.E0));
#676=VECTOR('',#675,1.880735191623E-2);
#677=CARTESIAN_POINT('',(-5.372984698245E-1,1.926476149430E0,
7.595391680527E-1));
#678=LINE('',#677,#676);
#679=CARTESIAN_POINT('',(0.E0,0.E0,7.783465199689E-1));
#680=DIRECTION('',(0.E0,0.E0,1.E0));
#681=DIRECTION('',(-2.265416636767E-1,9.740014756758E-1,0.E0));
#682=AXIS2_PLACEMENT_3D('',#679,#680,#681);
#684=DIRECTION('',(0.E0,0.E0,1.E0));
#685=VECTOR('',#684,1.634985793298E-1);
#686=CARTESIAN_POINT('',(-4.530833273534E-1,1.948002951352E0,
6.148479406391E-1));
#687=LINE('',#686,#685);
#688=CARTESIAN_POINT('',(0.E0,0.E0,6.148479406391E-1));
#689=DIRECTION('',(0.E0,0.E0,1.E0));
#690=DIRECTION('',(-2.265416636767E-1,9.740014756758E-1,0.E0));
#691=AXIS2_PLACEMENT_3D('',#688,#689,#690);
#693=CARTESIAN_POINT('',(-6.177103477976E-1,1.902218159472E0,
7.595391680527E-1));
#694=CARTESIAN_POINT('',(-6.136022007641E-1,1.903552204634E0,
7.595391680527E-1));
#695=CARTESIAN_POINT('',(-6.053772184353E-1,1.906193692850E0,
7.595391680527E-1));
#696=CARTESIAN_POINT('',(-5.971352042849E-1,1.908781864218E0,
7.595391680527E-1));
#697=CARTESIAN_POINT('',(-5.930100256134E-1,1.910062593090E0,
7.595391680527E-1));
#699=CARTESIAN_POINT('',(-6.167490831438E-1,1.902530044031E0,
6.334881160950E-1));
#700=CARTESIAN_POINT('',(-6.245838458227E-1,1.899990224640E0,
6.334881160950E-1));
#701=CARTESIAN_POINT('',(-6.390157550606E-1,1.895206419410E0,
6.355388697613E-1));
#702=CARTESIAN_POINT('',(-6.573379780137E-1,1.888916434469E0,
6.430628926073E-1));
#703=CARTESIAN_POINT('',(-6.713523033104E-1,1.883968227768E0,
6.553838439053E-1));
#704=CARTESIAN_POINT('',(-6.805795966565E-1,1.880644814972E0,
6.739141756332E-1));
#705=CARTESIAN_POINT('',(-6.838667045036E-1,1.879447762961E0,
6.966118669342E-1));
#706=CARTESIAN_POINT('',(-6.809280716142E-1,1.880517987984E0,
7.191228629753E-1));
#707=CARTESIAN_POINT('',(-6.722133588565E-1,1.883660584167E0,
7.379196145777E-1));
#708=CARTESIAN_POINT('',(-6.582316240158E-1,1.888604986784E0,
7.505446634625E-1));
#709=CARTESIAN_POINT('',(-6.400604867091E-1,1.894853522350E0,
7.576519230969E-1));
#710=CARTESIAN_POINT('',(-6.255840783807E-1,1.899661310336E0,
7.595391680527E-1));
#711=CARTESIAN_POINT('',(-6.177103477976E-1,1.902218159472E0,
7.595391680527E-1));
#713=CARTESIAN_POINT('',(-5.930100256139E-1,1.910062593090E0,
6.334881160950E-1));
#714=CARTESIAN_POINT('',(-5.969743010420E-1,1.908831819250E0,
6.334881160950E-1));
#715=CARTESIAN_POINT('',(-6.048951883913E-1,1.906345588355E0,
6.334881160950E-1));
#716=CARTESIAN_POINT('',(-6.128004416524E-1,1.903810087428E0,
6.334881160950E-1));
#717=CARTESIAN_POINT('',(-6.167490831438E-1,1.902530044031E0,
6.334881160950E-1));
#719=DIRECTION('',(-4.388889458506E-12,-1.359912768198E-12,-1.E0));
#720=VECTOR('',#719,1.260510519577E-1);
#721=CARTESIAN_POINT('',(-5.930100256134E-1,1.910062593090E0,
7.595391680527E-1));
#722=LINE('',#721,#720);
#723=CARTESIAN_POINT('',(-6.168744654913E-1,1.902489393880E0,
6.148479406391E-1));
#724=CARTESIAN_POINT('',(-6.094073459013E-1,1.904910577105E0,
6.148479406391E-1));
#725=CARTESIAN_POINT('',(-5.944444574975E-1,1.909665064394E0,
6.148479406391E-1));
#726=CARTESIAN_POINT('',(-5.794263420366E-1,1.914243124261E0,
6.148479406391E-1));
#727=CARTESIAN_POINT('',(-5.719039973525E-1,1.916487886164E0,
6.148479406391E-1));
#729=CARTESIAN_POINT('',(-6.185462301054E-1,1.901946519023E0,
7.783465199689E-1));
#730=CARTESIAN_POINT('',(-6.279858682798E-1,1.898876583802E0,
7.783465199689E-1));
#731=CARTESIAN_POINT('',(-6.454115111390E-1,1.893057495368E0,
7.759717149015E-1));
#732=CARTESIAN_POINT('',(-6.679508099540E-1,1.885202423769E0,
7.670039999312E-1));
#733=CARTESIAN_POINT('',(-6.848541911079E-1,1.879109614224E0,
7.538059160138E-1));
#734=CARTESIAN_POINT('',(-6.973948111721E-1,1.874481048355E0,
7.355613248822E-1));
#735=CARTESIAN_POINT('',(-7.048836876856E-1,1.871668712265E0,
7.122131208432E-1));
#736=CARTESIAN_POINT('',(-7.056719526805E-1,1.871369929352E0,
6.885358861528E-1));
#737=CARTESIAN_POINT('',(-6.997267551094E-1,1.873610648673E0,
6.639642041156E-1));
#738=CARTESIAN_POINT('',(-6.863594064565E-1,1.878565426674E0,
6.419015207336E-1));
#739=CARTESIAN_POINT('',(-6.675497021348E-1,1.885351800610E0,
6.267399165460E-1));
#740=CARTESIAN_POINT('',(-6.437580636608E-1,1.893624043508E0,
6.172196296624E-1));
#741=CARTESIAN_POINT('',(-6.262132755107E-1,1.899461322629E0,
6.148479406391E-1));
#742=CARTESIAN_POINT('',(-6.168744654913E-1,1.902489393880E0,
6.148479406391E-1));
#744=CARTESIAN_POINT('',(-5.719039973519E-1,1.916487886164E0,
7.783465199689E-1));
#745=CARTESIAN_POINT('',(-5.797069568913E-1,1.914159385272E0,
7.783465199689E-1));
#746=CARTESIAN_POINT('',(-5.952843959010E-1,1.909407084744E0,
7.783465199689E-1));
#747=CARTESIAN_POINT('',(-6.108025516257E-1,1.904464898526E0,
7.783465199689E-1));
#748=CARTESIAN_POINT('',(-6.185462301054E-1,1.901946519023E0,
7.783465199689E-1));
#750=DIRECTION('',(3.395206946678E-12,1.014487835667E-12,1.E0));
#751=VECTOR('',#750,1.634985793298E-1);
#752=CARTESIAN_POINT('',(-5.719039973525E-1,1.916487886164E0,
6.148479406391E-1));
#753=LINE('',#752,#751);
#754=CARTESIAN_POINT('',(-7.899856913550E-1,1.837368391873E0,
7.459978746728E-1));
#755=CARTESIAN_POINT('',(-7.893684263879E-1,1.837633788020E0,
7.477522066859E-1));
#756=CARTESIAN_POINT('',(-7.883096747022E-1,1.838088292257E0,
7.514275414649E-1));
#757=CARTESIAN_POINT('',(-7.875313789123E-1,1.838421733494E0,
7.553956051170E-1));
#758=CARTESIAN_POINT('',(-7.871838030846E-1,1.838570548051E0,
7.574494622829E-1));
#760=CARTESIAN_POINT('',(-8.146860135405E-1,1.826550491868E0,
6.780406430794E-1));
#761=CARTESIAN_POINT('',(-8.119531773186E-1,1.827769403393E0,
6.855594107554E-1));
#762=CARTESIAN_POINT('',(-8.064797363677E-1,1.830195984812E0,
7.006183193609E-1));
#763=CARTESIAN_POINT('',(-7.982462720531E-1,1.833802018588E0,
7.232707947836E-1));
#764=CARTESIAN_POINT('',(-7.927418005170E-1,1.836183389012E0,
7.384150768771E-1));
#765=CARTESIAN_POINT('',(-7.899856913550E-1,1.837368391873E0,
7.459978746728E-1));
#767=CARTESIAN_POINT('',(-7.598103400588E-1,1.850050876906E0,
6.780406430794E-1));
#768=CARTESIAN_POINT('',(-7.659461890623E-1,1.847530902144E0,
6.780406430794E-1));
#769=CARTESIAN_POINT('',(-7.781927893094E-1,1.842429911638E0,
6.780406430794E-1));
#770=CARTESIAN_POINT('',(-7.964854683335E-1,1.834596112260E0,
6.780406430794E-1));
#771=CARTESIAN_POINT('',(-8.086281222423E-1,1.829252458955E0,
6.780406430794E-1));
#772=CARTESIAN_POINT('',(-8.146860135405E-1,1.826550491868E0,
6.780406430794E-1));
#774=CARTESIAN_POINT('',(-7.842598975488E-1,1.839819668635E0,
7.459978746728E-1));
#775=CARTESIAN_POINT('',(-7.815540391317E-1,1.840973094855E0,
7.384769758922E-1));
#776=CARTESIAN_POINT('',(-7.761351439800E-1,1.843268899249E0,
7.234152262897E-1));
#777=CARTESIAN_POINT('',(-7.679852691271E-1,1.846679361495E0,
7.007627536198E-1));
#778=CARTESIAN_POINT('',(-7.625377022636E-1,1.848930757438E0,
6.856213113620E-1));
#779=CARTESIAN_POINT('',(-7.598103400588E-1,1.850050876906E0,
6.780406430794E-1));
#781=CARTESIAN_POINT('',(-7.871838030846E-1,1.838570548051E0,
7.574494622829E-1));
#782=CARTESIAN_POINT('',(-7.868594216789E-1,1.838709431919E0,
7.554348830268E-1));
#783=CARTESIAN_POINT('',(-7.860714455979E-1,1.839046619149E0,
7.515087045391E-1));
#784=CARTESIAN_POINT('',(-7.849332085001E-1,1.839532656388E0,
7.477933705390E-1));
#785=CARTESIAN_POINT('',(-7.842598975488E-1,1.839819668635E0,
7.459978746728E-1));
#787=CARTESIAN_POINT('',(-7.989296320460E-1,1.833497052912E0,
7.783465199689E-1));
#788=CARTESIAN_POINT('',(-8.197113962931E-1,1.824441588527E0,
7.237839282013E-1));
#789=CARTESIAN_POINT('',(-8.404694615703E-1,1.814976255298E0,
6.692835581587E-1));
#790=CARTESIAN_POINT('',(-8.612028639489E-1,1.805084382273E0,
6.148479406391E-1));
#792=CARTESIAN_POINT('',(0.E0,0.E0,7.783465199689E-1));
#793=DIRECTION('',(0.E0,0.E0,1.E0));
#794=DIRECTION('',(-3.881804048730E-1,9.215834054890E-1,0.E0));
#795=AXIS2_PLACEMENT_3D('',#792,#793,#794);
#797=CARTESIAN_POINT('',(-7.140875778437E-1,1.868175294551E0,
6.148479406391E-1));
#798=CARTESIAN_POINT('',(-7.348653782180E-1,1.860233229807E0,
6.694001252460E-1));
#799=CARTESIAN_POINT('',(-7.556233548420E-1,1.851901640178E0,
7.239002625298E-1));
#800=CARTESIAN_POINT('',(-7.763608097460E-1,1.843166810978E0,
7.783465199689E-1));
#802=CARTESIAN_POINT('',(0.E0,0.E0,6.148479406391E-1));
#803=DIRECTION('',(0.E0,0.E0,1.E0));
#804=DIRECTION('',(-3.570437889218E-1,9.340876472753E-1,0.E0));
#805=AXIS2_PLACEMENT_3D('',#802,#803,#804);
#807=CARTESIAN_POINT('',(-7.374086942197E-1,1.859093439741E0,
6.148479406391E-1));
#808=CARTESIAN_POINT('',(-7.426480051773E-1,1.857015269075E0,
6.297576819252E-1));
#809=CARTESIAN_POINT('',(-7.478862042923E-1,1.854911907371E0,
6.446642591913E-1));
#810=CARTESIAN_POINT('',(-7.531232816017E-1,1.852783128893E0,
6.595676440850E-1));
#812=CARTESIAN_POINT('',(0.E0,0.E0,6.595676440850E-1));
#813=DIRECTION('',(0.E0,0.E0,1.E0));
#814=DIRECTION('',(-3.765616408009E-1,9.263915644464E-1,0.E0));
#815=AXIS2_PLACEMENT_3D('',#812,#813,#814);
#817=CARTESIAN_POINT('',(-8.212058955403E-1,1.823628492081E0,
6.595676440850E-1));
#818=CARTESIAN_POINT('',(-8.267661792981E-1,1.821124617074E0,
6.446566074412E-1));
#819=CARTESIAN_POINT('',(-8.323248026127E-1,1.818590903980E0,
6.297500236151E-1));
#820=CARTESIAN_POINT('',(-8.378817475729E-1,1.816027030934E0,
6.148479406391E-1));
#822=CARTESIAN_POINT('',(0.E0,0.E0,6.148479406391E-1));
#823=DIRECTION('',(0.E0,0.E0,1.E0));
#824=DIRECTION('',(-4.189408737865E-1,9.080135154672E-1,0.E0));
#825=AXIS2_PLACEMENT_3D('',#822,#823,#824);
#827=CARTESIAN_POINT('',(6.602098072107E-1,1.887888505835E0,9.851050218436E-1));
#828=CARTESIAN_POINT('',(6.474933613288E-1,1.892335549322E0,1.001734228198E0));
#829=CARTESIAN_POINT('',(6.200313333467E-1,1.901659284406E0,1.030845941910E0));
#830=CARTESIAN_POINT('',(5.713439399880E-1,1.916907602436E0,1.061305557390E0));
#831=CARTESIAN_POINT('',(5.169889639125E-1,1.932327810686E0,1.079245680212E0));
#832=CARTESIAN_POINT('',(4.600278142948E-1,1.946631035945E0,1.083402945719E0));
#833=CARTESIAN_POINT('',(4.122865096094E-1,1.957213184776E0,1.075661944505E0));
#834=CARTESIAN_POINT('',(3.703520709012E-1,1.965553282811E0,1.060874965548E0));
#835=CARTESIAN_POINT('',(3.314614236193E-1,1.972464109637E0,1.038818048552E0));
#836=CARTESIAN_POINT('',(2.960246204186E-1,1.978061872623E0,1.008409313250E0));
#837=CARTESIAN_POINT('',(2.673510463758E-1,1.982100462867E0,9.710034476245E-1));
#838=CARTESIAN_POINT('',(2.539900418643E-1,1.983813874035E0,9.437354792492E-1));
#839=CARTESIAN_POINT('',(2.486996167473E-1,1.984476883370E0,9.293070270979E-1));
#841=CARTESIAN_POINT('',(7.334446967946E-1,1.860660870966E0,6.166058260807E-1));
#842=CARTESIAN_POINT('',(7.483507481029E-1,1.854785128399E0,6.204525460403E-1));
#843=CARTESIAN_POINT('',(7.763199261778E-1,1.843356786148E0,6.314598880766E-1));
#844=CARTESIAN_POINT('',(8.144227105234E-1,1.826798925663E0,6.577751897165E-1));
#845=CARTESIAN_POINT('',(8.444791714398E-1,1.813038889399E0,6.924150758488E-1));
#846=CARTESIAN_POINT('',(8.649966391666E-1,1.803294926884E0,7.331841844751E-1));
#847=CARTESIAN_POINT('',(8.753504454205E-1,1.798267737689E0,7.750077781772E-1));
#848=CARTESIAN_POINT('',(8.759039341900E-1,1.797996818619E0,8.187248001075E-1));
#849=CARTESIAN_POINT('',(8.663430096780E-1,1.802646890560E0,8.610666572568E-1));
#850=CARTESIAN_POINT('',(8.466919881606E-1,1.811997324159E0,9.016777841052E-1));
#851=CARTESIAN_POINT('',(8.195115055019E-1,1.824496055629E0,9.350968222726E-1));
#852=CARTESIAN_POINT('',(7.848016340488E-1,1.839740846240E0,9.618406858632E-1));
#853=CARTESIAN_POINT('',(7.448920075335E-1,1.856289311299E0,9.801882610106E-1));
#854=CARTESIAN_POINT('',(7.024475032960E-1,1.872765235867E0,9.890598322738E-1));
#855=CARTESIAN_POINT('',(6.744492938737E-1,1.882908842727E0,9.868849661627E-1));
#856=CARTESIAN_POINT('',(6.602098072107E-1,1.887888505835E0,9.851050218436E-1));
#858=CARTESIAN_POINT('',(5.067653410604E-1,1.934732252561E0,6.654290784121E-1));
#859=CARTESIAN_POINT('',(5.067653410604E-1,1.934732252561E0,6.603499972403E-1));
#860=CARTESIAN_POINT('',(5.063605862574E-1,1.934838222951E0,6.495964249885E-1));
#861=CARTESIAN_POINT('',(5.099324193413E-1,1.933902722504E0,6.307949655136E-1));
#862=CARTESIAN_POINT('',(5.176844708306E-1,1.931847400075E0,6.112097647320E-1));
#863=CARTESIAN_POINT('',(5.291960093830E-1,1.928734921390E0,5.922330564149E-1));
#864=CARTESIAN_POINT('',(5.453529841216E-1,1.924242915013E0,5.733159157588E-1));
#865=CARTESIAN_POINT('',(5.662171650953E-1,1.918227634941E0,5.561022821863E-1));
#866=CARTESIAN_POINT('',(5.919782401298E-1,1.910454287277E0,5.425846924897E-1));
#867=CARTESIAN_POINT('',(6.202331426450E-1,1.901477879071E0,5.361314537885E-1));
#868=CARTESIAN_POINT('',(6.493970570665E-1,1.891720106771E0,5.390046663890E-1));
#869=CARTESIAN_POINT('',(6.782681848052E-1,1.881552978689E0,5.506812629743E-1));
#870=CARTESIAN_POINT('',(7.039216535824E-1,1.872083947303E0,5.694677268617E-1));
#871=CARTESIAN_POINT('',(7.237786640932E-1,1.864465883486E0,5.935268421950E-1));
#872=CARTESIAN_POINT('',(7.309274345075E-1,1.861653138124E0,6.088604047954E-1));
#873=CARTESIAN_POINT('',(7.334446967946E-1,1.860660870966E0,6.166058260807E-1));
#875=CARTESIAN_POINT('',(3.440211961856E-1,1.970190198071E0,7.514509791252E-1));
#876=CARTESIAN_POINT('',(3.622995745748E-1,1.966998552105E0,7.417895510462E-1));
#877=CARTESIAN_POINT('',(3.987367175110E-1,1.960111986858E0,7.225299193443E-1));
#878=CARTESIAN_POINT('',(4.530131205184E-1,1.948282802874E0,6.938409649480E-1));
#879=CARTESIAN_POINT('',(4.888997198258E-1,1.939411803246E0,6.748723348635E-1));
#880=CARTESIAN_POINT('',(5.067653410604E-1,1.934732252561E0,6.654290784121E-1));
#882=CARTESIAN_POINT('',(3.800573819565E-1,1.963557074908E0,8.130612758452E-1));
#883=CARTESIAN_POINT('',(3.760626820922E-1,1.964330271262E0,8.062316228540E-1));
#884=CARTESIAN_POINT('',(3.680670302922E-1,1.965852580244E0,7.925616278383E-1));
#885=CARTESIAN_POINT('',(3.560548551584E-1,1.968063690033E0,7.720246687121E-1));
#886=CARTESIAN_POINT('',(3.480344563407E-1,1.969489429911E0,7.583123642491E-1));
#887=CARTESIAN_POINT('',(3.440211961856E-1,1.970190198071E0,7.514509791252E-1));
#889=CARTESIAN_POINT('',(5.358267733302E-1,1.926886003110E0,7.316892034086E-1));
#890=CARTESIAN_POINT('',(5.187336258959E-1,1.931639250589E0,7.406184597851E-1));
#891=CARTESIAN_POINT('',(4.843949421178E-1,1.940698085498E0,7.585565786872E-1));
#892=CARTESIAN_POINT('',(4.324521371531E-1,1.952930062413E0,7.856908805604E-1));
#893=CARTESIAN_POINT('',(3.975631448871E-1,1.960168737225E0,8.039164740540E-1));
#894=CARTESIAN_POINT('',(3.800573819565E-1,1.963557074908E0,8.130612758452E-1));
#896=CARTESIAN_POINT('',(7.322822009238E-1,1.861118689985E0,6.944905328543E-1));
#897=CARTESIAN_POINT('',(7.297771252790E-1,1.862104345718E0,7.012900277904E-1));
#898=CARTESIAN_POINT('',(7.233280501774E-1,1.864630951281E0,7.139502178339E-1));
#899=CARTESIAN_POINT('',(7.099482183177E-1,1.869774133892E0,7.309806083799E-1));
#900=CARTESIAN_POINT('',(6.944191672215E-1,1.875601921646E0,7.449951594633E-1));
#901=CARTESIAN_POINT('',(6.774782466327E-1,1.881791517174E0,7.561670077732E-1));
#902=CARTESIAN_POINT('',(6.590203632017E-1,1.888342066822E0,7.647261614890E-1));
#903=CARTESIAN_POINT('',(6.377474398062E-1,1.895646536862E0,7.706537290595E-1));
#904=CARTESIAN_POINT('',(6.124851480726E-1,1.903979693359E0,7.721242449929E-1));
#905=CARTESIAN_POINT('',(5.837056781122E-1,1.913007689367E0,7.660040982100E-1));
#906=CARTESIAN_POINT('',(5.560935732468E-1,1.921192100050E0,7.515971965938E-1));
#907=CARTESIAN_POINT('',(5.420570794823E-1,1.925153485028E0,7.389578983205E-1));
#908=CARTESIAN_POINT('',(5.358267733302E-1,1.926886003110E0,7.316892034086E-1));
#910=CARTESIAN_POINT('',(6.241735992690E-1,1.900107185918E0,9.002456391709E-1));
#911=CARTESIAN_POINT('',(6.341798428520E-1,1.896820196047E0,9.062493827767E-1));
#912=CARTESIAN_POINT('',(6.540707054865E-1,1.890109560917E0,9.149468358019E-1));
#913=CARTESIAN_POINT('',(6.828919065781E-1,1.879882736247E0,9.192590349051E-1));
#914=CARTESIAN_POINT('',(7.108989492877E-1,1.869472150002E0,9.145445315413E-1));
#915=CARTESIAN_POINT('',(7.389708416226E-1,1.858549958976E0,9.015823390681E-1));
#916=CARTESIAN_POINT('',(7.641941838929E-1,1.848298569082E0,8.817455919834E-1));
#917=CARTESIAN_POINT('',(7.838840168974E-1,1.840008307120E0,8.578976604947E-1));
#918=CARTESIAN_POINT('',(7.970254221570E-1,1.834334825229E0,8.321229693235E-1));
#919=CARTESIAN_POINT('',(8.030656181100E-1,1.831688900972E0,8.057711018339E-1));
#920=CARTESIAN_POINT('',(8.012830164743E-1,1.832471664653E0,7.805741667327E-1));
#921=CARTESIAN_POINT('',(7.944332642100E-1,1.835457493710E0,7.590654550314E-1));
#922=CARTESIAN_POINT('',(7.841704375604E-1,1.839873511766E0,7.396859084461E-1));
#923=CARTESIAN_POINT('',(7.697661434657E-1,1.845959487722E0,7.211092994854E-1));
#924=CARTESIAN_POINT('',(7.518120814076E-1,1.853352242633E0,7.051541160544E-1));
#925=CARTESIAN_POINT('',(7.390298682119E-1,1.858463729460E0,6.975751814928E-1));
#926=CARTESIAN_POINT('',(7.322822009238E-1,1.861118689985E0,6.944905328543E-1));
#928=CARTESIAN_POINT('',(3.056600851912E-1,1.976504974019E0,8.665342899368E-1));
#929=CARTESIAN_POINT('',(3.067550162653E-1,1.976335646479E0,8.761149459712E-1));
#930=CARTESIAN_POINT('',(3.112296223828E-1,1.975643461444E0,8.945809450893E-1));
#931=CARTESIAN_POINT('',(3.236096326511E-1,1.973663857226E0,9.209360693169E-1));
#932=CARTESIAN_POINT('',(3.399823793956E-1,1.970919121572E0,9.443691496381E-1));
#933=CARTESIAN_POINT('',(3.593892910956E-1,1.967482842630E0,9.649304252139E-1));
#934=CARTESIAN_POINT('',(3.819299381071E-1,1.963245896738E0,9.829267873086E-1));
#935=CARTESIAN_POINT('',(4.083589822865E-1,1.957938663743E0,9.981708495360E-1));
#936=CARTESIAN_POINT('',(4.391096656429E-1,1.951298859527E0,1.009315468291E0));
#937=CARTESIAN_POINT('',(4.747902389815E-1,1.942957295516E0,1.013651164440E0));
#938=CARTESIAN_POINT('',(5.139014345943E-1,1.932991148006E0,1.006862198845E0));
#939=CARTESIAN_POINT('',(5.516298795734E-1,1.922539757891E0,9.894032070411E-1));
#940=CARTESIAN_POINT('',(5.843114159618E-1,1.912825894013E0,9.641176715896E-1));
#941=CARTESIAN_POINT('',(6.104024101171E-1,1.904617094350E0,9.321453718667E-1));
#942=CARTESIAN_POINT('',(6.205054018690E-1,1.901312166348E0,9.110571710631E-1));
#943=CARTESIAN_POINT('',(6.241735992690E-1,1.900107185918E0,9.002456391709E-1));
#945=CARTESIAN_POINT('',(2.893856973100E-1,1.978953238E0,6.851908319573E-1));
#946=CARTESIAN_POINT('',(2.823793930225E-1,1.979977781791E0,6.857034867787E-1));
#947=CARTESIAN_POINT('',(2.684832624255E-1,1.981937175060E0,6.889778863265E-1));
#948=CARTESIAN_POINT('',(2.467327687941E-1,1.984759496342E0,7.010108486084E-1));
#949=CARTESIAN_POINT('',(2.278174896268E-1,1.987006337153E0,7.185680156804E-1));
#950=CARTESIAN_POINT('',(2.134663108050E-1,1.988585574488E0,7.399807384337E-1));
#951=CARTESIAN_POINT('',(2.058547135198E-1,1.989378389021E0,7.622328751087E-1));
#952=CARTESIAN_POINT('',(2.051873620359E-1,1.989446765526E0,7.824321913195E-1));
#953=CARTESIAN_POINT('',(2.095643155888E-1,1.988993373884E0,7.998459777120E-1));
#954=CARTESIAN_POINT('',(2.166214679504E-1,1.988239422495E0,8.145936377867E-1));
#955=CARTESIAN_POINT('',(2.249483997257E-1,1.987315580666E0,8.266611994434E-1));
#956=CARTESIAN_POINT('',(2.335996256242E-1,1.986317287770E0,8.363440533783E-1));
#957=CARTESIAN_POINT('',(2.420653193266E-1,1.985302823742E0,8.440067889435E-1));
#958=CARTESIAN_POINT('',(2.500891596159E-1,1.984307590409E0,8.500287955766E-1));
#959=CARTESIAN_POINT('',(2.579639212446E-1,1.983299091870E0,8.549510314333E-1));
#960=CARTESIAN_POINT('',(2.656975669387E-1,1.982277677333E0,8.589164718454E-1));
#961=CARTESIAN_POINT('',(2.733863129802E-1,1.981232032143E0,8.620624808552E-1));
#962=CARTESIAN_POINT('',(2.812478567993E-1,1.980131589116E0,8.644663901972E-1));
#963=CARTESIAN_POINT('',(2.892841028623E-1,1.978973806993E0,8.660680689019E-1));
#964=CARTESIAN_POINT('',(2.974991320900E-1,1.977755597140E0,8.667212504887E-1));
#965=CARTESIAN_POINT('',(3.029340740765E-1,1.976926542798E0,8.665342899368E-1));
#966=CARTESIAN_POINT('',(3.056600851912E-1,1.976504974019E0,8.665342899368E-1));
#968=CARTESIAN_POINT('',(3.416963153054E-1,1.970594739693E0,6.851908319573E-1));
#969=CARTESIAN_POINT('',(3.329968506026E-1,1.972103205627E0,6.851908319573E-1));
#970=CARTESIAN_POINT('',(3.155779309318E-1,1.975004922894E0,6.851908319573E-1));
#971=CARTESIAN_POINT('',(2.981220858247E-1,1.977675701051E0,6.851908319573E-1));
#972=CARTESIAN_POINT('',(2.893856973100E-1,1.978953238E0,6.851908319573E-1));
#974=CARTESIAN_POINT('',(3.509959275142E-1,1.968959587922E0,6.142809008556E-1));
#975=CARTESIAN_POINT('',(3.545872856137E-1,1.968319375662E0,6.145053569908E-1));
#976=CARTESIAN_POINT('',(3.616031153892E-1,1.967049698887E0,6.163191810909E-1));
#977=CARTESIAN_POINT('',(3.725688819883E-1,1.965000882653E0,6.234731310508E-1));
#978=CARTESIAN_POINT('',(3.811496180873E-1,1.963349002133E0,6.340423318695E-1));
#979=CARTESIAN_POINT('',(3.855104685218E-1,1.962493650578E0,6.470195611292E-1));
#980=CARTESIAN_POINT('',(3.839794963522E-1,1.962794687661E0,6.588931507805E-1));
#981=CARTESIAN_POINT('',(3.794529930787E-1,1.963676390710E0,6.685185629852E-1));
#982=CARTESIAN_POINT('',(3.737877907518E-1,1.964763497782E0,6.758476695556E-1));
#983=CARTESIAN_POINT('',(3.672548336249E-1,1.965995939112E0,6.815102962631E-1));
#984=CARTESIAN_POINT('',(3.602687408937E-1,1.967288381864E0,6.852477857470E-1));
#985=CARTESIAN_POINT('',(3.533609253903E-1,1.968540347209E0,6.868923035440E-1));
#986=CARTESIAN_POINT('',(3.471622982024E-1,1.969642064284E0,6.862511214593E-1));
#987=CARTESIAN_POINT('',(3.434933461620E-1,1.970283138931E0,6.851908319573E-1));
#988=CARTESIAN_POINT('',(3.416963153054E-1,1.970594739693E0,6.851908319573E-1));
#990=CARTESIAN_POINT('',(2.893856529662E-1,1.978953244485E0,6.142809008556E-1));
#991=CARTESIAN_POINT('',(2.962480331782E-1,1.977949747114E0,6.142809008556E-1));
#992=CARTESIAN_POINT('',(3.099623374241E-1,1.975871364145E0,6.142809008556E-1));
#993=CARTESIAN_POINT('',(3.305000675483E-1,1.972539987896E0,6.142809008556E-1));
#994=CARTESIAN_POINT('',(3.441681857994E-1,1.970176733033E0,6.142809008556E-1));
#995=CARTESIAN_POINT('',(3.509959275142E-1,1.968959587922E0,6.142809008556E-1));
#997=CARTESIAN_POINT('',(2.858982873021E-1,1.979460070150E0,6.142809008556E-1));
#998=CARTESIAN_POINT('',(2.864795890564E-1,1.979376111308E0,6.142809008556E-1));
#999=CARTESIAN_POINT('',(2.876421187221E-1,1.979207681478E0,6.142809008556E-1));
#1000=CARTESIAN_POINT('',(2.888044997999E-1,1.979038227487E0,
6.142809008556E-1));
#1001=CARTESIAN_POINT('',(2.893856529662E-1,1.978953244485E0,
6.142809008556E-1));
#1003=CARTESIAN_POINT('',(2.824109216375E-1,1.979960623684E0,
6.142809008556E-1));
#1004=CARTESIAN_POINT('',(2.829922224524E-1,1.979877710066E0,
6.142809008556E-1));
#1005=CARTESIAN_POINT('',(2.841547511786E-1,1.979711370816E0,
6.142809008556E-1));
#1006=CARTESIAN_POINT('',(2.853171331961E-1,1.979544007667E0,
6.142809008556E-1));
#1007=CARTESIAN_POINT('',(2.858982873021E-1,1.979460070150E0,
6.142809008556E-1));
#1009=CARTESIAN_POINT('',(2.486996167473E-1,1.984476883370E0,
9.293070270979E-1));
#1010=CARTESIAN_POINT('',(2.379360617706E-1,1.985825799056E0,
9.259080093575E-1));
#1011=CARTESIAN_POINT('',(2.168854622776E-1,1.988293676774E0,
9.162346130724E-1));
#1012=CARTESIAN_POINT('',(1.850050040663E-1,1.991499027257E0,
8.907957333228E-1));
#1013=CARTESIAN_POINT('',(1.590516938803E-1,1.993707518740E0,
8.581576288136E-1));
#1014=CARTESIAN_POINT('',(1.402370065226E-1,1.995092896512E0,
8.198969006809E-1));
#1015=CARTESIAN_POINT('',(1.317212779856E-1,1.995656537307E0,
7.787139299232E-1));
#1016=CARTESIAN_POINT('',(1.353062335178E-1,1.995422093490E0,
7.411175597621E-1));
#1017=CARTESIAN_POINT('',(1.463029002646E-1,1.994657047135E0,
7.095652898947E-1));
#1018=CARTESIAN_POINT('',(1.618025611176E-1,1.993468705604E0,
6.832929330464E-1));
#1019=CARTESIAN_POINT('',(1.803500155853E-1,1.991885788081E0,
6.616497489334E-1));
#1020=CARTESIAN_POINT('',(2.020941597383E-1,1.989809490097E0,
6.434899629867E-1));
#1021=CARTESIAN_POINT('',(2.270688832189E-1,1.987127430425E0,
6.287961093997E-1));
#1022=CARTESIAN_POINT('',(2.543762780252E-1,1.983822728124E0,
6.185119703060E-1));
#1023=CARTESIAN_POINT('',(2.729371371937E-1,1.981311913283E0,
6.150929374571E-1));
#1024=CARTESIAN_POINT('',(2.824109216375E-1,1.979960623684E0,
6.142809008556E-1));
#1026=CARTESIAN_POINT('',(1.85E0,0.E0,1.35E0));
#1027=DIRECTION('',(0.E0,1.E0,0.E0));
#1028=DIRECTION('',(0.E0,0.E0,1.E0));
#1029=AXIS2_PLACEMENT_3D('',#1026,#1027,#1028);
#1031=CARTESIAN_POINT('',(0.E0,0.E0,1.5E0));
#1032=DIRECTION('',(0.E0,0.E0,1.E0));
#1033=DIRECTION('',(-1.E0,0.E0,0.E0));
#1034=AXIS2_PLACEMENT_3D('',#1031,#1032,#1033);
#1036=CARTESIAN_POINT('',(0.E0,0.E0,1.5E0));
#1037=DIRECTION('',(0.E0,0.E0,1.E0));
#1038=DIRECTION('',(1.E0,0.E0,0.E0));
#1039=AXIS2_PLACEMENT_3D('',#1036,#1037,#1038);
#1041=CARTESIAN_POINT('',(0.E0,0.E0,1.5E0));
#1042=DIRECTION('',(0.E0,0.E0,1.E0));
#1043=DIRECTION('',(1.E0,0.E0,0.E0));
#1044=AXIS2_PLACEMENT_3D('',#1041,#1042,#1043);
#1046=CARTESIAN_POINT('',(0.E0,0.E0,1.5E0));
#1047=DIRECTION('',(0.E0,0.E0,1.E0));
#1048=DIRECTION('',(-1.E0,0.E0,0.E0));
#1049=AXIS2_PLACEMENT_3D('',#1046,#1047,#1048);
#1051=CARTESIAN_POINT('',(-1.85E0,0.E0,1.35E0));
#1052=DIRECTION('',(0.E0,-1.E0,0.E0));
#1053=DIRECTION('',(0.E0,0.E0,1.E0));
#1054=AXIS2_PLACEMENT_3D('',#1051,#1052,#1053);
#1056=CARTESIAN_POINT('',(0.E0,0.E0,1.35E0));
#1057=DIRECTION('',(0.E0,0.E0,1.E0));
#1058=DIRECTION('',(-1.E0,0.E0,0.E0));
#1059=AXIS2_PLACEMENT_3D('',#1056,#1057,#1058);
#1061=CARTESIAN_POINT('',(0.E0,0.E0,1.5E-1));
#1062=DIRECTION('',(0.E0,0.E0,-1.E0));
#1063=DIRECTION('',(1.E0,0.E0,0.E0));
#1064=AXIS2_PLACEMENT_3D('',#1061,#1062,#1063);
#1066=DIRECTION('',(0.E0,1.002344908463E-14,1.E0));
#1067=VECTOR('',#1066,1.2E0);
#1068=CARTESIAN_POINT('',(-2.E0,-9.562689861923E-14,1.5E-1));
#1069=LINE('',#1068,#1067);
#1070=DIRECTION('',(0.E0,0.E0,1.E0));
#1071=VECTOR('',#1070,1.5E-1);
#1072=CARTESIAN_POINT('',(1.75E0,0.E0,1.5E0));
#1073=LINE('',#1072,#1071);
#1074=DIRECTION('',(0.E0,0.E0,1.E0));
#1075=VECTOR('',#1074,1.5E-1);
#1076=CARTESIAN_POINT('',(-1.75E0,0.E0,1.5E0));
#1077=LINE('',#1076,#1075);
#1078=CARTESIAN_POINT('',(0.E0,0.E0,1.65E0));
#1079=DIRECTION('',(0.E0,0.E0,1.E0));
#1080=DIRECTION('',(1.E0,0.E0,0.E0));
#1081=AXIS2_PLACEMENT_3D('',#1078,#1079,#1080);
#1083=CARTESIAN_POINT('',(0.E0,0.E0,1.65E0));
#1084=DIRECTION('',(0.E0,0.E0,1.E0));
#1085=DIRECTION('',(-1.E0,0.E0,0.E0));
#1086=AXIS2_PLACEMENT_3D('',#1083,#1084,#1085);
#1088=CARTESIAN_POINT('',(6.695094970216E-1,1.885671772446E0,
6.526419675063E-1));
#1089=CARTESIAN_POINT('',(6.695094970216E-1,1.885671772446E0,
6.475285940292E-1));
#1090=CARTESIAN_POINT('',(6.678026364742E-1,1.886279581079E0,
6.371745867967E-1));
#1091=CARTESIAN_POINT('',(6.595939671216E-1,1.889173480646E0,
6.228404481124E-1));
#1092=CARTESIAN_POINT('',(6.473985100196E-1,1.893395614651E0,
6.126576676436E-1));
#1093=CARTESIAN_POINT('',(6.323303893349E-1,1.898487431851E0,
6.070799909636E-1));
#1094=CARTESIAN_POINT('',(6.161066803724E-1,1.903813565699E0,
6.070890169703E-1));
#1095=CARTESIAN_POINT('',(6.012386461966E-1,1.908555070060E0,
6.124997618211E-1));
#1096=CARTESIAN_POINT('',(5.888675333486E-1,1.912400646677E0,
6.226773281342E-1));
#1097=CARTESIAN_POINT('',(5.805761559962E-1,1.914926117200E0,
6.370596646791E-1));
#1098=CARTESIAN_POINT('',(5.788377458602E-1,1.915449781113E0,
6.474883092965E-1));
#1099=CARTESIAN_POINT('',(5.788377458602E-1,1.915449781113E0,
6.526419675063E-1));
#1101=DIRECTION('',(0.E0,-1.E0,4.250930330750E-13));
#1102=VECTOR('',#1101,1.044687104462E-3);
#1103=CARTESIAN_POINT('',(5.788377458602E-1,1.915449781113E0,
6.526419675063E-1));
#1104=LINE('',#1103,#1102);
#1105=CARTESIAN_POINT('',(5.788377458602E-1,1.915449781113E0,
6.526419675063E-1));
#1106=CARTESIAN_POINT('',(5.788377458602E-1,1.915449781113E0,
6.577956271183E-1));
#1107=CARTESIAN_POINT('',(5.805750953837E-1,1.914926456142E0,
6.682129097761E-1));
#1108=CARTESIAN_POINT('',(5.888385426437E-1,1.912409393013E0,
6.825555821760E-1));
#1109=CARTESIAN_POINT('',(6.011066910290E-1,1.908596505808E0,
6.927046068946E-1));
#1110=CARTESIAN_POINT('',(6.160022005666E-1,1.903847537781E0,
6.981845176173E-1));
#1111=CARTESIAN_POINT('',(6.322415650292E-1,1.898516868269E0,
6.982121716160E-1));
#1112=CARTESIAN_POINT('',(6.472563568285E-1,1.893444299313E0,
6.927104714065E-1));
#1113=CARTESIAN_POINT('',(6.595679809593E-1,1.889182771138E0,
6.824935110873E-1));
#1114=CARTESIAN_POINT('',(6.678010667543E-1,1.886280105873E0,
6.681203286761E-1));
#1115=CARTESIAN_POINT('',(6.695094970216E-1,1.885671772446E0,
6.577550157743E-1));
#1116=CARTESIAN_POINT('',(6.695094970216E-1,1.885671772446E0,
6.526419675063E-1));
#1118=DIRECTION('',(0.E0,-1.E0,0.E0));
#1119=VECTOR('',#1118,1.061193732286E-3);
#1120=CARTESIAN_POINT('',(6.695094970216E-1,1.885671772446E0,
6.526419675063E-1));
#1121=LINE('',#1120,#1119);
#1122=DIRECTION('',(0.E0,0.E0,1.E0));
#1123=VECTOR('',#1122,1.864017545589E-2);
#1124=CARTESIAN_POINT('',(-8.650714143674E-2,1.999129189042E0,
8.742222206294E-1));
#1125=LINE('',#1124,#1123);
#1126=DIRECTION('',(0.E0,-1.E0,0.E0));
#1127=VECTOR('',#1126,1.000936281501E-3);
#1128=CARTESIAN_POINT('',(-8.650714143674E-2,1.999129189042E0,
8.742222206294E-1));
#1129=LINE('',#1128,#1127);
#1130=CARTESIAN_POINT('',(0.E0,0.E0,8.928623960853E-1));
#1131=DIRECTION('',(0.E0,0.E0,1.E0));
#1132=DIRECTION('',(-1.069060953982E-2,9.999428538010E-1,0.E0));
#1133=AXIS2_PLACEMENT_3D('',#1130,#1131,#1132);
#1135=DIRECTION('',(0.E0,-1.E0,0.E0));
#1136=VECTOR('',#1135,1.000936281501E-3);
#1137=CARTESIAN_POINT('',(-8.650714143674E-2,1.999129189042E0,
8.928623960853E-1));
#1138=LINE('',#1137,#1136);
#1139=DIRECTION('',(0.E0,0.E0,1.E0));
#1140=VECTOR('',#1139,1.448584038739E-1);
#1141=CARTESIAN_POINT('',(-2.139190968917E-2,2.000885650456E0,
8.928623960853E-1));
#1142=LINE('',#1141,#1140);
#1143=DIRECTION('',(-7.632346891647E-14,-1.E0,0.E0));
#1144=VECTOR('',#1143,1.000057178042E-3);
#1145=CARTESIAN_POINT('',(-2.139190968917E-2,2.000885650456E0,
8.928623960853E-1));
#1146=LINE('',#1145,#1144);
#1147=CARTESIAN_POINT('',(0.E0,0.E0,1.037720799959E0));
#1148=DIRECTION('',(0.E0,0.E0,1.E0));
#1149=DIRECTION('',(-1.428692789255E-4,9.999999897942E-1,0.E0));
#1150=AXIS2_PLACEMENT_3D('',#1147,#1148,#1149);
#1152=DIRECTION('',(-7.632346891647E-14,-1.E0,0.E0));
#1153=VECTOR('',#1152,1.000057178042E-3);
#1154=CARTESIAN_POINT('',(-2.139190968917E-2,2.000885650456E0,
1.037720799959E0));
#1155=LINE('',#1154,#1153);
#1156=DIRECTION('',(0.E0,0.E0,1.E0));
#1157=VECTOR('',#1156,1.634985793298E-1);
#1158=CARTESIAN_POINT('',(-2.858814271300E-4,2.000999979578E0,
8.742222206294E-1));
#1159=LINE('',#1158,#1157);
#1160=DIRECTION('',(0.E0,-1.E0,0.E0));
#1161=VECTOR('',#1160,1.000000010210E-3);
#1162=CARTESIAN_POINT('',(-2.858814271300E-4,2.000999979578E0,
1.037720799959E0));
#1163=LINE('',#1162,#1161);
#1164=CARTESIAN_POINT('',(0.E0,0.E0,8.742222206294E-1));
#1165=DIRECTION('',(0.E0,0.E0,1.E0));
#1166=DIRECTION('',(-1.428692789255E-4,9.999999897942E-1,0.E0));
#1167=AXIS2_PLACEMENT_3D('',#1164,#1165,#1166);
#1169=DIRECTION('',(0.E0,-1.E0,0.E0));
#1170=VECTOR('',#1169,1.000000010210E-3);
#1171=CARTESIAN_POINT('',(-2.858814271300E-4,2.000999979578E0,
8.742222206294E-1));
#1172=LINE('',#1171,#1170);
#1173=DIRECTION('',(0.E0,0.E0,-1.E0));
#1174=VECTOR('',#1173,2.022835183913E-2);
#1175=CARTESIAN_POINT('',(-2.156091638168E-1,1.989350066851E0,
9.012212191591E-1));
#1176=LINE('',#1175,#1174);
#1177=DIRECTION('',(0.E0,-1.E0,0.E0));
#1178=VECTOR('',#1177,1.005859104243E-3);
#1179=CARTESIAN_POINT('',(-2.156091638168E-1,1.989350066851E0,
8.809928673199E-1));
#1180=LINE('',#1179,#1178);
#1181=CARTESIAN_POINT('',(-2.156091638168E-1,1.989350066851E0,
1.011724860199E0));
#1182=CARTESIAN_POINT('',(-2.083586645163E-1,1.990135888370E0,
1.015764424095E0));
#1183=CARTESIAN_POINT('',(-1.936999841538E-1,1.991649036071E0,
1.021199176166E0));
#1184=CARTESIAN_POINT('',(-1.698506007201E-1,1.993821630180E0,
1.022058966559E0));
#1185=CARTESIAN_POINT('',(-1.496462880604E-1,1.995422954288E0,
1.016163387442E0));
#1186=CARTESIAN_POINT('',(-1.341435234602E-1,1.996511721777E0,
1.006178997469E0));
#1187=CARTESIAN_POINT('',(-1.242722273037E-1,1.997141836526E0,
9.935127558875E-1));
#1188=CARTESIAN_POINT('',(-1.182940599388E-1,1.997501874339E0,
9.793045639132E-1));
#1189=CARTESIAN_POINT('',(-1.153028451223E-1,1.997675302590E0,
9.633874747735E-1));
#1190=CARTESIAN_POINT('',(-1.151394458630E-1,1.997684637201E0,
9.472704287299E-1));
#1191=CARTESIAN_POINT('',(-1.177561072661E-1,1.997533412957E0,
9.313085079527E-1));
#1192=CARTESIAN_POINT('',(-1.234493905698E-1,1.997192558420E0,
9.169326995934E-1));
#1193=CARTESIAN_POINT('',(-1.333800956352E-1,1.996563693258E0,
9.041401146271E-1));
#1194=CARTESIAN_POINT('',(-1.492587859385E-1,1.995452096733E0,
8.945608042316E-1));
#1195=CARTESIAN_POINT('',(-1.696278764658E-1,1.993844021667E0,
8.892784183952E-1));
#1196=CARTESIAN_POINT('',(-1.946392709555E-1,1.991559316006E0,
8.911127623733E-1));
#1197=CARTESIAN_POINT('',(-2.087443045346E-1,1.990094092045E0,
8.970446963788E-1));
#1198=CARTESIAN_POINT('',(-2.156091638168E-1,1.989350066851E0,
9.012212191591E-1));
#1200=DIRECTION('',(0.E0,-1.E0,0.E0));
#1201=VECTOR('',#1200,1.005859104243E-3);
#1202=CARTESIAN_POINT('',(-2.156091638168E-1,1.989350066851E0,
9.012212191591E-1));
#1203=LINE('',#1202,#1201);
#1204=DIRECTION('',(0.E0,0.E0,-1.E0));
#1205=VECTOR('',#1204,2.206729291511E-2);
#1206=CARTESIAN_POINT('',(-2.156091638168E-1,1.989350066851E0,
1.033792153115E0));
#1207=LINE('',#1206,#1205);
#1208=DIRECTION('',(0.E0,-1.E0,0.E0));
#1209=VECTOR('',#1208,1.005859104243E-3);
#1210=CARTESIAN_POINT('',(-2.156091638168E-1,1.989350066851E0,
1.011724860199E0));
#1211=LINE('',#1210,#1209);
#1212=CARTESIAN_POINT('',(-2.156091638168E-1,1.989350066851E0,
8.809928673199E-1));
#1213=CARTESIAN_POINT('',(-2.080341289394E-1,1.990171062091E0,
8.769949322451E-1));
#1214=CARTESIAN_POINT('',(-1.921247468386E-1,1.991818724189E0,
8.715330548547E-1));
#1215=CARTESIAN_POINT('',(-1.629179899181E-1,1.994423681522E0,
8.707886283249E-1));
#1216=CARTESIAN_POINT('',(-1.379526429225E-1,1.996279637309E0,
8.771420726304E-1));
#1217=CARTESIAN_POINT('',(-1.184779010348E-1,1.997510954004E0,
8.883171021399E-1));
#1218=CARTESIAN_POINT('',(-1.056655647463E-1,1.998216044260E0,
9.030147990427E-1));
#1219=CARTESIAN_POINT('',(-9.772808705904E-2,1.998614958320E0,
9.199463157689E-1));
#1220=CARTESIAN_POINT('',(-9.347846788772E-2,1.998815667192E0,
9.388301860196E-1));
#1221=CARTESIAN_POINT('',(-9.278591948447E-2,1.998847549886E0,
9.581021900285E-1));
#1222=CARTESIAN_POINT('',(-9.527954623501E-2,1.998731475517E0,
9.767144927317E-1));
#1223=CARTESIAN_POINT('',(-1.009491150837E-1,1.998456523160E0,
9.941678660100E-1));
#1224=CARTESIAN_POINT('',(-1.104222524714E-1,1.997961514526E0,
1.010428876631E0));
#1225=CARTESIAN_POINT('',(-1.238085870849E-1,1.997186095685E0,
1.023548068779E0));
#1226=CARTESIAN_POINT('',(-1.406094309234E-1,1.996078545839E0,
1.032970096816E0));
#1227=CARTESIAN_POINT('',(-1.574048147532E-1,1.994821726416E0,
1.038287469106E0));
#1228=CARTESIAN_POINT('',(-1.744559722332E-1,1.993410880647E0,
1.040910145340E0));
#1229=CARTESIAN_POINT('',(-1.951256464354E-1,1.991500960779E0,
1.040396282677E0));
#1230=CARTESIAN_POINT('',(-2.087786681419E-1,1.990090367658E0,
1.036759499597E0));
#1231=CARTESIAN_POINT('',(-2.156091638168E-1,1.989350066851E0,
1.033792153115E0));
#1233=DIRECTION('',(0.E0,-1.E0,0.E0));
#1234=VECTOR('',#1233,1.005859104243E-3);
#1235=CARTESIAN_POINT('',(-2.156091638168E-1,1.989350066851E0,
1.033792153115E0));
#1236=LINE('',#1235,#1234);
#1237=DIRECTION('',(0.E0,0.E0,1.E0));
#1238=VECTOR('',#1237,1.864017545589E-2);
#1239=CARTESIAN_POINT('',(-3.362687748918E-1,1.972542600562E0,
8.742222206294E-1));
#1240=LINE('',#1239,#1238);
#1241=DIRECTION('',(0.E0,-1.E0,0.E0));
#1242=VECTOR('',#1241,1.014434130717E-3);
#1243=CARTESIAN_POINT('',(-3.362687748918E-1,1.972542600562E0,
8.742222206294E-1));
#1244=LINE('',#1243,#1242);
#1245=CARTESIAN_POINT('',(0.E0,0.E0,8.928623960853E-1));
#1246=DIRECTION('',(0.E0,0.E0,1.E0));
#1247=DIRECTION('',(-1.346526658741E-1,9.908928597851E-1,0.E0));
#1248=AXIS2_PLACEMENT_3D('',#1245,#1246,#1247);
#1250=DIRECTION('',(0.E0,-1.E0,0.E0));
#1251=VECTOR('',#1250,1.014434130717E-3);
#1252=CARTESIAN_POINT('',(-3.362687748918E-1,1.972542600562E0,
8.928623960853E-1));
#1253=LINE('',#1252,#1251);
#1254=DIRECTION('',(0.E0,0.E0,1.E0));
#1255=VECTOR('',#1254,5.500105582689E-2);
#1256=CARTESIAN_POINT('',(-2.694399844141E-1,1.982776612430E0,
8.928623960853E-1));
#1257=LINE('',#1256,#1255);
#1258=DIRECTION('',(-5.500534945680E-14,-1.E0,0.E0));
#1259=VECTOR('',#1258,1.009195501519E-3);
#1260=CARTESIAN_POINT('',(-2.694399844141E-1,1.982776612430E0,
8.928623960853E-1));
#1261=LINE('',#1260,#1259);
#1262=CARTESIAN_POINT('',(0.E0,0.E0,9.478634519122E-1));
#1263=DIRECTION('',(0.E0,0.E0,1.E0));
#1264=DIRECTION('',(-1.346526658741E-1,9.908928597851E-1,0.E0));
#1265=AXIS2_PLACEMENT_3D('',#1262,#1263,#1264);
#1267=DIRECTION('',(-5.500534945680E-14,-1.E0,0.E0));
#1268=VECTOR('',#1267,1.009195501519E-3);
#1269=CARTESIAN_POINT('',(-2.694399844141E-1,1.982776612430E0,
9.478634519122E-1));
#1270=LINE('',#1269,#1268);
#1271=DIRECTION('',(0.E0,0.E0,1.E0));
#1272=VECTOR('',#1271,1.872376368606E-2);
#1273=CARTESIAN_POINT('',(-3.279099518169E-1,1.973949356873E0,
9.478634519122E-1));
#1274=LINE('',#1273,#1272);
#1275=DIRECTION('',(-1.095206849739E-13,-1.E0,0.E0));
#1276=VECTOR('',#1275,1.013710811697E-3);
#1277=CARTESIAN_POINT('',(-3.279099518169E-1,1.973949356873E0,
9.478634519122E-1));
#1278=LINE('',#1277,#1276);
#1279=CARTESIAN_POINT('',(0.E0,0.E0,9.665872155982E-1));
#1280=DIRECTION('',(0.E0,0.E0,1.E0));
#1281=DIRECTION('',(-1.346526658741E-1,9.908928597851E-1,0.E0));
#1282=AXIS2_PLACEMENT_3D('',#1279,#1280,#1281);
#1284=DIRECTION('',(-1.095206849739E-13,-1.E0,0.E0));
#1285=VECTOR('',#1284,1.013710811697E-3);
#1286=CARTESIAN_POINT('',(-3.279099518169E-1,1.973949356873E0,
9.665872155982E-1));
#1287=LINE('',#1286,#1285);
#1288=DIRECTION('',(0.E0,0.E0,1.E0));
#1289=VECTOR('',#1288,5.232623244476E-2);
#1290=CARTESIAN_POINT('',(-2.694399844141E-1,1.982776612430E0,
9.665872155982E-1));
#1291=LINE('',#1290,#1289);
#1292=DIRECTION('',(-5.500534945680E-14,-1.E0,0.E0));
#1293=VECTOR('',#1292,1.009195501519E-3);
#1294=CARTESIAN_POINT('',(-2.694399844141E-1,1.982776612430E0,
9.665872155982E-1));
#1295=LINE('',#1294,#1293);
#1296=CARTESIAN_POINT('',(0.E0,0.E0,1.018913448043E0));
#1297=DIRECTION('',(0.E0,0.E0,1.E0));
#1298=DIRECTION('',(-1.346526658741E-1,9.908928597851E-1,0.E0));
#1299=AXIS2_PLACEMENT_3D('',#1296,#1297,#1298);
#1301=DIRECTION('',(-5.500534945680E-14,-1.E0,0.E0));
#1302=VECTOR('',#1301,1.009195501519E-3);
#1303=CARTESIAN_POINT('',(-2.694399844141E-1,1.982776612430E0,
1.018913448043E0));
#1304=LINE('',#1303,#1302);
#1305=DIRECTION('',(0.E0,0.E0,1.E0));
#1306=VECTOR('',#1305,1.880735191623E-2);
#1307=CARTESIAN_POINT('',(-3.325490986231E-1,1.973173103659E0,
1.018913448043E0));
#1308=LINE('',#1307,#1306);
#1309=DIRECTION('',(0.E0,-1.E0,0.E0));
#1310=VECTOR('',#1309,1.014109814109E-3);
#1311=CARTESIAN_POINT('',(-3.325490986231E-1,1.973173103659E0,
1.018913448043E0));
#1312=LINE('',#1311,#1310);
#1313=CARTESIAN_POINT('',(0.E0,0.E0,1.037720799959E0));
#1314=DIRECTION('',(0.E0,0.E0,1.E0));
#1315=DIRECTION('',(-1.241049256132E-1,9.922691003143E-1,0.E0));
#1316=AXIS2_PLACEMENT_3D('',#1313,#1314,#1315);
#1318=DIRECTION('',(0.E0,-1.E0,0.E0));
#1319=VECTOR('',#1318,1.014109814109E-3);
#1320=CARTESIAN_POINT('',(-3.325490986231E-1,1.973173103659E0,
1.037720799959E0));
#1321=LINE('',#1320,#1319);
#1322=DIRECTION('',(0.E0,0.E0,1.E0));
#1323=VECTOR('',#1322,1.634985793298E-1);
#1324=CARTESIAN_POINT('',(-2.483339561520E-1,1.985530469729E0,
8.742222206294E-1));
#1325=LINE('',#1324,#1323);
#1326=DIRECTION('',(8.262267701603E-14,-1.E0,0.E0));
#1327=VECTOR('',#1326,1.007795073388E-3);
#1328=CARTESIAN_POINT('',(-2.483339561520E-1,1.985530469729E0,
1.037720799959E0));
#1329=LINE('',#1328,#1327);
#1330=CARTESIAN_POINT('',(0.E0,0.E0,8.742222206294E-1));
#1331=DIRECTION('',(0.E0,0.E0,1.E0));
#1332=DIRECTION('',(-1.241049256132E-1,9.922691003143E-1,0.E0));
#1333=AXIS2_PLACEMENT_3D('',#1330,#1331,#1332);
#1335=DIRECTION('',(8.262267701602E-14,-1.E0,0.E0));
#1336=VECTOR('',#1335,1.007795073388E-3);
#1337=CARTESIAN_POINT('',(-2.483339561520E-1,1.985530469729E0,
8.742222206294E-1));
#1338=LINE('',#1337,#1336);
#1339=CARTESIAN_POINT('',(-4.129609765961E-1,1.957923448914E0,
1.018913448043E0));
#1340=CARTESIAN_POINT('',(-4.088496108720E-1,1.958790609275E0,
1.018913448043E0));
#1341=CARTESIAN_POINT('',(-4.006214159243E-1,1.960499030185E0,
1.018913448043E0));
#1342=CARTESIAN_POINT('',(-3.923826205040E-1,1.962155583646E0,
1.018913448043E0));
#1343=CARTESIAN_POINT('',(-3.882606544126E-1,1.962970877073E0,
1.018913448043E0));
#1345=DIRECTION('',(5.445562591937E-14,-1.E0,-4.356450073550E-13));
#1346=VECTOR('',#1345,1.019383218796E-3);
#1347=CARTESIAN_POINT('',(-3.882606544126E-1,1.962970877073E0,
1.018913448043E0));
#1348=LINE('',#1347,#1346);
#1349=CARTESIAN_POINT('',(-4.119997119431E-1,1.958125950331E0,
8.928623960853E-1));
#1350=CARTESIAN_POINT('',(-4.178090522763E-1,1.956903635421E0,
8.928623960853E-1));
#1351=CARTESIAN_POINT('',(-4.287141754732E-1,1.954555023924E0,
8.940243254710E-1));
#1352=CARTESIAN_POINT('',(-4.427712756264E-1,1.951413412230E0,
8.981752731917E-1));
#1353=CARTESIAN_POINT('',(-4.550750233862E-1,1.948577705084E0,
9.045765418453E-1));
#1354=CARTESIAN_POINT('',(-4.657069817361E-1,1.946059408592E0,
9.144450600426E-1));
#1355=CARTESIAN_POINT('',(-4.730618710344E-1,1.944279820129E0,
9.273624475234E-1));
#1356=CARTESIAN_POINT('',(-4.771877665759E-1,1.943269121677E0,
9.416035224674E-1));
#1357=CARTESIAN_POINT('',(-4.784773368089E-1,1.942951388399E0,
9.560274679490E-1));
#1358=CARTESIAN_POINT('',(-4.773823657742E-1,1.943221146808E0,
9.702026216819E-1));
#1359=CARTESIAN_POINT('',(-4.735920679251E-1,1.944150641841E0,
9.847049370242E-1));
#1360=CARTESIAN_POINT('',(-4.653963048361E-1,1.946136736118E0,
9.996019110530E-1));
#1361=CARTESIAN_POINT('',(-4.517825953199E-1,1.949354075365E0,
1.010751029617E0));
#1362=CARTESIAN_POINT('',(-4.341383040904E-1,1.953369661609E0,
1.017236706827E0));
#1363=CARTESIAN_POINT('',(-4.203928937124E-1,1.956355925040E0,
1.018913448043E0));
#1364=CARTESIAN_POINT('',(-4.129609765961E-1,1.957923448914E0,
1.018913448043E0));
#1366=DIRECTION('',(0.E0,-1.E0,0.E0));
#1367=VECTOR('',#1366,1.022012508146E-3);
#1368=CARTESIAN_POINT('',(-4.129609765961E-1,1.957923448914E0,
1.018913448043E0));
#1369=LINE('',#1368,#1367);
#1370=CARTESIAN_POINT('',(-3.882606544137E-1,1.962970877072E0,
8.928623960853E-1));
#1371=CARTESIAN_POINT('',(-3.922220036474E-1,1.962187352434E0,
8.928623960853E-1));
#1372=CARTESIAN_POINT('',(-4.001399591927E-1,1.960596320502E0,
8.928623960853E-1));
#1373=CARTESIAN_POINT('',(-4.080481386789E-1,1.958957381550E0,
8.928623960853E-1));
#1374=CARTESIAN_POINT('',(-4.119997119431E-1,1.958125950331E0,
8.928623960853E-1));
#1376=DIRECTION('',(5.432115078646E-14,-1.E0,0.E0));
#1377=VECTOR('',#1376,1.021906760582E-3);
#1378=CARTESIAN_POINT('',(-4.119997119431E-1,1.958125950331E0,
8.928623960853E-1));
#1379=LINE('',#1378,#1377);
#1380=DIRECTION('',(-8.800679002486E-12,-1.740406496088E-12,-1.E0));
#1381=VECTOR('',#1380,1.260510519577E-1);
#1382=CARTESIAN_POINT('',(-3.882606544126E-1,1.962970877073E0,
1.018913448043E0));
#1383=LINE('',#1382,#1381);
#1384=DIRECTION('',(-1.089112518388E-13,-1.E0,0.E0));
#1385=VECTOR('',#1384,1.019383218796E-3);
#1386=CARTESIAN_POINT('',(-3.882606544137E-1,1.962970877072E0,
8.928623960853E-1));
#1387=LINE('',#1386,#1385);
#1388=CARTESIAN_POINT('',(-4.121250942895E-1,1.958099565052E0,
8.742222206294E-1));
#1389=CARTESIAN_POINT('',(-4.046473939055E-1,1.959673411465E0,
8.742222206294E-1));
#1390=CARTESIAN_POINT('',(-3.896739602265E-1,1.962735434955E0,
8.742222206294E-1));
#1391=CARTESIAN_POINT('',(-3.746664259815E-1,1.965625717754E0,
8.742222206294E-1));
#1392=CARTESIAN_POINT('',(-3.671546261511E-1,1.967027829111E0,
8.742222206294E-1));
#1394=DIRECTION('',(1.091364599999E-13,-1.E0,0.E0));
#1395=VECTOR('',#1394,1.017279674112E-3);
#1396=CARTESIAN_POINT('',(-3.671546261511E-1,1.967027829111E0,
8.742222206294E-1));
#1397=LINE('',#1396,#1395);
#1398=CARTESIAN_POINT('',(-4.137968589049E-1,1.957746960044E0,
1.037720799959E0));
#1399=CARTESIAN_POINT('',(-4.229517829399E-1,1.955811940408E0,
1.037720799959E0));
#1400=CARTESIAN_POINT('',(-4.400858049111E-1,1.952058753158E0,
1.035471383384E0));
#1401=CARTESIAN_POINT('',(-4.629029917824E-1,1.946759271352E0,
1.026632519308E0));
#1402=CARTESIAN_POINT('',(-4.810224312282E-1,1.942344940481E0,
1.012517399619E0));
#1403=CARTESIAN_POINT('',(-4.940823855703E-1,1.939050465618E0,
9.920896182602E-1));
#1404=CARTESIAN_POINT('',(-5.005813558180E-1,1.937374579528E0,
9.683248542631E-1));
#1405=CARTESIAN_POINT('',(-5.005651810794E-1,1.937378658746E0,
9.451539582736E-1));
#1406=CARTESIAN_POINT('',(-4.939470647742E-1,1.939085618635E0,
9.210272885725E-1));
#1407=CARTESIAN_POINT('',(-4.804150934258E-1,1.942496286422E0,
9.000867171544E-1));
#1408=CARTESIAN_POINT('',(-4.620840964003E-1,1.946954605850E0,
8.858147633951E-1));
#1409=CARTESIAN_POINT('',(-4.389414451924E-1,1.952318207342E0,
8.766103693032E-1));
#1410=CARTESIAN_POINT('',(-4.214737715469E-1,1.956131930431E0,
8.742222206294E-1));
#1411=CARTESIAN_POINT('',(-4.121250942895E-1,1.958099565052E0,
8.742222206294E-1));
#1413=DIRECTION('',(5.432041843974E-14,-1.E0,0.E0));
#1414=VECTOR('',#1413,1.021920537907E-3);
#1415=CARTESIAN_POINT('',(-4.121250942895E-1,1.958099565052E0,
8.742222206294E-1));
#1416=LINE('',#1415,#1414);
#1417=CARTESIAN_POINT('',(-3.671546261500E-1,1.967027829111E0,
1.037720799959E0));
#1418=CARTESIAN_POINT('',(-3.723491205664E-1,1.966058253273E0,
1.037720799959E0));
#1419=CARTESIAN_POINT('',(-3.827304180891E-1,1.964077950501E0,
1.037720799959E0));
#1420=CARTESIAN_POINT('',(-3.982782502578E-1,1.960984243682E0,
1.037720799959E0));
#1421=CARTESIAN_POINT('',(-4.086268713840E-1,1.958839708310E0,
1.037720799959E0));
#1422=CARTESIAN_POINT('',(-4.137968589049E-1,1.957746960044E0,
1.037720799959E0));
#1424=DIRECTION('',(0.E0,-1.E0,0.E0));
#1425=VECTOR('',#1424,1.022104689644E-3);
#1426=CARTESIAN_POINT('',(-4.137968589049E-1,1.957746960044E0,
1.037720799959E0));
#1427=LINE('',#1426,#1425);
#1428=DIRECTION('',(6.823007880044E-12,1.273881646394E-12,1.E0));
#1429=VECTOR('',#1428,1.634985793298E-1);
#1430=CARTESIAN_POINT('',(-3.671546261511E-1,1.967027829111E0,
8.742222206294E-1));
#1431=LINE('',#1430,#1429);
#1432=DIRECTION('',(-5.456822999997E-14,-1.E0,0.E0));
#1433=VECTOR('',#1432,1.017279674112E-3);
#1434=CARTESIAN_POINT('',(-3.671546261500E-1,1.967027829111E0,
1.037720799959E0));
#1435=LINE('',#1434,#1433);
#1436=CARTESIAN_POINT('',(-5.852363201547E-1,1.913504494265E0,
1.005372154662E0));
#1437=CARTESIAN_POINT('',(-5.846101190088E-1,1.913696014930E0,
1.007151884234E0));
#1438=CARTESIAN_POINT('',(-5.835528874040E-1,1.914018721961E0,
1.010855277717E0));
#1439=CARTESIAN_POINT('',(-5.827877818857E-1,1.914251689262E0,
1.014796788450E0));
#1440=CARTESIAN_POINT('',(-5.824447589309E-1,1.914356054341E0,
1.016823742274E0));
#1442=DIRECTION('',(4.248501713610E-13,-1.E0,1.019640411266E-11));
#1443=VECTOR('',#1442,1.045284290289E-3);
#1444=CARTESIAN_POINT('',(-5.824447589309E-1,1.914356054341E0,
1.016823742274E0));
#1445=LINE('',#1444,#1443);
#1446=CARTESIAN_POINT('',(-6.099366423385E-1,1.905774984706E0,
9.374149230686E-1));
#1447=CARTESIAN_POINT('',(-6.072001483223E-1,1.906650790080E0,
9.449437543216E-1));
#1448=CARTESIAN_POINT('',(-6.017218304964E-1,1.908391111253E0,
9.600160805231E-1));
#1449=CARTESIAN_POINT('',(-5.934883809977E-1,1.910967651659E0,
9.826685151850E-1));
#1450=CARTESIAN_POINT('',(-5.879887780334E-1,1.912662668011E0,
9.977994025285E-1));
#1451=CARTESIAN_POINT('',(-5.852363201547E-1,1.913504494265E0,
1.005372154662E0));
#1453=DIRECTION('',(-5.520594074290E-12,-1.E0,-1.571246005759E-11));
#1454=VECTOR('',#1453,1.045749723737E-3);
#1455=CARTESIAN_POINT('',(-5.852363201547E-1,1.913504494265E0,
1.005372154662E0));
#1456=LINE('',#1455,#1454);
#1457=CARTESIAN_POINT('',(-5.550609688569E-1,1.922474530612E0,
9.374149230686E-1));
#1458=CARTESIAN_POINT('',(-5.611844665064E-1,1.920706541240E0,
9.374149230686E-1));
#1459=CARTESIAN_POINT('',(-5.734145511056E-1,1.917112052481E0,
9.374149230686E-1));
#1460=CARTESIAN_POINT('',(-5.917071702218E-1,1.911545315687E0,
9.374149230686E-1));
#1461=CARTESIAN_POINT('',(-6.038663340082E-1,1.907717765733E0,
9.374149230686E-1));
#1462=CARTESIAN_POINT('',(-6.099366423385E-1,1.905774984706E0,
9.374149230686E-1));
#1464=DIRECTION('',(1.057361861698E-13,-1.E0,0.E0));
#1465=VECTOR('',#1464,1.049993445803E-3);
#1466=CARTESIAN_POINT('',(-6.099366423385E-1,1.905774984706E0,
9.374149230686E-1));
#1467=LINE('',#1466,#1465);
#1468=CARTESIAN_POINT('',(-5.795105263486E-1,1.915246341819E0,
1.005372154662E0));
#1469=CARTESIAN_POINT('',(-5.768012743564E-1,1.916066100622E0,
9.978418234838E-1));
#1470=CARTESIAN_POINT('',(-5.713778546758E-1,1.917694555746E0,
9.827674980123E-1));
#1471=CARTESIAN_POINT('',(-5.632279939927E-1,1.920103985533E0,
9.601150647284E-1));
#1472=CARTESIAN_POINT('',(-5.577849437664E-1,1.921688058735E0,
9.449861764069E-1));
#1473=CARTESIAN_POINT('',(-5.550609688569E-1,1.922474530612E0,
9.374149230686E-1));
#1475=DIRECTION('',(0.E0,-1.E0,0.E0));
#1476=VECTOR('',#1475,1.040867731122E-3);
#1477=CARTESIAN_POINT('',(-5.550609688569E-1,1.922474530612E0,
9.374149230686E-1));
#1478=LINE('',#1477,#1476);
#1479=CARTESIAN_POINT('',(-5.824447589309E-1,1.914356054341E0,
1.016823742274E0));
#1480=CARTESIAN_POINT('',(-5.821161256949E-1,1.914456041335E0,
1.014782756914E0));
#1481=CARTESIAN_POINT('',(-5.813142204059E-1,1.914699851541E0,
1.010831286985E0));
#1482=CARTESIAN_POINT('',(-5.801749995578E-1,1.915045287150E0,
1.007144083221E0));
#1483=CARTESIAN_POINT('',(-5.795105263486E-1,1.915246341819E0,
1.005372154662E0));
#1485=DIRECTION('',(2.762811086389E-12,-1.E0,-7.438337540279E-12));
#1486=VECTOR('',#1485,1.044798132687E-3);
#1487=CARTESIAN_POINT('',(-5.795105263486E-1,1.915246341819E0,
1.005372154662E0));
#1488=LINE('',#1487,#1486);
#1489=CARTESIAN_POINT('',(-5.941802608447E-1,1.910746141596E0,
1.037720799959E0));
#1490=CARTESIAN_POINT('',(-6.149534353630E-1,1.904286356078E0,
9.831807605533E-1));
#1491=CARTESIAN_POINT('',(-6.357113233108E-1,1.897459944227E0,
9.286808560896E-1));
#1492=CARTESIAN_POINT('',(-6.564534927475E-1,1.890256546572E0,
8.742222206294E-1));
#1494=DIRECTION('',(0.E0,-1.E0,0.E0));
#1495=VECTOR('',#1494,1.058618387050E-3);
#1496=CARTESIAN_POINT('',(-6.564534927475E-1,1.890256546572E0,
8.742222206294E-1));
#1497=LINE('',#1496,#1495);
#1498=CARTESIAN_POINT('',(0.E0,0.E0,1.037720799959E0));
#1499=DIRECTION('',(0.E0,0.E0,1.E0));
#1500=DIRECTION('',(-2.856628878284E-1,9.583301698880E-1,0.E0));
#1501=AXIS2_PLACEMENT_3D('',#1498,#1499,#1500);
#1503=DIRECTION('',(0.E0,-1.E0,0.E0));
#1504=VECTOR('',#1503,1.047260195060E-3);
#1505=CARTESIAN_POINT('',(-5.941802608447E-1,1.910746141596E0,
1.037720799959E0));
#1506=LINE('',#1505,#1504);
#1507=CARTESIAN_POINT('',(-5.093382066423E-1,1.935090589935E0,
8.742222206294E-1));
#1508=CARTESIAN_POINT('',(-5.301086417717E-1,1.929623571370E0,
9.287550677610E-1));
#1509=CARTESIAN_POINT('',(-5.508664856596E-1,1.923802408427E0,
9.832548565457E-1));
#1510=CARTESIAN_POINT('',(-5.716114385446E-1,1.917618669946E0,
1.037720799959E0));
#1512=DIRECTION('',(0.E0,-1.E0,0.E0));
#1513=VECTOR('',#1512,1.043504885818E-3);
#1514=CARTESIAN_POINT('',(-5.716114385446E-1,1.917618669946E0,
1.037720799959E0));
#1515=LINE('',#1514,#1513);
#1516=CARTESIAN_POINT('',(0.E0,0.E0,8.742222206294E-1));
#1517=DIRECTION('',(0.E0,0.E0,1.E0));
#1518=DIRECTION('',(-2.545418324050E-1,9.670617640854E-1,0.E0));
#1519=AXIS2_PLACEMENT_3D('',#1516,#1517,#1518);
#1521=DIRECTION('',(0.E0,-1.E0,0.E0));
#1522=VECTOR('',#1521,1.034078026678E-3);
#1523=CARTESIAN_POINT('',(-5.093382066423E-1,1.935090589935E0,
8.742222206294E-1));
#1524=LINE('',#1523,#1522);
#1525=CARTESIAN_POINT('',(-5.326593230183E-1,1.928801453131E0,
8.742222206294E-1));
#1526=CARTESIAN_POINT('',(-5.378982226235E-1,1.927354674505E0,
8.891307913117E-1));
#1527=CARTESIAN_POINT('',(-5.431364198403E-1,1.925885118127E0,
9.040373631757E-1));
#1528=CARTESIAN_POINT('',(-5.483739104003E-1,1.924392645588E0,
9.189419240753E-1));
#1530=DIRECTION('',(0.E0,-1.E0,0.E0));
#1531=VECTOR('',#1530,1.037451599625E-3);
#1532=CARTESIAN_POINT('',(-5.326593230183E-1,1.928801453131E0,
8.742222206294E-1));
#1533=LINE('',#1532,#1531);
#1534=CARTESIAN_POINT('',(0.E0,0.E0,9.189419240753E-1));
#1535=DIRECTION('',(0.E0,0.E0,1.E0));
#1536=DIRECTION('',(-2.740499302350E-1,9.617154650613E-1,0.E0));
#1537=AXIS2_PLACEMENT_3D('',#1534,#1535,#1536);
#1539=DIRECTION('',(1.067696976813E-13,-1.E0,0.E0));
#1540=VECTOR('',#1539,1.039829697691E-3);
#1541=CARTESIAN_POINT('',(-5.483739104003E-1,1.924392645588E0,
9.189419240753E-1));
#1542=LINE('',#1541,#1540);
#1543=CARTESIAN_POINT('',(-6.164565243390E-1,1.903676010670E0,
9.189419240753E-1));
#1544=CARTESIAN_POINT('',(-6.220162102177E-1,1.901875649362E0,
9.040324907662E-1));
#1545=CARTESIAN_POINT('',(-6.275748302349E-1,1.900048724358E0,
8.891259157829E-1));
#1546=CARTESIAN_POINT('',(-6.331323763715E-1,1.898195035814E0,
8.742222206294E-1));
#1548=DIRECTION('',(0.E0,-1.E0,0.E0));
#1549=VECTOR('',#1548,1.051151797278E-3);
#1550=CARTESIAN_POINT('',(-6.164565243390E-1,1.903676010670E0,
9.189419240753E-1));
#1551=LINE('',#1550,#1549);
#1552=CARTESIAN_POINT('',(0.E0,0.E0,8.742222206294E-1));
#1553=DIRECTION('',(0.E0,0.E0,1.E0));
#1554=DIRECTION('',(-3.164079841937E-1,9.486232063040E-1,0.E0));
#1555=AXIS2_PLACEMENT_3D('',#1552,#1553,#1554);
#1557=DIRECTION('',(-1.053154032360E-13,-1.E0,0.E0));
#1558=VECTOR('',#1557,1.054188647160E-3);
#1559=CARTESIAN_POINT('',(-6.331323763715E-1,1.898195035814E0,
8.742222206294E-1));
#1560=LINE('',#1559,#1558);
#1561=DIRECTION('',(0.E0,0.E0,1.E0));
#1562=VECTOR('',#1561,1.864017545589E-2);
#1563=CARTESIAN_POINT('',(-8.822070016691E-2,1.999054303430E0,
6.148479406391E-1));
#1564=LINE('',#1563,#1562);
#1565=DIRECTION('',(4.159286046739E-14,-1.E0,0.E0));
#1566=VECTOR('',#1565,1.000973795877E-3);
#1567=CARTESIAN_POINT('',(-8.822070016691E-2,1.999054303430E0,
6.148479406391E-1));
#1568=LINE('',#1567,#1566);
#1569=CARTESIAN_POINT('',(0.E0,0.E0,6.334881160950E-1));
#1570=DIRECTION('',(0.E0,0.E0,1.E0));
#1571=DIRECTION('',(-1.069060953982E-2,9.999428538010E-1,0.E0));
#1572=AXIS2_PLACEMENT_3D('',#1569,#1570,#1571);
#1574=DIRECTION('',(4.159286046739E-14,-1.E0,0.E0));
#1575=VECTOR('',#1574,1.000973795877E-3);
#1576=CARTESIAN_POINT('',(-8.822070016691E-2,1.999054303430E0,
6.334881160950E-1));
#1577=LINE('',#1576,#1575);
#1578=DIRECTION('',(0.E0,0.E0,1.E0));
#1579=VECTOR('',#1578,5.500105582689E-2);
#1580=CARTESIAN_POINT('',(-2.139190968917E-2,2.000885650456E0,
6.334881160950E-1));
#1581=LINE('',#1580,#1579);
#1582=DIRECTION('',(-7.632346891647E-14,-1.E0,0.E0));
#1583=VECTOR('',#1582,1.000057178042E-3);
#1584=CARTESIAN_POINT('',(-2.139190968917E-2,2.000885650456E0,
6.334881160950E-1));
#1585=LINE('',#1584,#1583);
#1586=CARTESIAN_POINT('',(0.E0,0.E0,6.884891719219E-1));
#1587=DIRECTION('',(0.E0,0.E0,1.E0));
#1588=DIRECTION('',(-1.069060953982E-2,9.999428538010E-1,0.E0));
#1589=AXIS2_PLACEMENT_3D('',#1586,#1587,#1588);
#1591=DIRECTION('',(-7.632346891647E-14,-1.E0,0.E0));
#1592=VECTOR('',#1591,1.000057178042E-3);
#1593=CARTESIAN_POINT('',(-2.139190968917E-2,2.000885650456E0,
6.884891719219E-1));
#1594=LINE('',#1593,#1592);
#1595=DIRECTION('',(0.E0,0.E0,1.E0));
#1596=VECTOR('',#1595,1.872376368606E-2);
#1597=CARTESIAN_POINT('',(-7.986187709204E-2,1.999405681843E0,
6.884891719219E-1));
#1598=LINE('',#1597,#1596);
#1599=DIRECTION('',(4.160017500321E-14,-1.E0,0.E0));
#1600=VECTOR('',#1599,1.000797795207E-3);
#1601=CARTESIAN_POINT('',(-7.986187709204E-2,1.999405681843E0,
6.884891719219E-1));
#1602=LINE('',#1601,#1600);
#1603=CARTESIAN_POINT('',(0.E0,0.E0,7.072129356080E-1));
#1604=DIRECTION('',(0.E0,0.E0,1.E0));
#1605=DIRECTION('',(-1.069060953982E-2,9.999428538010E-1,0.E0));
#1606=AXIS2_PLACEMENT_3D('',#1603,#1604,#1605);
#1608=DIRECTION('',(4.160017500321E-14,-1.E0,0.E0));
#1609=VECTOR('',#1608,1.000797795207E-3);
#1610=CARTESIAN_POINT('',(-7.986187709204E-2,1.999405681843E0,
7.072129356080E-1));
#1611=LINE('',#1610,#1609);
#1612=DIRECTION('',(0.E0,0.E0,1.E0));
#1613=VECTOR('',#1612,5.232623244476E-2);
#1614=CARTESIAN_POINT('',(-2.139190968917E-2,2.000885650456E0,
7.072129356080E-1));
#1615=LINE('',#1614,#1613);
#1616=DIRECTION('',(-7.632346891647E-14,-1.E0,0.E0));
#1617=VECTOR('',#1616,1.000057178042E-3);
#1618=CARTESIAN_POINT('',(-2.139190968917E-2,2.000885650456E0,
7.072129356080E-1));
#1619=LINE('',#1618,#1617);
#1620=CARTESIAN_POINT('',(0.E0,0.E0,7.595391680527E-1));
#1621=DIRECTION('',(0.E0,0.E0,1.E0));
#1622=DIRECTION('',(-1.069060953982E-2,9.999428538010E-1,0.E0));
#1623=AXIS2_PLACEMENT_3D('',#1620,#1621,#1622);
#1625=DIRECTION('',(-7.632346891647E-14,-1.E0,0.E0));
#1626=VECTOR('',#1625,1.000057178042E-3);
#1627=CARTESIAN_POINT('',(-2.139190968917E-2,2.000885650456E0,
7.595391680527E-1));
#1628=LINE('',#1627,#1626);
#1629=DIRECTION('',(0.E0,1.180626628959E-14,1.E0));
#1630=VECTOR('',#1629,1.880735191623E-2);
#1631=CARTESIAN_POINT('',(-8.450102389819E-2,1.999214990180E0,
7.595391680527E-1));
#1632=LINE('',#1631,#1630);
#1633=DIRECTION('',(1.386540181129E-14,-1.E0,0.E0));
#1634=VECTOR('',#1633,1.000893302386E-3);
#1635=CARTESIAN_POINT('',(-8.450102389819E-2,1.999214990180E0,
7.595391680527E-1));
#1636=LINE('',#1635,#1634);
#1637=CARTESIAN_POINT('',(0.E0,0.E0,7.783465199689E-1));
#1638=DIRECTION('',(0.E0,0.E0,1.E0));
#1639=DIRECTION('',(-1.428692789255E-4,9.999999897942E-1,0.E0));
#1640=AXIS2_PLACEMENT_3D('',#1637,#1638,#1639);
#1642=DIRECTION('',(1.386540181129E-14,-1.E0,0.E0));
#1643=VECTOR('',#1642,1.000893302386E-3);
#1644=CARTESIAN_POINT('',(-8.450102389819E-2,1.999214990180E0,
7.783465199689E-1));
#1645=LINE('',#1644,#1643);
#1646=DIRECTION('',(0.E0,0.E0,1.E0));
#1647=VECTOR('',#1646,1.634985793298E-1);
#1648=CARTESIAN_POINT('',(-2.858814271300E-4,2.000999979578E0,
6.148479406391E-1));
#1649=LINE('',#1648,#1647);
#1650=DIRECTION('',(0.E0,-1.E0,0.E0));
#1651=VECTOR('',#1650,1.000000010210E-3);
#1652=CARTESIAN_POINT('',(-2.858814271300E-4,2.000999979578E0,
7.783465199689E-1));
#1653=LINE('',#1652,#1651);
#1654=CARTESIAN_POINT('',(0.E0,0.E0,6.148479406391E-1));
#1655=DIRECTION('',(0.E0,0.E0,1.E0));
#1656=DIRECTION('',(-1.428692789255E-4,9.999999897942E-1,0.E0));
#1657=AXIS2_PLACEMENT_3D('',#1654,#1655,#1656);
#1659=DIRECTION('',(0.E0,-1.E0,0.E0));
#1660=VECTOR('',#1659,1.000000010210E-3);
#1661=CARTESIAN_POINT('',(-2.858814271300E-4,2.000999979578E0,
6.148479406391E-1));
#1662=LINE('',#1661,#1660);
#1663=CARTESIAN_POINT('',(-1.811708127508E-1,1.992781507493E0,
6.734432903889E-1));
#1664=CARTESIAN_POINT('',(-1.766180062371E-1,1.993195419231E0,
6.728306803381E-1));
#1665=CARTESIAN_POINT('',(-1.675095010906E-1,1.993992042913E0,
6.716050710827E-1));
#1666=CARTESIAN_POINT('',(-1.583956318483E-1,1.994726227898E0,
6.703787400530E-1));
#1667=CARTESIAN_POINT('',(-1.538374612989E-1,1.995077701620E0,
6.697654082359E-1));
#1669=DIRECTION('',(-6.364879045496E-12,-1.E0,7.748548403213E-13));
#1670=VECTOR('',#1669,1.002969945849E-3);
#1671=CARTESIAN_POINT('',(-1.538374612989E-1,1.995077701620E0,
6.697654082359E-1));
#1672=LINE('',#1671,#1670);
#1673=DIRECTION('',(0.E0,0.E0,1.E0));
#1674=VECTOR('',#1673,1.120082291957E-2);
#1675=CARTESIAN_POINT('',(-1.811708127508E-1,1.992781507493E0,
6.622424674694E-1));
#1676=LINE('',#1675,#1674);
#1677=DIRECTION('',(5.528304200575E-14,-1.E0,-1.105660840115E-13));
#1678=VECTOR('',#1677,1.004126206106E-3);
#1679=CARTESIAN_POINT('',(-1.811708127508E-1,1.992781507493E0,
6.734432903889E-1));
#1680=LINE('',#1679,#1678);
#1681=CARTESIAN_POINT('',(-1.538374612989E-1,1.995077701620E0,
6.697654082359E-1));
#1682=CARTESIAN_POINT('',(-1.513461805509E-1,1.995269800557E0,
6.694172816685E-1));
#1683=CARTESIAN_POINT('',(-1.463116371387E-1,1.995649061394E0,
6.686495996854E-1));
#1684=CARTESIAN_POINT('',(-1.381712304251E-1,1.996229114285E0,
6.662753687906E-1));
#1685=CARTESIAN_POINT('',(-1.313086658180E-1,1.996689143281E0,
6.605275803637E-1));
#1686=CARTESIAN_POINT('',(-1.282042572012E-1,1.996888659555E0,
6.517281047523E-1));
#1687=CARTESIAN_POINT('',(-1.287570849476E-1,1.996853338924E0,
6.429261523260E-1));
#1688=CARTESIAN_POINT('',(-1.325811398623E-1,1.996605673474E0,
6.350706667057E-1));
#1689=CARTESIAN_POINT('',(-1.401968656508E-1,1.996089136646E0,
6.299377509978E-1));
#1690=CARTESIAN_POINT('',(-1.495471239296E-1,1.995411566620E0,
6.284309776425E-1));
#1691=CARTESIAN_POINT('',(-1.587245295311E-1,1.994700850353E0,
6.297050327466E-1));
#1692=CARTESIAN_POINT('',(-1.662352974451E-1,1.994086603696E0,
6.330354929354E-1));
#1693=CARTESIAN_POINT('',(-1.720305301289E-1,1.993593347054E0,
6.376153884525E-1));
#1694=CARTESIAN_POINT('',(-1.761063209609E-1,1.993236396260E0,
6.429616682434E-1));
#1695=CARTESIAN_POINT('',(-1.789737096650E-1,1.992980478009E0,
6.489205834358E-1));
#1696=CARTESIAN_POINT('',(-1.807535087745E-1,1.992819506595E0,
6.554594225630E-1));
#1697=CARTESIAN_POINT('',(-1.811708127508E-1,1.992781507493E0,
6.599458148259E-1));
#1698=CARTESIAN_POINT('',(-1.811708127508E-1,1.992781507493E0,
6.622424674694E-1));
#1700=DIRECTION('',(5.528304200575E-14,-1.E0,-2.211321680230E-13));
#1701=VECTOR('',#1700,1.004126206106E-3);
#1702=CARTESIAN_POINT('',(-1.811708127508E-1,1.992781507493E0,
6.622424674694E-1));
#1703=LINE('',#1702,#1701);
#1704=DIRECTION('',(0.E0,0.E0,1.E0));
#1705=VECTOR('',#1704,1.805505784024E-2);
#1706=CARTESIAN_POINT('',(-1.811708127508E-1,1.992781507493E0,
6.148479406391E-1));
#1707=LINE('',#1706,#1705);
#1708=DIRECTION('',(5.528304200575E-14,-1.E0,0.E0));
#1709=VECTOR('',#1708,1.004126206106E-3);
#1710=CARTESIAN_POINT('',(-1.811708127508E-1,1.992781507493E0,
6.329029984794E-1));
#1711=LINE('',#1710,#1709);
#1712=CARTESIAN_POINT('',(-2.016499292827E-1,1.990813478461E0,
6.148479406391E-1));
#1713=CARTESIAN_POINT('',(-1.982384600129E-1,1.991159026923E0,
6.148479406391E-1));
#1714=CARTESIAN_POINT('',(-1.914137445303E-1,1.991832586125E0,
6.148479406391E-1));
#1715=CARTESIAN_POINT('',(-1.845856555230E-1,1.992471052063E0,
6.148479406391E-1));
#1716=CARTESIAN_POINT('',(-1.811708127508E-1,1.992781507493E0,
6.148479406391E-1));
#1718=DIRECTION('',(5.528304200575E-14,-1.E0,0.E0));
#1719=VECTOR('',#1718,1.004126206106E-3);
#1720=CARTESIAN_POINT('',(-1.811708127508E-1,1.992781507493E0,
6.148479406391E-1));
#1721=LINE('',#1720,#1719);
#1722=DIRECTION('',(-7.440680998263E-12,-7.564415331071E-13,-1.E0));
#1723=VECTOR('',#1722,7.514581943607E-2);
#1724=CARTESIAN_POINT('',(-2.016499292821E-1,1.990813478461E0,
6.899937600752E-1));
#1725=LINE('',#1724,#1723);
#1726=DIRECTION('',(1.656852543017E-13,-1.E0,0.E0));
#1727=VECTOR('',#1726,1.005119341463E-3);
#1728=CARTESIAN_POINT('',(-2.016499292827E-1,1.990813478461E0,
6.148479406391E-1));
#1729=LINE('',#1728,#1727);
#1730=CARTESIAN_POINT('',(-1.192319337709E-1,1.997444553916E0,
7.234290523722E-1));
#1731=CARTESIAN_POINT('',(-1.246529433971E-1,1.997120961725E0,
7.268343075165E-1));
#1732=CARTESIAN_POINT('',(-1.352932476233E-1,1.996440772547E0,
7.321397128477E-1));
#1733=CARTESIAN_POINT('',(-1.503622462983E-1,1.995362124051E0,
7.356027103169E-1));
#1734=CARTESIAN_POINT('',(-1.658768074169E-1,1.994132902472E0,
7.337492947655E-1));
#1735=CARTESIAN_POINT('',(-1.804967632398E-1,1.992857487141E0,
7.261798215813E-1));
#1736=CARTESIAN_POINT('',(-1.920161253141E-1,1.991773608917E0,
7.156091444678E-1));
#1737=CARTESIAN_POINT('',(-1.998230753857E-1,1.990999897356E0,
7.028573858407E-1));
#1738=CARTESIAN_POINT('',(-2.016499292821E-1,1.990813478461E0,
6.943625237263E-1));
#1739=CARTESIAN_POINT('',(-2.016499292821E-1,1.990813478461E0,
6.899937600752E-1));
#1741=DIRECTION('',(5.522841810056E-14,-1.E0,0.E0));
#1742=VECTOR('',#1741,1.005119341463E-3);
#1743=CARTESIAN_POINT('',(-2.016499292821E-1,1.990813478461E0,
6.899937600752E-1));
#1744=LINE('',#1743,#1742);
#1745=DIRECTION('',(0.E0,0.E0,1.E0));
#1746=VECTOR('',#1745,1.989399891734E-2);
#1747=CARTESIAN_POINT('',(-1.192319337709E-1,1.997444553916E0,
7.035350534549E-1));
#1748=LINE('',#1747,#1746);
#1749=DIRECTION('',(-1.108249354694E-13,-1.E0,0.E0));
#1750=VECTOR('',#1749,1.001780889763E-3);
#1751=CARTESIAN_POINT('',(-1.192319337709E-1,1.997444553916E0,
7.234290523722E-1));
#1752=LINE('',#1751,#1750);
#1753=CARTESIAN_POINT('',(-1.811708127503E-1,1.992781507493E0,
6.890742895375E-1));
#1754=CARTESIAN_POINT('',(-1.811708127503E-1,1.992781507493E0,
6.920255529919E-1));
#1755=CARTESIAN_POINT('',(-1.799282534958E-1,1.992894887070E0,
6.977131022326E-1));
#1756=CARTESIAN_POINT('',(-1.752991260874E-1,1.993309469769E0,
7.058249462411E-1));
#1757=CARTESIAN_POINT('',(-1.682385727605E-1,1.993920436093E0,
7.128903062855E-1));
#1758=CARTESIAN_POINT('',(-1.594885195937E-1,1.994640850955E0,
7.177156727242E-1));
#1759=CARTESIAN_POINT('',(-1.500983635385E-1,1.995370750417E0,
7.189402818112E-1));
#1760=CARTESIAN_POINT('',(-1.397477653879E-1,1.996123318751E0,
7.165484741508E-1));
#1761=CARTESIAN_POINT('',(-1.294298657524E-1,1.996818378269E0,
7.112440148084E-1));
#1762=CARTESIAN_POINT('',(-1.226592721989E-1,1.997239968418E0,
7.063166614546E-1));
#1763=CARTESIAN_POINT('',(-1.192319337709E-1,1.997444553916E0,
7.035350534549E-1));
#1765=DIRECTION('',(-1.385311693368E-13,-1.E0,0.E0));
#1766=VECTOR('',#1765,1.001780889763E-3);
#1767=CARTESIAN_POINT('',(-1.192319337709E-1,1.997444553916E0,
7.035350534549E-1));
#1768=LINE('',#1767,#1766);
#1769=CARTESIAN_POINT('',(-1.465652852233E-1,1.995625119397E0,
6.842261721554E-1));
#1770=CARTESIAN_POINT('',(-1.523369399652E-1,1.995201230052E0,
6.850347614669E-1));
#1771=CARTESIAN_POINT('',(-1.638764664847E-1,1.994303381252E0,
6.866514101095E-1));
#1772=CARTESIAN_POINT('',(-1.754075754312E-1,1.993305463775E0,
6.882668794785E-1));
#1773=CARTESIAN_POINT('',(-1.811708127503E-1,1.992781507493E0,
6.890742895375E-1));
#1775=DIRECTION('',(2.487736890258E-13,-1.E0,-3.316982520344E-13));
#1776=VECTOR('',#1775,1.004126206107E-3);
#1777=CARTESIAN_POINT('',(-1.811708127503E-1,1.992781507493E0,
6.890742895375E-1));
#1778=LINE('',#1777,#1776);
#1779=CARTESIAN_POINT('',(-1.811708127508E-1,1.992781507493E0,
6.329029984794E-1));
#1780=CARTESIAN_POINT('',(-1.788458145803E-1,1.992992881297E0,
6.289035197608E-1));
#1781=CARTESIAN_POINT('',(-1.728513262970E-1,1.993531569540E0,
6.220165685021E-1));
#1782=CARTESIAN_POINT('',(-1.590379667120E-1,1.994689422220E0,
6.140806429934E-1));
#1783=CARTESIAN_POINT('',(-1.432090622614E-1,1.995890545571E0,
6.110913716267E-1));
#1784=CARTESIAN_POINT('',(-1.278683706946E-1,1.996926001069E0,
6.138364720066E-1));
#1785=CARTESIAN_POINT('',(-1.165116447857E-1,1.997611379506E0,
6.213684709477E-1));
#1786=CARTESIAN_POINT('',(-1.098719672640E-1,1.997982875972E0,
6.316300775522E-1));
#1787=CARTESIAN_POINT('',(-1.070325312337E-1,1.998135144781E0,
6.429717715793E-1));
#1788=CARTESIAN_POINT('',(-1.088481347209E-1,1.998038626486E0,
6.546888807202E-1));
#1789=CARTESIAN_POINT('',(-1.151644988093E-1,1.997688158684E0,
6.657076254715E-1));
#1790=CARTESIAN_POINT('',(-1.242198278618E-1,1.997149682046E0,
6.747438434590E-1));
#1791=CARTESIAN_POINT('',(-1.354625935704E-1,1.996420243672E0,
6.815184266974E-1));
#1792=CARTESIAN_POINT('',(-1.427964185348E-1,1.995901917386E0,
6.837017020335E-1));
#1793=CARTESIAN_POINT('',(-1.465652852233E-1,1.995625119397E0,
6.842261721554E-1));
#1795=DIRECTION('',(-7.856140100615E-10,-1.E0,1.098381449535E-10));
#1796=VECTOR('',#1795,1.002694683978E-3);
#1797=CARTESIAN_POINT('',(-1.465652852233E-1,1.995625119397E0,
6.842261721554E-1));
#1798=LINE('',#1797,#1796);
#1799=DIRECTION('',(0.E0,0.E0,1.E0));
#1800=VECTOR('',#1799,2.114782237768E-2);
#1801=CARTESIAN_POINT('',(-2.294012218889E-1,1.987806851632E0,
6.189437639453E-1));
#1802=LINE('',#1801,#1800);
#1803=DIRECTION('',(5.514496719622E-14,-1.E0,0.E0));
#1804=VECTOR('',#1803,1.006640389027E-3);
#1805=CARTESIAN_POINT('',(-2.294012218889E-1,1.987806851632E0,
6.400915863230E-1));
#1806=LINE('',#1805,#1804);
#1807=CARTESIAN_POINT('',(-3.026663061342E-1,1.977977276697E0,
7.092190531454E-1));
#1808=CARTESIAN_POINT('',(-2.987864855572E-1,1.978570959434E0,
7.117065936114E-1));
#1809=CARTESIAN_POINT('',(-2.909435732085E-1,1.979747086595E0,
7.152674839497E-1));
#1810=CARTESIAN_POINT('',(-2.797526769989E-1,1.981357749407E0,
7.175883907260E-1));
#1811=CARTESIAN_POINT('',(-2.694920106975E-1,1.982777844052E0,
7.178906127932E-1));
#1812=CARTESIAN_POINT('',(-2.602780026739E-1,1.984005820104E0,
7.161804462684E-1));
#1813=CARTESIAN_POINT('',(-2.535071544653E-1,1.984878652371E0,
7.108153207021E-1));
#1814=CARTESIAN_POINT('',(-2.502702078184E-1,1.985287298076E0,
7.041233520247E-1));
#1815=CARTESIAN_POINT('',(-2.508076189769E-1,1.985219784069E0,
6.974352322867E-1));
#1816=CARTESIAN_POINT('',(-2.544150860063E-1,1.984762414035E0,
6.911798620186E-1));
#1817=CARTESIAN_POINT('',(-2.604827741139E-1,1.983977519082E0,
6.862517341381E-1));
#1818=CARTESIAN_POINT('',(-2.685183696267E-1,1.982908270635E0,
6.830139729689E-1));
#1819=CARTESIAN_POINT('',(-2.778590481437E-1,1.981622391721E0,
6.802309910415E-1));
#1820=CARTESIAN_POINT('',(-2.878311443843E-1,1.980199583628E0,
6.764367177649E-1));
#1821=CARTESIAN_POINT('',(-2.980256857172E-1,1.978689659359E0,
6.705154716569E-1));
#1822=CARTESIAN_POINT('',(-3.060385432370E-1,1.977461013343E0,
6.602691190471E-1));
#1823=CARTESIAN_POINT('',(-3.092227600541E-1,1.976962503110E0,
6.476330560829E-1));
#1824=CARTESIAN_POINT('',(-3.066348107050E-1,1.977367742178E0,
6.351991040903E-1));
#1825=CARTESIAN_POINT('',(-2.987014202703E-1,1.978589914128E0,
6.231314716042E-1));
#1826=CARTESIAN_POINT('',(-2.852427119227E-1,1.980584892079E0,
6.146576548736E-1));
#1827=CARTESIAN_POINT('',(-2.682175284192E-1,1.982973430463E0,
6.116229590189E-1));
#1828=CARTESIAN_POINT('',(-2.480484372556E-1,1.985600306539E0,
6.123240552042E-1));
#1829=CARTESIAN_POINT('',(-2.354743769055E-1,1.987105984151E0,
6.159071864368E-1));
#1830=CARTESIAN_POINT('',(-2.294012218889E-1,1.987806851632E0,
6.189437639453E-1));
#1832=DIRECTION('',(5.514496719622E-14,-1.E0,0.E0));
#1833=VECTOR('',#1832,1.006640389027E-3);
#1834=CARTESIAN_POINT('',(-2.294012218889E-1,1.987806851632E0,
6.189437639453E-1));
#1835=LINE('',#1834,#1833);
#1836=DIRECTION('',(0.E0,0.E0,-1.E0));
#1837=VECTOR('',#1836,1.989399891623E-2);
#1838=CARTESIAN_POINT('',(-3.026663061342E-1,1.977977276697E0,
7.291130520616E-1));
#1839=LINE('',#1838,#1837);
#1840=DIRECTION('',(0.E0,-1.E0,1.097442808667E-13));
#1841=VECTOR('',#1840,1.011645450548E-3);
#1842=CARTESIAN_POINT('',(-3.026663061342E-1,1.977977276697E0,
7.092190531454E-1));
#1843=LINE('',#1842,#1841);
#1844=CARTESIAN_POINT('',(-2.294012218889E-1,1.987806851632E0,
6.400915863230E-1));
#1845=CARTESIAN_POINT('',(-2.324346484791E-1,1.987456781521E0,
6.379075191780E-1));
#1846=CARTESIAN_POINT('',(-2.383605670702E-1,1.986759122282E0,
6.340091797786E-1));
#1847=CARTESIAN_POINT('',(-2.473027813665E-1,1.985666113730E0,
6.300535767797E-1));
#1848=CARTESIAN_POINT('',(-2.561924631387E-1,1.984537977642E0,
6.283717670123E-1));
#1849=CARTESIAN_POINT('',(-2.641919750767E-1,1.983487592471E0,
6.287102031055E-1));
#1850=CARTESIAN_POINT('',(-2.713218455054E-1,1.982523621310E0,
6.302961912501E-1));
#1851=CARTESIAN_POINT('',(-2.773003748827E-1,1.981695292052E0,
6.325763067652E-1));
#1852=CARTESIAN_POINT('',(-2.825838046463E-1,1.980947966782E0,
6.357929324527E-1));
#1853=CARTESIAN_POINT('',(-2.863629371735E-1,1.980403845628E0,
6.398241731674E-1));
#1854=CARTESIAN_POINT('',(-2.877847580087E-1,1.980197132142E0,
6.451277580827E-1));
#1855=CARTESIAN_POINT('',(-2.858699813583E-1,1.980475232670E0,
6.507732268809E-1));
#1856=CARTESIAN_POINT('',(-2.820357701427E-1,1.981026002666E0,
6.561327769511E-1));
#1857=CARTESIAN_POINT('',(-2.765870064366E-1,1.981795620720E0,
6.603645804698E-1));
#1858=CARTESIAN_POINT('',(-2.695076136269E-1,1.982772637737E0,
6.634180251858E-1));
#1859=CARTESIAN_POINT('',(-2.612456058094E-1,1.983879042014E0,
6.658631253108E-1));
#1860=CARTESIAN_POINT('',(-2.525447110672E-1,1.985006456392E0,
6.689159491996E-1));
#1861=CARTESIAN_POINT('',(-2.431432957460E-1,1.986179957612E0,
6.736636203504E-1));
#1862=CARTESIAN_POINT('',(-2.348450649075E-1,1.987175330545E0,
6.810152511176E-1));
#1863=CARTESIAN_POINT('',(-2.294228701067E-1,1.987804797243E0,
6.921792072585E-1));
#1864=CARTESIAN_POINT('',(-2.292272932671E-1,1.987827208016E0,
7.059422457885E-1));
#1865=CARTESIAN_POINT('',(-2.353878160436E-1,1.987113193565E0,
7.188386272579E-1));
#1866=CARTESIAN_POINT('',(-2.468955437559E-1,1.985726398478E0,
7.292808633187E-1));
#1867=CARTESIAN_POINT('',(-2.633093534707E-1,1.983629256257E0,
7.343167686313E-1));
#1868=CARTESIAN_POINT('',(-2.829498283187E-1,1.980928152973E0,
7.346796862151E-1));
#1869=CARTESIAN_POINT('',(-2.960959998399E-1,1.978982652421E0,
7.318184723008E-1));
#1870=CARTESIAN_POINT('',(-3.026663061342E-1,1.977977276697E0,
7.291130520616E-1));
#1872=DIRECTION('',(1.097442808667E-13,-1.E0,0.E0));
#1873=VECTOR('',#1872,1.011645450548E-3);
#1874=CARTESIAN_POINT('',(-3.026663061342E-1,1.977977276697E0,
7.291130520616E-1));
#1875=LINE('',#1874,#1873);
#1876=CARTESIAN_POINT('',(-3.723370964567E-1,1.966053429234E0,
6.438530567062E-1));
#1877=CARTESIAN_POINT('',(-3.727987233486E-1,1.965966004948E0,
6.422506357695E-1));
#1878=CARTESIAN_POINT('',(-3.737218869225E-1,1.965790836630E0,
6.390461070371E-1));
#1879=CARTESIAN_POINT('',(-3.746448700420E-1,1.965615028951E0,
6.358422047062E-1));
#1880=CARTESIAN_POINT('',(-3.751063164796E-1,1.965526965304E0,
6.342404101710E-1));
#1882=DIRECTION('',(0.E0,-1.E0,-7.633720120594E-13));
#1883=VECTOR('',#1882,1.018056864753E-3);
#1884=CARTESIAN_POINT('',(-3.751063164796E-1,1.965526965304E0,
6.342404101710E-1));
#1885=LINE('',#1884,#1883);
#1886=CARTESIAN_POINT('',(-3.418273922365E-1,1.971586932883E0,
7.316206989845E-1));
#1887=CARTESIAN_POINT('',(-3.452242313928E-1,1.970997999851E0,
7.218489699046E-1));
#1888=CARTESIAN_POINT('',(-3.520133379358E-1,1.969802841560E0,
7.023186634108E-1));
#1889=CARTESIAN_POINT('',(-3.621832528203E-1,1.967958304043E0,
6.730627438797E-1));
#1890=CARTESIAN_POINT('',(-3.689540153352E-1,1.966694127286E0,
6.535852078776E-1));
#1891=CARTESIAN_POINT('',(-3.723370964567E-1,1.966053429234E0,
6.438530567062E-1));
#1893=DIRECTION('',(1.090823694628E-13,-1.E0,1.090823694628E-13));
#1894=VECTOR('',#1893,1.017784111303E-3);
#1895=CARTESIAN_POINT('',(-3.723370964567E-1,1.966053429234E0,
6.438530567062E-1));
#1896=LINE('',#1895,#1894);
#1897=CARTESIAN_POINT('',(-3.189242170136E-1,1.975421054814E0,
7.316206989845E-1));
#1898=CARTESIAN_POINT('',(-3.227450780446E-1,1.974804191331E0,
7.316206989845E-1));
#1899=CARTESIAN_POINT('',(-3.303832206613E-1,1.973548293368E0,
7.316206989845E-1));
#1900=CARTESIAN_POINT('',(-3.380139472105E-1,1.972248095700E0,
7.316206989845E-1));
#1901=CARTESIAN_POINT('',(-3.418273922365E-1,1.971586932883E0,
7.316206989845E-1));
#1903=DIRECTION('',(1.640843147294E-13,-1.E0,0.E0));
#1904=VECTOR('',#1903,1.014926100453E-3);
#1905=CARTESIAN_POINT('',(-3.418273922365E-1,1.971586932883E0,
7.316206989845E-1));
#1906=LINE('',#1905,#1904);
#1907=CARTESIAN_POINT('',(-3.647305674594E-1,1.967478745288E0,
6.150987053319E-1));
#1908=CARTESIAN_POINT('',(-3.596556847751E-1,1.968419525383E0,
6.280081696785E-1));
#1909=CARTESIAN_POINT('',(-3.494960712320E-1,1.970262291936E0,
6.538521501150E-1));
#1910=CARTESIAN_POINT('',(-3.342272311931E-1,1.972909844284E0,
6.926929585350E-1));
#1911=CARTESIAN_POINT('',(-3.240284645799E-1,1.974596993455E0,
7.186365363796E-1));
#1912=CARTESIAN_POINT('',(-3.189242170136E-1,1.975421054814E0,
7.316206989845E-1));
#1914=DIRECTION('',(1.096023811692E-13,-1.E0,0.E0));
#1915=VECTOR('',#1914,1.012955204788E-3);
#1916=CARTESIAN_POINT('',(-3.189242170136E-1,1.975421054814E0,
7.316206989845E-1));
#1917=LINE('',#1916,#1915);
#1918=CARTESIAN_POINT('',(-3.557448326544E-1,1.969123311029E0,
5.938672947229E-1));
#1919=CARTESIAN_POINT('',(-3.572433439409E-1,1.968852587686E0,
5.974079632511E-1));
#1920=CARTESIAN_POINT('',(-3.602394784728E-1,1.968307768656E0,
6.044872020519E-1));
#1921=CARTESIAN_POINT('',(-3.632338345892E-1,1.967756209139E0,
6.115622388291E-1));
#1922=CARTESIAN_POINT('',(-3.647305674594E-1,1.967478745288E0,
6.150987053319E-1));
#1924=DIRECTION('',(0.E0,-1.E0,1.091614910928E-13));
#1925=VECTOR('',#1924,1.017046408501E-3);
#1926=CARTESIAN_POINT('',(-3.647305674594E-1,1.967478745288E0,
6.150987053319E-1));
#1927=LINE('',#1926,#1925);
#1928=CARTESIAN_POINT('',(-3.231454226661E-1,1.974734927987E0,
5.797408837285E-1));
#1929=CARTESIAN_POINT('',(-3.257675596326E-1,1.974305841760E0,
5.787029545123E-1));
#1930=CARTESIAN_POINT('',(-3.308032293153E-1,1.973471569556E0,
5.771031054135E-1));
#1931=CARTESIAN_POINT('',(-3.385229617446E-1,1.972162177934E0,
5.774845274150E-1));
#1932=CARTESIAN_POINT('',(-3.459561106921E-1,1.970870864496E0,
5.812370210017E-1));
#1933=CARTESIAN_POINT('',(-3.521066475559E-1,1.969779362189E0,
5.871550992782E-1));
#1934=CARTESIAN_POINT('',(-3.547500307116E-1,1.969303033472E0,
5.915012792911E-1));
#1935=CARTESIAN_POINT('',(-3.557448326544E-1,1.969123311029E0,
5.938672947229E-1));
#1937=DIRECTION('',(-1.533909081639E-10,-1.E0,3.627192415271E-10));
#1938=VECTOR('',#1937,1.016196556388E-3);
#1939=CARTESIAN_POINT('',(-3.557448326544E-1,1.969123311029E0,
5.938672947229E-1));
#1940=LINE('',#1939,#1938);
#1941=DIRECTION('',(0.E0,0.E0,1.E0));
#1942=VECTOR('',#1941,1.822223430282E-2);
#1943=CARTESIAN_POINT('',(-3.231454226661E-1,1.974734927987E0,
5.615186494256E-1));
#1944=LINE('',#1943,#1942);
#1945=DIRECTION('',(-5.478214661367E-14,-1.E0,0.E0));
#1946=VECTOR('',#1945,1.013307339392E-3);
#1947=CARTESIAN_POINT('',(-3.231454226661E-1,1.974734927987E0,
5.797408837285E-1));
#1948=LINE('',#1947,#1946);
#1949=CARTESIAN_POINT('',(-3.780210961478E-1,1.964968460527E0,
5.972108239532E-1));
#1950=CARTESIAN_POINT('',(-3.760049714123E-1,1.965356323080E0,
5.921192547060E-1));
#1951=CARTESIAN_POINT('',(-3.709445712136E-1,1.966324033308E0,
5.828077579402E-1));
#1952=CARTESIAN_POINT('',(-3.602977262562E-1,1.968307382204E0,
5.703550620707E-1));
#1953=CARTESIAN_POINT('',(-3.480414294259E-1,1.970512980291E0,
5.620703937421E-1));
#1954=CARTESIAN_POINT('',(-3.356744388403E-1,1.972657070742E0,
5.589716576201E-1));
#1955=CARTESIAN_POINT('',(-3.273770161882E-1,1.974042470453E0,
5.602540352703E-1));
#1956=CARTESIAN_POINT('',(-3.231454226661E-1,1.974734927987E0,
5.615186494256E-1));
#1958=DIRECTION('',(-5.478214661367E-14,-1.E0,0.E0));
#1959=VECTOR('',#1958,1.013307339392E-3);
#1960=CARTESIAN_POINT('',(-3.231454226661E-1,1.974734927987E0,
5.615186494256E-1));
#1961=LINE('',#1960,#1959);
#1962=CARTESIAN_POINT('',(-4.310160344372E-1,1.954028192749E0,
7.316206989845E-1));
#1963=CARTESIAN_POINT('',(-4.251512764799E-1,1.955321830541E0,
7.167460447332E-1));
#1964=CARTESIAN_POINT('',(-4.134059850861E-1,1.957857210497E0,
6.869567252358E-1));
#1965=CARTESIAN_POINT('',(-3.957409154690E-1,1.961504184805E0,
6.421532048187E-1));
#1966=CARTESIAN_POINT('',(-3.839328984721E-1,1.963831146601E0,
6.122047957790E-1));
#1967=CARTESIAN_POINT('',(-3.780210961478E-1,1.964968460527E0,
5.972108239532E-1));
#1969=DIRECTION('',(2.016909609459E-12,-1.E0,-5.233062770488E-12));
#1970=VECTOR('',#1969,1.018346378005E-3);
#1971=CARTESIAN_POINT('',(-3.780210961478E-1,1.964968460527E0,
5.972108239532E-1));
#1972=LINE('',#1971,#1970);
#1973=CARTESIAN_POINT('',(-4.097846238299E-1,1.958590708155E0,
7.316206989845E-1));
#1974=CARTESIAN_POINT('',(-4.133272833416E-1,1.957849497963E0,
7.316206989845E-1));
#1975=CARTESIAN_POINT('',(-4.204085807819E-1,1.956347853756E0,
7.316206989845E-1));
#1976=CARTESIAN_POINT('',(-4.274816265435E-1,1.954807806104E0,
7.316206989845E-1));
#1977=CARTESIAN_POINT('',(-4.310160344372E-1,1.954028192749E0,
7.316206989845E-1));
#1979=DIRECTION('',(0.E0,-1.E0,0.E0));
#1980=VECTOR('',#1979,1.024050905486E-3);
#1981=CARTESIAN_POINT('',(-4.310160344372E-1,1.954028192749E0,
7.316206989845E-1));
#1982=LINE('',#1981,#1980);
#1983=CARTESIAN_POINT('',(-3.778957138014E-1,1.964992577464E0,
6.436858802448E-1));
#1984=CARTESIAN_POINT('',(-3.814472386191E-1,1.964309569283E0,
6.534793379333E-1));
#1985=CARTESIAN_POINT('',(-3.885447583567E-1,1.962924647233E0,
6.730510044176E-1));
#1986=CARTESIAN_POINT('',(-3.991744118598E-1,1.960790644466E0,
7.023626570651E-1));
#1987=CARTESIAN_POINT('',(-4.062497415595E-1,1.959330291160E0,
7.218731337202E-1));
#1988=CARTESIAN_POINT('',(-4.097846238299E-1,1.958590708155E0,
7.316206989845E-1));
#1990=DIRECTION('',(0.E0,-1.E0,0.E0));
#1991=VECTOR('',#1990,1.021664143753E-3);
#1992=CARTESIAN_POINT('',(-4.097846238299E-1,1.958590708155E0,
7.316206989845E-1));
#1993=LINE('',#1992,#1991);
#1994=CARTESIAN_POINT('',(-3.751063164796E-1,1.965526965304E0,
6.342404101710E-1));
#1995=CARTESIAN_POINT('',(-3.753184586165E-1,1.965486479543E0,
6.353435492848E-1));
#1996=CARTESIAN_POINT('',(-3.758768360230E-1,1.965379841241E0,
6.374990282727E-1));
#1997=CARTESIAN_POINT('',(-3.768975598910E-1,1.965184370906E0,
6.406106848053E-1));
#1998=CARTESIAN_POINT('',(-3.775815740259E-1,1.965052990962E0,
6.426596903113E-1));
#1999=CARTESIAN_POINT('',(-3.778957138014E-1,1.964992577464E0,
6.436858802448E-1));
#2001=DIRECTION('',(2.616563515758E-12,-1.E0,-8.285784466568E-12));
#2002=VECTOR('',#2001,1.018333873056E-3);
#2003=CARTESIAN_POINT('',(-3.778957138014E-1,1.964992577464E0,
6.436858802448E-1));
#2004=LINE('',#2003,#2002);
#2005=DIRECTION('',(0.E0,-1.191215208518E-14,1.E0));
#2006=VECTOR('',#2005,1.864017545589E-2);
#2007=CARTESIAN_POINT('',(-5.410181460932E-1,1.926473556942E0,
6.148479406391E-1));
#2008=LINE('',#2007,#2006);
#2009=DIRECTION('',(0.E0,-1.E0,0.E0));
#2010=VECTOR('',#2009,1.038705902692E-3);
#2011=CARTESIAN_POINT('',(-5.410181460932E-1,1.926473556942E0,
6.148479406391E-1));
#2012=LINE('',#2011,#2010);
#2013=CARTESIAN_POINT('',(0.E0,0.E0,6.334881160950E-1));
#2014=DIRECTION('',(0.E0,0.E0,1.E0));
#2015=DIRECTION('',(-2.369761897129E-1,9.715154581936E-1,0.E0));
#2016=AXIS2_PLACEMENT_3D('',#2013,#2014,#2015);
#2018=DIRECTION('',(0.E0,-1.E0,0.E0));
#2019=VECTOR('',#2018,1.038705902692E-3);
#2020=CARTESIAN_POINT('',(-5.410181460932E-1,1.926473556942E0,
6.334881160950E-1));
#2021=LINE('',#2020,#2019);
#2022=DIRECTION('',(0.E0,0.E0,1.E0));
#2023=VECTOR('',#2022,5.500105582689E-2);
#2024=CARTESIAN_POINT('',(-4.741893556155E-1,1.944002431845E0,
6.334881160950E-1));
#2025=LINE('',#2024,#2023);
#2026=DIRECTION('',(1.078582786327E-13,-1.E0,0.E0));
#2027=VECTOR('',#2026,1.029335011368E-3);
#2028=CARTESIAN_POINT('',(-4.741893556155E-1,1.944002431845E0,
6.334881160950E-1));
#2029=LINE('',#2028,#2027);
#2030=CARTESIAN_POINT('',(0.E0,0.E0,6.884891719219E-1));
#2031=DIRECTION('',(0.E0,0.E0,1.E0));
#2032=DIRECTION('',(-2.369761897129E-1,9.715154581936E-1,0.E0));
#2033=AXIS2_PLACEMENT_3D('',#2030,#2031,#2032);
#2035=DIRECTION('',(1.078582786327E-13,-1.E0,0.E0));
#2036=VECTOR('',#2035,1.029335011368E-3);
#2037=CARTESIAN_POINT('',(-4.741893556155E-1,1.944002431845E0,
6.884891719219E-1));
#2038=LINE('',#2037,#2036);
#2039=DIRECTION('',(0.E0,0.E0,1.E0));
#2040=VECTOR('',#2039,1.872376368606E-2);
#2041=CARTESIAN_POINT('',(-5.326593230183E-1,1.928801453131E0,
6.884891719219E-1));
#2042=LINE('',#2041,#2040);
#2043=DIRECTION('',(0.E0,-1.E0,0.E0));
#2044=VECTOR('',#2043,1.037451599625E-3);
#2045=CARTESIAN_POINT('',(-5.326593230183E-1,1.928801453131E0,
6.884891719219E-1));
#2046=LINE('',#2045,#2044);
#2047=CARTESIAN_POINT('',(0.E0,0.E0,7.072129356080E-1));
#2048=DIRECTION('',(0.E0,0.E0,1.E0));
#2049=DIRECTION('',(-2.369761897129E-1,9.715154581936E-1,0.E0));
#2050=AXIS2_PLACEMENT_3D('',#2047,#2048,#2049);
#2052=DIRECTION('',(0.E0,-1.E0,0.E0));
#2053=VECTOR('',#2052,1.037451599625E-3);
#2054=CARTESIAN_POINT('',(-5.326593230183E-1,1.928801453131E0,
7.072129356080E-1));
#2055=LINE('',#2054,#2053);
#2056=DIRECTION('',(0.E0,0.E0,1.E0));
#2057=VECTOR('',#2056,5.232623244476E-2);
#2058=CARTESIAN_POINT('',(-4.741893556155E-1,1.944002431845E0,
7.072129356080E-1));
#2059=LINE('',#2058,#2057);
#2060=DIRECTION('',(1.078582786327E-13,-1.E0,0.E0));
#2061=VECTOR('',#2060,1.029335011368E-3);
#2062=CARTESIAN_POINT('',(-4.741893556155E-1,1.944002431845E0,
7.072129356080E-1));
#2063=LINE('',#2062,#2061);
#2064=CARTESIAN_POINT('',(0.E0,0.E0,7.595391680527E-1));
#2065=DIRECTION('',(0.E0,0.E0,1.E0));
#2066=DIRECTION('',(-2.369761897129E-1,9.715154581936E-1,0.E0));
#2067=AXIS2_PLACEMENT_3D('',#2064,#2065,#2066);
#2069=DIRECTION('',(1.078582786327E-13,-1.E0,0.E0));
#2070=VECTOR('',#2069,1.029335011368E-3);
#2071=CARTESIAN_POINT('',(-4.741893556155E-1,1.944002431845E0,
7.595391680527E-1));
#2072=LINE('',#2071,#2070);
#2073=DIRECTION('',(0.E0,0.E0,1.E0));
#2074=VECTOR('',#2073,1.880735191623E-2);
#2075=CARTESIAN_POINT('',(-5.372984698245E-1,1.927514294195E0,
7.595391680527E-1));
#2076=LINE('',#2075,#2074);
#2077=DIRECTION('',(0.E0,-1.E0,0.E0));
#2078=VECTOR('',#2077,1.038144764115E-3);
#2079=CARTESIAN_POINT('',(-5.372984698245E-1,1.927514294195E0,
7.595391680527E-1));
#2080=LINE('',#2079,#2078);
#2081=CARTESIAN_POINT('',(0.E0,0.E0,7.783465199689E-1));
#2082=DIRECTION('',(0.E0,0.E0,1.E0));
#2083=DIRECTION('',(-2.264284494520E-1,9.740278010810E-1,0.E0));
#2084=AXIS2_PLACEMENT_3D('',#2081,#2082,#2083);
#2086=DIRECTION('',(0.E0,-1.E0,0.E0));
#2087=VECTOR('',#2086,1.038144764115E-3);
#2088=CARTESIAN_POINT('',(-5.372984698245E-1,1.927514294195E0,
7.783465199689E-1));
#2089=LINE('',#2088,#2087);
#2090=DIRECTION('',(0.E0,0.E0,1.E0));
#2091=VECTOR('',#2090,1.634985793298E-1);
#2092=CARTESIAN_POINT('',(-4.530833273534E-1,1.949029629963E0,
6.148479406391E-1));
#2093=LINE('',#2092,#2091);
#2094=DIRECTION('',(-1.622060222253E-13,-1.E0,0.E0));
#2095=VECTOR('',#2094,1.026678611614E-3);
#2096=CARTESIAN_POINT('',(-4.530833273534E-1,1.949029629963E0,
7.783465199689E-1));
#2097=LINE('',#2096,#2095);
#2098=CARTESIAN_POINT('',(0.E0,0.E0,6.148479406391E-1));
#2099=DIRECTION('',(0.E0,0.E0,1.E0));
#2100=DIRECTION('',(-2.264284494520E-1,9.740278010810E-1,0.E0));
#2101=AXIS2_PLACEMENT_3D('',#2098,#2099,#2100);
#2103=DIRECTION('',(-1.622060222253E-13,-1.E0,0.E0));
#2104=VECTOR('',#2103,1.026678611614E-3);
#2105=CARTESIAN_POINT('',(-4.530833273534E-1,1.949029629963E0,
6.148479406391E-1));
#2106=LINE('',#2105,#2104);
#2107=CARTESIAN_POINT('',(-6.177103477976E-1,1.903269535884E0,
7.595391680527E-1));
#2108=CARTESIAN_POINT('',(-6.136021563248E-1,1.904602858535E0,
7.595391680527E-1));
#2109=CARTESIAN_POINT('',(-6.053771295362E-1,1.907242904471E0,
7.595391680527E-1));
#2110=CARTESIAN_POINT('',(-5.971351598276E-1,1.909829640587E0,
7.595391680527E-1));
#2111=CARTESIAN_POINT('',(-5.930100256134E-1,1.911109653976E0,
7.595391680527E-1));
#2113=DIRECTION('',(-1.060323271620E-13,-1.E0,0.E0));
#2114=VECTOR('',#2113,1.047060886373E-3);
#2115=CARTESIAN_POINT('',(-5.930100256134E-1,1.911109653976E0,
7.595391680527E-1));
#2116=LINE('',#2115,#2114);
#2117=CARTESIAN_POINT('',(-6.167490831438E-1,1.903581248185E0,
6.334881160950E-1));
#2118=CARTESIAN_POINT('',(-6.240063051207E-1,1.901229951121E0,
6.334881160950E-1));
#2119=CARTESIAN_POINT('',(-6.374876765652E-1,1.896772033493E0,
6.352416992625E-1));
#2120=CARTESIAN_POINT('',(-6.551008315272E-1,1.890750226173E0,
6.419499927994E-1));
#2121=CARTESIAN_POINT('',(-6.687675969730E-1,1.885948204248E0,
6.525292634779E-1));
#2122=CARTESIAN_POINT('',(-6.783613289165E-1,1.882510584391E0,
6.682683157028E-1));
#2123=CARTESIAN_POINT('',(-6.832437486197E-1,1.880738990908E0,
6.880234556965E-1));
#2124=CARTESIAN_POINT('',(-6.828239479771E-1,1.880891929020E0,
7.095829745905E-1));
#2125=CARTESIAN_POINT('',(-6.771685930404E-1,1.882940988959E0,
7.288447673650E-1));
#2126=CARTESIAN_POINT('',(-6.672549912289E-1,1.886483797324E0,
7.432973175084E-1));
#2127=CARTESIAN_POINT('',(-6.540961086451E-1,1.891095490709E0,
7.524066746920E-1));
#2128=CARTESIAN_POINT('',(-6.374736557377E-1,1.896773122080E0,
7.580957147939E-1));
#2129=CARTESIAN_POINT('',(-6.246267339518E-1,1.901024807423E0,
7.595391680527E-1));
#2130=CARTESIAN_POINT('',(-6.177103477976E-1,1.903269535884E0,
7.595391680527E-1));
#2132=DIRECTION('',(0.E0,-1.E0,0.E0));
#2133=VECTOR('',#2132,1.051376412249E-3);
#2134=CARTESIAN_POINT('',(-6.177103477976E-1,1.903269535884E0,
7.595391680527E-1));
#2135=LINE('',#2134,#2133);
#2136=CARTESIAN_POINT('',(-5.930100256139E-1,1.911109653976E0,
6.334881160950E-1));
#2137=CARTESIAN_POINT('',(-5.969743084495E-1,1.909879552155E0,
6.334881160950E-1));
#2138=CARTESIAN_POINT('',(-6.048952030318E-1,1.907394683679E0,
6.334881160950E-1));
#2139=CARTESIAN_POINT('',(-6.128004488847E-1,1.904860582367E0,
6.334881160950E-1));
#2140=CARTESIAN_POINT('',(-6.167490831438E-1,1.903581248185E0,
6.334881160950E-1));
#2142=DIRECTION('',(0.E0,-1.E0,0.E0));
#2143=VECTOR('',#2142,1.051204153747E-3);
#2144=CARTESIAN_POINT('',(-6.167490831438E-1,1.903581248185E0,
6.334881160950E-1));
#2145=LINE('',#2144,#2143);
#2146=DIRECTION('',(-4.389770231024E-12,-1.359912768198E-12,-1.E0));
#2147=VECTOR('',#2146,1.260510519577E-1);
#2148=CARTESIAN_POINT('',(-5.930100256134E-1,1.911109653976E0,
7.595391680527E-1));
#2149=LINE('',#2148,#2147);
#2150=DIRECTION('',(0.E0,-1.E0,0.E0));
#2151=VECTOR('',#2150,1.047060886373E-3);
#2152=CARTESIAN_POINT('',(-5.930100256139E-1,1.911109653976E0,
6.334881160950E-1));
#2153=LINE('',#2152,#2151);
#2154=CARTESIAN_POINT('',(-6.168744654913E-1,1.903540620482E0,
6.148479406391E-1));
#2155=CARTESIAN_POINT('',(-6.094072118683E-1,1.905960510049E0,
6.148479406391E-1));
#2156=CARTESIAN_POINT('',(-5.944441894051E-1,1.910712421842E0,
6.148479406391E-1));
#2157=CARTESIAN_POINT('',(-5.794262080008E-1,1.915287938256E0,
6.148479406391E-1));
#2158=CARTESIAN_POINT('',(-5.719039973524E-1,1.917531438546E0,
6.148479406391E-1));
#2160=DIRECTION('',(0.E0,-1.E0,0.E0));
#2161=VECTOR('',#2160,1.043552382278E-3);
#2162=CARTESIAN_POINT('',(-5.719039973525E-1,1.917531438546E0,
6.148479406391E-1));
#2163=LINE('',#2162,#2161);
#2164=CARTESIAN_POINT('',(-6.185462301054E-1,1.902998045512E0,
7.783465199689E-1));
#2165=CARTESIAN_POINT('',(-6.281079103133E-1,1.899890138355E0,
7.783465199689E-1));
#2166=CARTESIAN_POINT('',(-6.457344104598E-1,1.894005641764E0,
7.759255084206E-1));
#2167=CARTESIAN_POINT('',(-6.686017924327E-1,1.886033053342E0,
7.666610209947E-1));
#2168=CARTESIAN_POINT('',(-6.853965164561E-1,1.879975969896E0,
7.532488176148E-1));
#2169=CARTESIAN_POINT('',(-6.979248691867E-1,1.875350485565E0,
7.344992145086E-1));
#2170=CARTESIAN_POINT('',(-7.050400823475E-1,1.872677972082E0,
7.111165752238E-1));
#2171=CARTESIAN_POINT('',(-7.055632981460E-1,1.872479763598E0,
6.876776091484E-1));
#2172=CARTESIAN_POINT('',(-6.994361281914E-1,1.874786768377E0,
6.633293857870E-1));
#2173=CARTESIAN_POINT('',(-6.861617796068E-1,1.879701108967E0,
6.417827729668E-1));
#2174=CARTESIAN_POINT('',(-6.678921698051E-1,1.886288856052E0,
6.269987237363E-1));
#2175=CARTESIAN_POINT('',(-6.444351540078E-1,1.894450265717E0,
6.173825035677E-1));
#2176=CARTESIAN_POINT('',(-6.265156181065E-1,1.900416242256E0,
6.148479406391E-1));
#2177=CARTESIAN_POINT('',(-6.168744654913E-1,1.903540620482E0,
6.148479406391E-1));
#2179=DIRECTION('',(0.E0,-1.E0,0.E0));
#2180=VECTOR('',#2179,1.051226602234E-3);
#2181=CARTESIAN_POINT('',(-6.168744654913E-1,1.903540620482E0,
6.148479406391E-1));
#2182=LINE('',#2181,#2180);
#2183=CARTESIAN_POINT('',(-5.719039973519E-1,1.917531438546E0,
7.783465199689E-1));
#2184=CARTESIAN_POINT('',(-5.771058545098E-1,1.915979983982E0,
7.783465199689E-1));
#2185=CARTESIAN_POINT('',(-5.874969950226E-1,1.912834725491E0,
7.783465199689E-1));
#2186=CARTESIAN_POINT('',(-6.030454535170E-1,1.907989933438E0,
7.783465199690E-1));
#2187=CARTESIAN_POINT('',(-6.133838949507E-1,1.904675999389E0,
7.783465199689E-1));
#2188=CARTESIAN_POINT('',(-6.185462301054E-1,1.902998045512E0,
7.783465199689E-1));
#2190=DIRECTION('',(0.E0,-1.E0,0.E0));
#2191=VECTOR('',#2190,1.051526489319E-3);
#2192=CARTESIAN_POINT('',(-6.185462301054E-1,1.902998045512E0,
7.783465199689E-1));
#2193=LINE('',#2192,#2191);
#2194=DIRECTION('',(3.393848863899E-12,1.011771670110E-12,1.E0));
#2195=VECTOR('',#2194,1.634985793298E-1);
#2196=CARTESIAN_POINT('',(-5.719039973525E-1,1.917531438546E0,
6.148479406391E-1));
#2197=LINE('',#2196,#2195);
#2198=DIRECTION('',(1.063888160748E-13,-1.E0,0.E0));
#2199=VECTOR('',#2198,1.043552382277E-3);
#2200=CARTESIAN_POINT('',(-5.719039973519E-1,1.917531438546E0,
7.783465199689E-1));
#2201=LINE('',#2200,#2199);
#2202=CARTESIAN_POINT('',(-7.899856913550E-1,1.838456854934E0,
7.459978746728E-1));
#2203=CARTESIAN_POINT('',(-7.893579800576E-1,1.838726582745E0,
7.477818962564E-1));
#2204=CARTESIAN_POINT('',(-7.882952895017E-1,1.839182492237E0,
7.514897911305E-1));
#2205=CARTESIAN_POINT('',(-7.875260791157E-1,1.839511841037E0,
7.554269220968E-1));
#2206=CARTESIAN_POINT('',(-7.871838030846E-1,1.839658299838E0,
7.574494622829E-1));
#2208=DIRECTION('',(-1.020658424585E-13,-1.E0,6.123950547512E-12));
#2209=VECTOR('',#2208,1.087751786379E-3);
#2210=CARTESIAN_POINT('',(-7.871838030846E-1,1.839658299838E0,
7.574494622829E-1));
#2211=LINE('',#2210,#2209);
#2212=CARTESIAN_POINT('',(-8.146860135405E-1,1.827645397593E0,
6.780406430794E-1));
#2213=CARTESIAN_POINT('',(-8.119531823459E-1,1.828863576652E0,
6.855593969241E-1));
#2214=CARTESIAN_POINT('',(-8.064797481064E-1,1.831288704339E0,
7.006182870645E-1));
#2215=CARTESIAN_POINT('',(-7.982462831917E-1,1.834892591005E0,
7.232707641385E-1));
#2216=CARTESIAN_POINT('',(-7.927418052940E-1,1.837272551604E0,
7.384150637343E-1));
#2217=CARTESIAN_POINT('',(-7.899856913550E-1,1.838456854934E0,
7.459978746728E-1));
#2219=DIRECTION('',(-4.079965832044E-13,-1.E0,-1.325988895414E-12));
#2220=VECTOR('',#2219,1.088463061044E-3);
#2221=CARTESIAN_POINT('',(-7.899856913550E-1,1.838456854934E0,
7.459978746728E-1));
#2222=LINE('',#2221,#2220);
#2223=CARTESIAN_POINT('',(-7.598103400588E-1,1.851131882698E0,
6.780406430794E-1));
#2224=CARTESIAN_POINT('',(-7.659461335469E-1,1.848613402313E0,
6.780406430794E-1));
#2225=CARTESIAN_POINT('',(-7.781926591554E-1,1.843515434580E0,
6.780406430794E-1));
#2226=CARTESIAN_POINT('',(-7.964853386087E-1,1.835686268869E0,
6.780406430794E-1));
#2227=CARTESIAN_POINT('',(-8.086280663829E-1,1.830345770885E0,
6.780406430794E-1));
#2228=CARTESIAN_POINT('',(-8.146860135405E-1,1.827645397593E0,
6.780406430794E-1));
#2230=DIRECTION('',(0.E0,-1.E0,0.E0));
#2231=VECTOR('',#2230,1.094905725098E-3);
#2232=CARTESIAN_POINT('',(-8.146860135405E-1,1.827645397593E0,
6.780406430794E-1));
#2233=LINE('',#2232,#2231);
#2234=CARTESIAN_POINT('',(-7.842598975488E-1,1.840906682343E0,
7.459978746728E-1));
#2235=CARTESIAN_POINT('',(-7.815540359543E-1,1.842059428845E0,
7.384769670607E-1));
#2236=CARTESIAN_POINT('',(-7.761351365776E-1,1.844353881944E0,
7.234152057150E-1));
#2237=CARTESIAN_POINT('',(-7.679852618642E-1,1.847762341538E0,
7.007627334326E-1));
#2238=CARTESIAN_POINT('',(-7.625376991558E-1,1.850012418621E0,
6.856213027239E-1));
#2239=CARTESIAN_POINT('',(-7.598103400588E-1,1.851131882698E0,
6.780406430794E-1));
#2241=DIRECTION('',(-1.027027822559E-13,-1.E0,0.E0));
#2242=VECTOR('',#2241,1.081005791897E-3);
#2243=CARTESIAN_POINT('',(-7.598103400588E-1,1.851131882698E0,
6.780406430794E-1));
#2244=LINE('',#2243,#2242);
#2245=CARTESIAN_POINT('',(-7.871838030846E-1,1.839658299838E0,
7.574494622829E-1));
#2246=CARTESIAN_POINT('',(-7.868548034433E-1,1.839799077714E0,
7.554062013531E-1));
#2247=CARTESIAN_POINT('',(-7.860574307010E-1,1.840140079331E0,
7.514518467466E-1));
#2248=CARTESIAN_POINT('',(-7.849231114557E-1,1.840624141096E0,
7.477664450875E-1));
#2249=CARTESIAN_POINT('',(-7.842598975488E-1,1.840906682343E0,
7.459978746728E-1));
#2251=DIRECTION('',(-2.144838040144E-12,-1.E0,5.719568107050E-12));
#2252=VECTOR('',#2251,1.087013708297E-3);
#2253=CARTESIAN_POINT('',(-7.842598975488E-1,1.840906682343E0,
7.459978746728E-1));
#2254=LINE('',#2253,#2252);
#2255=CARTESIAN_POINT('',(-7.989296320460E-1,1.834587812845E0,
7.783465199689E-1));
#2256=CARTESIAN_POINT('',(-8.197113632197E-1,1.825537746817E0,
7.237840150357E-1));
#2257=CARTESIAN_POINT('',(-8.404694276745E-1,1.816078122216E0,
6.692836471523E-1));
#2258=CARTESIAN_POINT('',(-8.612028639489E-1,1.806192300705E0,
6.148479406391E-1));
#2260=DIRECTION('',(2.004160220812E-13,-1.E0,0.E0));
#2261=VECTOR('',#2260,1.107918431966E-3);
#2262=CARTESIAN_POINT('',(-8.612028639489E-1,1.806192300705E0,
6.148479406391E-1));
#2263=LINE('',#2262,#2261);
#2264=CARTESIAN_POINT('',(0.E0,0.E0,7.783465199689E-1));
#2265=DIRECTION('',(0.E0,0.E0,1.E0));
#2266=DIRECTION('',(-3.879864116672E-1,9.216650933835E-1,0.E0));
#2267=AXIS2_PLACEMENT_3D('',#2264,#2265,#2266);
#2269=DIRECTION('',(0.E0,-1.E0,0.E0));
#2270=VECTOR('',#2269,1.090759932342E-3);
#2271=CARTESIAN_POINT('',(-7.989296320460E-1,1.834587812845E0,
7.783465199689E-1));
#2272=LINE('',#2271,#2270);
#2273=CARTESIAN_POINT('',(-7.140875778437E-1,1.869245818818E0,
6.148479406391E-1));
#2274=CARTESIAN_POINT('',(-7.348653523007E-1,1.861308312426E0,6.694000572E-1));
#2275=CARTESIAN_POINT('',(-7.556233283583E-1,1.852981553189E0,
7.239001929966E-1));
#2276=CARTESIAN_POINT('',(-7.763608097460E-1,1.844251851860E0,
7.783465199689E-1));
#2278=DIRECTION('',(0.E0,-1.E0,0.E0));
#2279=VECTOR('',#2278,1.085040882480E-3);
#2280=CARTESIAN_POINT('',(-7.763608097460E-1,1.844251851860E0,
7.783465199689E-1));
#2281=LINE('',#2280,#2279);
#2282=CARTESIAN_POINT('',(0.E0,0.E0,6.148479406391E-1));
#2283=DIRECTION('',(0.E0,0.E0,1.E0));
#2284=DIRECTION('',(-3.568653562437E-1,9.341558314934E-1,0.E0));
#2285=AXIS2_PLACEMENT_3D('',#2282,#2283,#2284);
#2287=DIRECTION('',(1.037083472327E-13,-1.E0,0.E0));
#2288=VECTOR('',#2287,1.070524267573E-3);
#2289=CARTESIAN_POINT('',(-7.140875778437E-1,1.869245818818E0,
6.148479406391E-1));
#2290=LINE('',#2289,#2288);
#2291=CARTESIAN_POINT('',(-7.374086942197E-1,1.860169190609E0,
6.148479406391E-1));
#2292=CARTESIAN_POINT('',(-7.426480037283E-1,1.858092222340E0,
6.297576778019E-1));
#2293=CARTESIAN_POINT('',(-7.478862028353E-1,1.855990081069E0,
6.446642550450E-1));
#2294=CARTESIAN_POINT('',(-7.531232816017E-1,1.853862541482E0,
6.595676440850E-1));
#2296=DIRECTION('',(-1.032044740525E-13,-1.E0,0.E0));
#2297=VECTOR('',#2296,1.075750867215E-3);
#2298=CARTESIAN_POINT('',(-7.374086942197E-1,1.860169190609E0,
6.148479406391E-1));
#2299=LINE('',#2298,#2297);
#2300=CARTESIAN_POINT('',(0.E0,0.E0,6.595676440850E-1));
#2301=DIRECTION('',(0.E0,0.E0,1.E0));
#2302=DIRECTION('',(-3.763734540738E-1,9.264680367226E-1,0.E0));
#2303=AXIS2_PLACEMENT_3D('',#2300,#2301,#2302);
#2305=DIRECTION('',(0.E0,-1.E0,0.E0));
#2306=VECTOR('',#2305,1.079412589117E-3);
#2307=CARTESIAN_POINT('',(-7.531232816017E-1,1.853862541482E0,
6.595676440850E-1));
#2308=LINE('',#2307,#2306);
#2309=CARTESIAN_POINT('',(-8.212058955403E-1,1.824725151120E0,
6.595676440850E-1));
#2310=CARTESIAN_POINT('',(-8.267661769949E-1,1.822222781978E0,
6.446566136177E-1));
#2311=CARTESIAN_POINT('',(-8.323248002942E-1,1.819690597866E0,
6.297500298326E-1));
#2312=CARTESIAN_POINT('',(-8.378817475729E-1,1.817128277553E0,
6.148479406391E-1));
#2314=DIRECTION('',(-1.012368462048E-13,-1.E0,0.E0));
#2315=VECTOR('',#2314,1.096659038922E-3);
#2316=CARTESIAN_POINT('',(-8.212058955403E-1,1.824725151120E0,
6.595676440850E-1));
#2317=LINE('',#2316,#2315);
#2318=CARTESIAN_POINT('',(0.E0,0.E0,6.148479406391E-1));
#2319=DIRECTION('',(0.E0,0.E0,1.E0));
#2320=DIRECTION('',(-4.187315080324E-1,9.081100837348E-1,0.E0));
#2321=AXIS2_PLACEMENT_3D('',#2318,#2319,#2320);
#2323=DIRECTION('',(1.008151131098E-13,-1.E0,0.E0));
#2324=VECTOR('',#2323,1.101246619062E-3);
#2325=CARTESIAN_POINT('',(-8.378817475729E-1,1.817128277553E0,
6.148479406391E-1));
#2326=LINE('',#2325,#2324);
#2327=CARTESIAN_POINT('',(6.602098072107E-1,1.888947858058E0,
9.851050218436E-1));
#2328=CARTESIAN_POINT('',(6.474656689870E-1,1.893402086376E0,1.001770441278E0));
#2329=CARTESIAN_POINT('',(6.199274569459E-1,1.902746268571E0,1.030954942357E0));
#2330=CARTESIAN_POINT('',(5.709923759605E-1,1.918058788145E0,1.061495540742E0));
#2331=CARTESIAN_POINT('',(5.162716103007E-1,1.933558144985E0,1.079417379856E0));
#2332=CARTESIAN_POINT('',(4.590505978521E-1,1.947890091886E0,1.083365928438E0));
#2333=CARTESIAN_POINT('',(4.113262698927E-1,1.958435914898E0,1.075411295042E0));
#2334=CARTESIAN_POINT('',(3.695737260171E-1,1.966715464765E0,1.060506314685E0));
#2335=CARTESIAN_POINT('',(3.309677600813E-1,1.973558983625E0,1.038450351497E0));
#2336=CARTESIAN_POINT('',(2.957893315063E-1,1.979107034033E0,1.008138657037E0));
#2337=CARTESIAN_POINT('',(2.672588501220E-1,1.983121456844E0,
9.708345412327E-1));
#2338=CARTESIAN_POINT('',(2.539675682378E-1,1.984824843912E0,
9.436741874556E-1));
#2339=CARTESIAN_POINT('',(2.486996167473E-1,1.985484701686E0,
9.293070270979E-1));
#2341=DIRECTION('',(-2.754025717701E-14,-1.E0,-2.203220574161E-13));
#2342=VECTOR('',#2341,1.007818316192E-3);
#2343=CARTESIAN_POINT('',(2.486996167473E-1,1.985484701686E0,
9.293070270979E-1));
#2344=LINE('',#2343,#2342);
#2345=CARTESIAN_POINT('',(7.334446967946E-1,1.861735716138E0,
6.166058260807E-1));
#2346=CARTESIAN_POINT('',(7.489972043492E-1,1.855608689574E0,
6.206193733304E-1));
#2347=CARTESIAN_POINT('',(7.778102944041E-1,1.843819324555E0,
6.321706212339E-1));
#2348=CARTESIAN_POINT('',(8.160250474985E-1,1.827175511325E0,
6.592293837532E-1));
#2349=CARTESIAN_POINT('',(8.452626791368E-1,1.813771279424E0,
6.937318324262E-1));
#2350=CARTESIAN_POINT('',(8.647565459975E-1,1.804515278705E0,
7.332170931999E-1));
#2351=CARTESIAN_POINT('',(8.741747108366E-1,1.799951900745E0,
7.699381958730E-1));
#2352=CARTESIAN_POINT('',(8.765479812857E-1,1.798795033493E0,
8.090838216204E-1));
#2353=CARTESIAN_POINT('',(8.693972904872E-1,1.802275742909E0,
8.507774314027E-1));
#2354=CARTESIAN_POINT('',(8.543146486503E-1,1.809498443722E0,
8.878076500147E-1));
#2355=CARTESIAN_POINT('',(8.326380343309E-1,1.819604595959E0,
9.203990033073E-1));
#2356=CARTESIAN_POINT('',(8.049496608470E-1,1.832054226757E0,
9.474235009592E-1));
#2357=CARTESIAN_POINT('',(7.722873269085E-1,1.846089278859E0,
9.683981972060E-1));
#2358=CARTESIAN_POINT('',(7.357126089986E-1,1.860992719997E0,
9.826829565590E-1));
#2359=CARTESIAN_POINT('',(6.969277463579E-1,1.875857355714E0,
9.889710244850E-1));
#2360=CARTESIAN_POINT('',(6.724723116200E-1,1.884661966504E0,
9.866378422028E-1));
#2361=CARTESIAN_POINT('',(6.602098072107E-1,1.888947858058E0,
9.851050218436E-1));
#2363=DIRECTION('',(-6.288124006153E-13,-1.E0,2.096041335384E-13));
#2364=VECTOR('',#2363,1.059352223530E-3);
#2365=CARTESIAN_POINT('',(6.602098072107E-1,1.888947858058E0,
9.851050218436E-1));
#2366=LINE('',#2365,#2364);
#2367=CARTESIAN_POINT('',(5.067653410604E-1,1.935765969610E0,
6.654290784121E-1));
#2368=CARTESIAN_POINT('',(5.067653410604E-1,1.935765969610E0,
6.594786265521E-1));
#2369=CARTESIAN_POINT('',(5.063685257686E-1,1.935870037854E0,
6.469459175898E-1));
#2370=CARTESIAN_POINT('',(5.116538119496E-1,1.934485000396E0,
6.248457690595E-1));
#2371=CARTESIAN_POINT('',(5.221766399237E-1,1.931681093267E0,
6.026023065543E-1));
#2372=CARTESIAN_POINT('',(5.377617891336E-1,1.927415450218E0,
5.811781461622E-1));
#2373=CARTESIAN_POINT('',(5.587613115977E-1,1.921455567362E0,
5.613090912320E-1));
#2374=CARTESIAN_POINT('',(5.850765185414E-1,1.913628898689E0,
5.453223269617E-1));
#2375=CARTESIAN_POINT('',(6.143438350159E-1,1.904445972888E0,
5.365938317403E-1));
#2376=CARTESIAN_POINT('',(6.447555211945E-1,1.894371110147E0,
5.377922363908E-1));
#2377=CARTESIAN_POINT('',(6.749922507597E-1,1.883800582122E0,
5.488001845473E-1));
#2378=CARTESIAN_POINT('',(7.019802162454E-1,1.873886949378E0,
5.675638162665E-1));
#2379=CARTESIAN_POINT('',(7.230601415142E-1,1.865820581267E0,
5.922316643588E-1));
#2380=CARTESIAN_POINT('',(7.307611588649E-1,1.862792915958E0,
6.083487875086E-1));
#2381=CARTESIAN_POINT('',(7.334446967946E-1,1.861735716138E0,
6.166058260807E-1));
#2383=DIRECTION('',(6.197486225124E-13,-1.E0,3.098743112562E-13));
#2384=VECTOR('',#2383,1.074845172023E-3);
#2385=CARTESIAN_POINT('',(7.334446967946E-1,1.861735716138E0,
6.166058260807E-1));
#2386=LINE('',#2385,#2384);
#2387=CARTESIAN_POINT('',(3.440211961856E-1,1.971205320756E0,
7.514509791252E-1));
#2388=CARTESIAN_POINT('',(3.623001733573E-1,1.968015213908E0,
7.417892345468E-1));
#2389=CARTESIAN_POINT('',(3.987381011167E-1,1.961132041793E0,
7.225291880098E-1));
#2390=CARTESIAN_POINT('',(4.530147653553E-1,1.949308932766E0,
6.938400955343E-1));
#2391=CARTESIAN_POINT('',(4.889004170382E-1,1.940442838848E0,
6.748719663370E-1));
#2392=CARTESIAN_POINT('',(5.067653410604E-1,1.935765969610E0,
6.654290784121E-1));
#2394=DIRECTION('',(0.E0,-1.E0,0.E0));
#2395=VECTOR('',#2394,1.033717048901E-3);
#2396=CARTESIAN_POINT('',(5.067653410604E-1,1.935765969610E0,
6.654290784121E-1));
#2397=LINE('',#2396,#2395);
#2398=CARTESIAN_POINT('',(3.800573819565E-1,1.964575625019E0,
8.130612758452E-1));
#2399=CARTESIAN_POINT('',(3.760626388294E-1,1.965348428873E0,
8.062315488884E-1));
#2400=CARTESIAN_POINT('',(3.680669294417E-1,1.966869960130E0,
7.925614554164E-1));
#2401=CARTESIAN_POINT('',(3.560547611042E-1,1.969079925498E0,
7.720245079095E-1));
#2402=CARTESIAN_POINT('',(3.480344160748E-1,1.970504920502E0,
7.583122954075E-1));
#2403=CARTESIAN_POINT('',(3.440211961856E-1,1.971205320756E0,
7.514509791252E-1));
#2405=DIRECTION('',(0.E0,-1.E0,0.E0));
#2406=VECTOR('',#2405,1.015122684564E-3);
#2407=CARTESIAN_POINT('',(3.440211961856E-1,1.971205320756E0,
7.514509791252E-1));
#2408=LINE('',#2407,#2406);
#2409=CARTESIAN_POINT('',(5.358267733302E-1,1.927923927177E0,
7.316892034086E-1));
#2410=CARTESIAN_POINT('',(5.187328398910E-1,1.932674834134E0,
7.406188703847E-1));
#2411=CARTESIAN_POINT('',(4.843931201224E-1,1.941729066688E0,
7.585575304759E-1));
#2412=CARTESIAN_POINT('',(4.324512076994E-1,1.953954335736E0,
7.856913660960E-1));
#2413=CARTESIAN_POINT('',(3.975627549659E-1,1.961189119480E0,
8.039166777441E-1));
#2414=CARTESIAN_POINT('',(3.800573819565E-1,1.964575625019E0,
8.130612758452E-1));
#2416=DIRECTION('',(-1.635005011463E-13,-1.E0,0.E0));
#2417=VECTOR('',#2416,1.018550111628E-3);
#2418=CARTESIAN_POINT('',(3.800573819565E-1,1.964575625019E0,
8.130612758452E-1));
#2419=LINE('',#2418,#2417);
#2420=CARTESIAN_POINT('',(7.322822009238E-1,1.862193270907E0,
6.944905328543E-1));
#2421=CARTESIAN_POINT('',(7.300119503056E-1,1.863086016115E0,
7.006526452098E-1));
#2422=CARTESIAN_POINT('',(7.239095891760E-1,1.865481703791E0,
7.135214595884E-1));
#2423=CARTESIAN_POINT('',(7.061723841201E-1,1.872296146184E0,
7.356023956148E-1));
#2424=CARTESIAN_POINT('',(6.828014843469E-1,1.880959411790E0,
7.536158581875E-1));
#2425=CARTESIAN_POINT('',(6.577859107519E-1,1.889860443355E0,
7.656310735741E-1));
#2426=CARTESIAN_POINT('',(6.312494595087E-1,1.898887843288E0,
7.717807331636E-1));
#2427=CARTESIAN_POINT('',(6.057198264684E-1,1.907185633603E0,
7.712439666844E-1));
#2428=CARTESIAN_POINT('',(5.787053130357E-1,1.915557664041E0,
7.638693854825E-1));
#2429=CARTESIAN_POINT('',(5.539356354541E-1,1.922844043318E0,
7.497983337521E-1));
#2430=CARTESIAN_POINT('',(5.413853610672E-1,1.926379032127E0,
7.381742263618E-1));
#2431=CARTESIAN_POINT('',(5.358267733302E-1,1.927923927177E0,
7.316892034086E-1));
#2433=DIRECTION('',(-4.278629082899E-13,-1.E0,2.139314541450E-13));
#2434=VECTOR('',#2433,1.037924066905E-3);
#2435=CARTESIAN_POINT('',(5.358267733302E-1,1.927923927177E0,
7.316892034086E-1));
#2436=LINE('',#2435,#2434);
#2437=CARTESIAN_POINT('',(6.241735992690E-1,1.901159729738E0,
9.002456391709E-1));
#2438=CARTESIAN_POINT('',(6.338017917993E-1,1.897998678358E0,
9.060225522413E-1));
#2439=CARTESIAN_POINT('',(6.529524136237E-1,1.891547579758E0,
9.145013267321E-1));
#2440=CARTESIAN_POINT('',(6.806760031374E-1,1.881744101597E0,
9.191395656782E-1));
#2441=CARTESIAN_POINT('',(7.077890637611E-1,1.871715556520E0,
9.153940106821E-1));
#2442=CARTESIAN_POINT('',(7.350698227378E-1,1.861169213940E0,
9.038256633615E-1));
#2443=CARTESIAN_POINT('',(7.605245538235E-1,1.850896630580E0,
8.852107047817E-1));
#2444=CARTESIAN_POINT('',(7.813672140059E-1,1.842169686912E0,
8.616629856820E-1));
#2445=CARTESIAN_POINT('',(7.958134700418E-1,1.835953570646E0,
8.354159327584E-1));
#2446=CARTESIAN_POINT('',(8.029247239911E-1,1.832842777110E0,
8.083116545059E-1));
#2447=CARTESIAN_POINT('',(8.016034075210E-1,1.833422635385E0,
7.818916092361E-1));
#2448=CARTESIAN_POINT('',(7.948957940727E-1,1.836346770208E0,
7.601827223060E-1));
#2449=CARTESIAN_POINT('',(7.847268738920E-1,1.840723164704E0,
7.405208752859E-1));
#2450=CARTESIAN_POINT('',(7.702686186411E-1,1.846834239104E0,
7.216109837621E-1));
#2451=CARTESIAN_POINT('',(7.519692215602E-1,1.854368807715E0,
7.052371074012E-1));
#2452=CARTESIAN_POINT('',(7.390744181738E-1,1.859522323764E0,
6.975955471945E-1));
#2453=CARTESIAN_POINT('',(7.322822009238E-1,1.862193270907E0,
6.944905328543E-1));
#2455=DIRECTION('',(0.E0,-1.E0,0.E0));
#2456=VECTOR('',#2455,1.074580922046E-3);
#2457=CARTESIAN_POINT('',(7.322822009238E-1,1.862193270907E0,
6.944905328543E-1));
#2458=LINE('',#2457,#2456);
#2459=CARTESIAN_POINT('',(3.056600851912E-1,1.977516855129E0,
8.665342899368E-1));
#2460=CARTESIAN_POINT('',(3.067507472304E-1,1.977348274088E0,
8.760775918805E-1));
#2461=CARTESIAN_POINT('',(3.112013608277E-1,1.976660168403E0,
8.944950144965E-1));
#2462=CARTESIAN_POINT('',(3.235635938817E-1,1.974684761299E0,
9.208626158099E-1));
#2463=CARTESIAN_POINT('',(3.399607409092E-1,1.971937648751E0,
9.443440060056E-1));
#2464=CARTESIAN_POINT('',(3.593136520220E-1,1.968512625392E0,
9.648482960210E-1));
#2465=CARTESIAN_POINT('',(3.816080269246E-1,1.964325885792E0,
9.826862768827E-1));
#2466=CARTESIAN_POINT('',(4.077147651443E-1,1.959092605836E0,
9.978486346521E-1));
#2467=CARTESIAN_POINT('',(4.381407515980E-1,1.952539722651E0,1.009052623292E0));
#2468=CARTESIAN_POINT('',(4.736307629562E-1,1.944268974875E0,1.013676612258E0));
#2469=CARTESIAN_POINT('',(5.128418183764E-1,1.934308835609E0,1.007216035128E0));
#2470=CARTESIAN_POINT('',(5.509342823061E-1,1.923782252628E0,
9.898621711820E-1));
#2471=CARTESIAN_POINT('',(5.840214661248E-1,1.913961692531E0,
9.644314367075E-1));
#2472=CARTESIAN_POINT('',(6.103137092292E-1,1.905696044455E0,
9.323107177779E-1));
#2473=CARTESIAN_POINT('',(6.204866864578E-1,1.902370187546E0,
9.111123322887E-1));
#2474=CARTESIAN_POINT('',(6.241735992690E-1,1.901159729738E0,
9.002456391709E-1));
#2476=DIRECTION('',(-1.054799813173E-13,-1.E0,0.E0));
#2477=VECTOR('',#2476,1.052543819936E-3);
#2478=CARTESIAN_POINT('',(6.241735992690E-1,1.901159729738E0,
9.002456391709E-1));
#2479=LINE('',#2478,#2477);
#2480=CARTESIAN_POINT('',(2.893856973100E-1,1.979963867901E0,
6.851908319573E-1));
#2481=CARTESIAN_POINT('',(2.825299781593E-1,1.980965879654E0,
6.856924683882E-1));
#2482=CARTESIAN_POINT('',(2.688151218393E-1,1.982900585941E0,
6.888697199103E-1));
#2483=CARTESIAN_POINT('',(2.471227027909E-1,1.985719481148E0,
7.007091355548E-1));
#2484=CARTESIAN_POINT('',(2.276876395387E-1,1.988029868382E0,
7.186007973958E-1));
#2485=CARTESIAN_POINT('',(2.126615318776E-1,1.989678405683E0,
7.412455896468E-1));
#2486=CARTESIAN_POINT('',(2.049443010967E-1,1.990477014508E0,
7.657998942393E-1));
#2487=CARTESIAN_POINT('',(2.058865543277E-1,1.990380982009E0,
7.890127490676E-1));
#2488=CARTESIAN_POINT('',(2.137969715172E-1,1.989554977537E0,
8.104536617628E-1));
#2489=CARTESIAN_POINT('',(2.265108687243E-1,1.988155789277E0,
8.293151972372E-1));
#2490=CARTESIAN_POINT('',(2.418197017963E-1,1.986355624404E0,
8.443619915597E-1));
#2491=CARTESIAN_POINT('',(2.579148056253E-1,1.984332188449E0,
8.554330149272E-1));
#2492=CARTESIAN_POINT('',(2.748460414386E-1,1.982059017341E0,
8.630433700244E-1));
#2493=CARTESIAN_POINT('',(2.911967199124E-1,1.979719072883E0,
8.668138514858E-1));
#2494=CARTESIAN_POINT('',(3.009626788321E-1,1.978242922078E0,
8.665342899368E-1));
#2495=CARTESIAN_POINT('',(3.056600851912E-1,1.977516855129E0,
8.665342899368E-1));
#2497=DIRECTION('',(4.937342498288E-13,-1.E0,5.485936109209E-13));
#2498=VECTOR('',#2497,1.011881110647E-3);
#2499=CARTESIAN_POINT('',(3.056600851912E-1,1.977516855129E0,
8.665342899368E-1));
#2500=LINE('',#2499,#2498);
#2501=CARTESIAN_POINT('',(3.416963153054E-1,1.971609654091E0,
6.851908319573E-1));
#2502=CARTESIAN_POINT('',(3.358966307173E-1,1.972614787562E0,
6.851908319573E-1));
#2503=CARTESIAN_POINT('',(3.242884060664E-1,1.974573870393E0,
6.851908319573E-1));
#2504=CARTESIAN_POINT('',(3.068509431301E-1,1.977358702568E0,
6.851908319573E-1));
#2505=CARTESIAN_POINT('',(2.952099544295E-1,1.979112611605E0,
6.851908319573E-1));
#2506=CARTESIAN_POINT('',(2.893856973100E-1,1.979963867901E0,
6.851908319573E-1));
#2508=DIRECTION('',(-5.492727972452E-13,-1.E0,0.E0));
#2509=VECTOR('',#2508,1.010629900291E-3);
#2510=CARTESIAN_POINT('',(2.893856973100E-1,1.979963867901E0,
6.851908319573E-1));
#2511=LINE('',#2510,#2509);
#2512=CARTESIAN_POINT('',(3.509959275142E-1,1.969975344736E0,
6.142809008556E-1));
#2513=CARTESIAN_POINT('',(3.546661077466E-1,1.969321418626E0,
6.145102832918E-1));
#2514=CARTESIAN_POINT('',(3.616238564025E-1,1.968061624693E0,
6.163948930156E-1));
#2515=CARTESIAN_POINT('',(3.717061781E-1,1.966180062099E0,6.228977281106E-1));
#2516=CARTESIAN_POINT('',(3.793021592076E-1,1.964724757291E0,
6.315804954643E-1));
#2517=CARTESIAN_POINT('',(3.839757194704E-1,1.963814182433E0,
6.413808155648E-1));
#2518=CARTESIAN_POINT('',(3.851763134861E-1,1.963578316445E0,
6.511240955336E-1));
#2519=CARTESIAN_POINT('',(3.834907845965E-1,1.963908841645E0,
6.594809001716E-1));
#2520=CARTESIAN_POINT('',(3.804325967784E-1,1.964504083159E0,
6.665041662736E-1));
#2521=CARTESIAN_POINT('',(3.766276686472E-1,1.965237413456E0,
6.722875533995E-1));
#2522=CARTESIAN_POINT('',(3.725570368022E-1,1.966013277657E0,
6.768717293408E-1));
#2523=CARTESIAN_POINT('',(3.683070560790E-1,1.966814042081E0,
6.805322703865E-1));
#2524=CARTESIAN_POINT('',(3.638816705767E-1,1.967637639960E0,
6.833727217961E-1));
#2525=CARTESIAN_POINT('',(3.595288042208E-1,1.968437531251E0,
6.853081838878E-1));
#2526=CARTESIAN_POINT('',(3.553682863714E-1,1.969192724868E0,
6.863897154828E-1));
#2527=CARTESIAN_POINT('',(3.514697180808E-1,1.969892101482E0,
6.867070510076E-1));
#2528=CARTESIAN_POINT('',(3.478682409595E-1,1.970531074363E0,
6.862955205114E-1));
#2529=CARTESIAN_POINT('',(3.446153730071E-1,1.971102367589E0,
6.854515871763E-1));
#2530=CARTESIAN_POINT('',(3.426371055320E-1,1.971446607338E0,
6.851908319573E-1));
#2531=CARTESIAN_POINT('',(3.416963153054E-1,1.971609654091E0,
6.851908319573E-1));
#2533=DIRECTION('',(5.469540222144E-14,-1.E0,0.E0));
#2534=VECTOR('',#2533,1.014914398225E-3);
#2535=CARTESIAN_POINT('',(3.416963153054E-1,1.971609654091E0,
6.851908319573E-1));
#2536=LINE('',#2535,#2534);
#2537=CARTESIAN_POINT('',(2.893856529662E-1,1.979963874382E0,
6.142809008556E-1));
#2538=CARTESIAN_POINT('',(2.962480251870E-1,1.978960890392E0,
6.142809008556E-1));
#2539=CARTESIAN_POINT('',(3.099623180220E-1,1.976883571692E0,
6.142809008556E-1));
#2540=CARTESIAN_POINT('',(3.305000497240E-1,1.973553903927E0,
6.142809008556E-1));
#2541=CARTESIAN_POINT('',(3.441681778324E-1,1.971191863683E0,
6.142809008556E-1));
#2542=CARTESIAN_POINT('',(3.509959275142E-1,1.969975344736E0,
6.142809008556E-1));
#2544=DIRECTION('',(4.372003253921E-12,-1.E0,1.093000813480E-13));
#2545=VECTOR('',#2544,1.015756814572E-3);
#2546=CARTESIAN_POINT('',(3.509959275142E-1,1.969975344736E0,
6.142809008556E-1));
#2547=LINE('',#2546,#2545);
#2548=CARTESIAN_POINT('',(2.858982873021E-1,1.980470441415E0,
6.142809008556E-1));
#2549=CARTESIAN_POINT('',(2.864795891301E-1,1.980386525395E0,
6.142809008556E-1));
#2550=CARTESIAN_POINT('',(2.876421188692E-1,1.980218181493E0,
6.142809008556E-1));
#2551=CARTESIAN_POINT('',(2.888044998733E-1,1.980048813996E0,
6.142809008556E-1));
#2552=CARTESIAN_POINT('',(2.893856529662E-1,1.979963874382E0,
6.142809008556E-1));
#2554=DIRECTION('',(-1.098545598088E-13,-1.E0,0.E0));
#2555=VECTOR('',#2554,1.010629896982E-3);
#2556=CARTESIAN_POINT('',(2.893856529662E-1,1.979963874382E0,
6.142809008556E-1));
#2557=LINE('',#2556,#2555);
#2558=CARTESIAN_POINT('',(2.824109216375E-1,1.980970739648E0,
6.142809008556E-1));
#2559=CARTESIAN_POINT('',(2.829922225270E-1,1.980887868297E0,
6.142809008556E-1));
#2560=CARTESIAN_POINT('',(2.841547513276E-1,1.980721613865E0,
6.142809008556E-1));
#2561=CARTESIAN_POINT('',(2.853171332704E-1,1.980554336099E0,
6.142809008556E-1));
#2562=CARTESIAN_POINT('',(2.858982873021E-1,1.980470441415E0,
6.142809008556E-1));
#2564=DIRECTION('',(0.E0,-1.E0,0.E0));
#2565=VECTOR('',#2564,1.010371264929E-3);
#2566=CARTESIAN_POINT('',(2.858982873021E-1,1.980470441415E0,
6.142809008556E-1));
#2567=LINE('',#2566,#2565);
#2568=CARTESIAN_POINT('',(2.486996167473E-1,1.985484701686E0,
9.293070270979E-1));
#2569=CARTESIAN_POINT('',(2.382004068179E-1,1.986799821104E0,
9.259914867502E-1));
#2570=CARTESIAN_POINT('',(2.173586616217E-1,1.989250329613E0,
9.165710102441E-1));
#2571=CARTESIAN_POINT('',(1.846293851455E-1,1.992542337001E0,
8.905393753467E-1));
#2572=CARTESIAN_POINT('',(1.581770078507E-1,1.994781318064E0,
8.569216085687E-1));
#2573=CARTESIAN_POINT('',(1.392312499236E-1,1.996164792071E0,
8.173109429521E-1));
#2574=CARTESIAN_POINT('',(1.315868250910E-1,1.996667145961E0,
7.753360290398E-1));
#2575=CARTESIAN_POINT('',(1.359236031014E-1,1.996383221929E0,
7.388144737684E-1));
#2576=CARTESIAN_POINT('',(1.471089031280E-1,1.995600701707E0,
7.078938102767E-1));
#2577=CARTESIAN_POINT('',(1.627143900258E-1,1.994398026380E0,
6.820589346769E-1));
#2578=CARTESIAN_POINT('',(1.812811207564E-1,1.992805277732E0,
6.607579462235E-1));
#2579=CARTESIAN_POINT('',(2.029187037754E-1,1.990729967189E0,
6.429367783354E-1));
#2580=CARTESIAN_POINT('',(2.276289736155E-1,1.988068575726E0,
6.285513796847E-1));
#2581=CARTESIAN_POINT('',(2.546575506952E-1,1.984793509551E0,
6.184515854872E-1));
#2582=CARTESIAN_POINT('',(2.730314708121E-1,1.982307891832E0,
6.150848517389E-1));
#2583=CARTESIAN_POINT('',(2.824109216375E-1,1.980970739648E0,
6.142809008556E-1));
#2585=DIRECTION('',(8.792836188010E-13,-1.E0,0.E0));
#2586=VECTOR('',#2585,1.010115963392E-3);
#2587=CARTESIAN_POINT('',(2.824109216375E-1,1.980970739648E0,
6.142809008556E-1));
#2588=LINE('',#2587,#2586);
#2589=CARTESIAN_POINT('',(-1.841421356237E0,0.E0,1.5E-1));
#2590=DIRECTION('',(0.E0,-1.E0,0.E0));
#2591=DIRECTION('',(0.E0,0.E0,-1.E0));
#2592=AXIS2_PLACEMENT_3D('',#2589,#2590,#2591);
#2594=CARTESIAN_POINT('',(1.841421356237E0,0.E0,1.5E-1));
#2595=DIRECTION('',(0.E0,1.E0,0.E0));
#2596=DIRECTION('',(0.E0,0.E0,-1.E0));
#2597=AXIS2_PLACEMENT_3D('',#2594,#2595,#2596);
#2599=CARTESIAN_POINT('',(0.E0,0.E0,1.E-1));
#2600=DIRECTION('',(0.E0,0.E0,1.E0));
#2601=DIRECTION('',(-1.E0,0.E0,0.E0));
#2602=AXIS2_PLACEMENT_3D('',#2599,#2600,#2601);
#2604=CARTESIAN_POINT('',(0.E0,0.E0,1.E-1));
#2605=DIRECTION('',(0.E0,0.E0,1.E0));
#2606=DIRECTION('',(1.E0,0.E0,0.E0));
#2607=AXIS2_PLACEMENT_3D('',#2604,#2605,#2606);
#2609=CARTESIAN_POINT('',(7.E-1,-5.5E-1,1.E-1));
#2610=DIRECTION('',(0.E0,0.E0,-1.E0));
#2611=DIRECTION('',(1.E0,0.E0,0.E0));
#2612=AXIS2_PLACEMENT_3D('',#2609,#2610,#2611);
#2614=CARTESIAN_POINT('',(7.E-1,-5.5E-1,1.E-1));
#2615=DIRECTION('',(0.E0,0.E0,-1.E0));
#2616=DIRECTION('',(-1.E0,0.E0,0.E0));
#2617=AXIS2_PLACEMENT_3D('',#2614,#2615,#2616);
#2619=DIRECTION('',(-1.E0,0.E0,0.E0));
#2620=VECTOR('',#2619,1.468499912471E-1);
#2621=CARTESIAN_POINT('',(4.7135E-1,1.283E-1,1.E-1));
#2622=LINE('',#2621,#2620);
#2623=DIRECTION('',(-3.162277744987E-1,9.486832952232E-1,0.E0));
#2624=VECTOR('',#2623,9.287609515594E-1);
#2625=CARTESIAN_POINT('',(3.245000087529E-1,1.283E-1,1.E-1));
#2626=LINE('',#2625,#2624);
#2627=DIRECTION('',(1.E0,0.E0,0.E0));
#2628=VECTOR('',#2627,1.101375E-1);
#2629=CARTESIAN_POINT('',(3.08E-2,1.0094E0,1.E-1));
#2630=LINE('',#2629,#2628);
#2631=DIRECTION('',(3.102800155243E-1,-9.506452082487E-1,0.E0));
#2632=VECTOR('',#2631,2.366410724180E-1);
#2633=CARTESIAN_POINT('',(1.409375E-1,1.0094E0,1.E-1));
#2634=LINE('',#2633,#2632);
#2635=DIRECTION('',(1.E0,0.E0,0.E0));
#2636=VECTOR('',#2635,3.671250043765E-1);
#2637=CARTESIAN_POINT('',(2.143624956235E-1,7.844382984310E-1,1.E-1));
#2638=LINE('',#2637,#2636);
#2639=DIRECTION('',(3.102799653834E-1,9.506452246141E-1,0.E0));
#2640=VECTOR('',#2639,2.366410683442E-1);
#2641=CARTESIAN_POINT('',(5.814875E-1,7.844382984310E-1,1.E-1));
#2642=LINE('',#2641,#2640);
#2643=DIRECTION('',(1.E0,0.E0,0.E0));
#2644=VECTOR('',#2643,1.101375E-1);
#2645=CARTESIAN_POINT('',(6.549124824941E-1,1.0094E0,1.E-1));
#2646=LINE('',#2645,#2644);
#2647=DIRECTION('',(-3.162277490531E-1,-9.486833037051E-1,0.E0));
#2648=VECTOR('',#2647,9.287609432556E-1);
#2649=CARTESIAN_POINT('',(7.650499824941E-1,1.0094E0,1.E-1));
#2650=LINE('',#2649,#2648);
#2651=DIRECTION('',(3.102800658973E-1,9.506451918075E-1,0.E0));
#2652=VECTOR('',#2651,5.324424428654E-1);
#2653=CARTESIAN_POINT('',(3.979249912471E-1,2.032872251034E-1,1.E-1));
#2654=LINE('',#2653,#2652);
#2655=DIRECTION('',(-1.E0,0.E0,0.E0));
#2656=VECTOR('',#2655,3.304125131294E-1);
#2657=CARTESIAN_POINT('',(5.631312675059E-1,7.094510733277E-1,1.E-1));
#2658=LINE('',#2657,#2656);
#2659=DIRECTION('',(3.102799990428E-1,-9.506452136281E-1,0.E0));
#2660=VECTOR('',#2659,5.324424306441E-1);
#2661=CARTESIAN_POINT('',(2.327187543765E-1,7.094510733277E-1,1.E-1));
#2662=LINE('',#2661,#2660);
#2663=DIRECTION('',(0.E0,1.E0,0.E0));
#2664=VECTOR('',#2663,2.912989327652E-1);
#2665=CARTESIAN_POINT('',(-4.386E-1,1.220106723485E-2,1.E-1));
#2666=LINE('',#2665,#2664);
#2667=DIRECTION('',(-1.E0,0.E0,0.E0));
#2668=VECTOR('',#2667,3.E-1);
#2669=CARTESIAN_POINT('',(-4.386E-1,3.035E-1,1.E-1));
#2670=LINE('',#2669,#2668);
#2671=DIRECTION('',(0.E0,1.E0,0.E0));
#2672=VECTOR('',#2671,1.E-1);
#2673=CARTESIAN_POINT('',(-7.386E-1,3.035E-1,1.E-1));
#2674=LINE('',#2673,#2672);
#2675=DIRECTION('',(1.E0,0.E0,0.E0));
#2676=VECTOR('',#2675,3.E-1);
#2677=CARTESIAN_POINT('',(-7.386E-1,4.035E-1,1.E-1));
#2678=LINE('',#2677,#2676);
#2679=DIRECTION('',(0.E0,1.E0,0.E0));
#2680=VECTOR('',#2679,3.E-1);
#2681=CARTESIAN_POINT('',(-4.386E-1,4.035E-1,1.E-1));
#2682=LINE('',#2681,#2680);
#2683=DIRECTION('',(1.E0,0.E0,0.E0));
#2684=VECTOR('',#2683,1.E-1);
#2685=CARTESIAN_POINT('',(-4.386E-1,7.035E-1,1.E-1));
#2686=LINE('',#2685,#2684);
#2687=DIRECTION('',(0.E0,-1.E0,0.E0));
#2688=VECTOR('',#2687,3.E-1);
#2689=CARTESIAN_POINT('',(-3.386E-1,7.035E-1,1.E-1));
#2690=LINE('',#2689,#2688);
#2691=DIRECTION('',(1.E0,0.E0,0.E0));
#2692=VECTOR('',#2691,3.E-1);
#2693=CARTESIAN_POINT('',(-3.386E-1,4.035E-1,1.E-1));
#2694=LINE('',#2693,#2692);
#2695=DIRECTION('',(0.E0,-1.E0,0.E0));
#2696=VECTOR('',#2695,1.E-1);
#2697=CARTESIAN_POINT('',(-3.86E-2,4.035E-1,1.E-1));
#2698=LINE('',#2697,#2696);
#2699=DIRECTION('',(-1.E0,0.E0,0.E0));
#2700=VECTOR('',#2699,3.E-1);
#2701=CARTESIAN_POINT('',(-3.86E-2,3.035E-1,1.E-1));
#2702=LINE('',#2701,#2700);
#2703=DIRECTION('',(0.E0,-1.E0,0.E0));
#2704=VECTOR('',#2703,3.E-1);
#2705=CARTESIAN_POINT('',(-3.386E-1,3.035E-1,1.E-1));
#2706=LINE('',#2705,#2704);
#2707=DIRECTION('',(-1.E0,0.E0,0.E0));
#2708=VECTOR('',#2707,8.204762395856E-2);
#2709=CARTESIAN_POINT('',(-3.386E-1,3.5E-3,1.E-1));
#2710=LINE('',#2709,#2708);
#2711=DIRECTION('',(0.E0,0.E0,1.E0));
#2712=VECTOR('',#2711,3.E-1);
#2713=CARTESIAN_POINT('',(1.2E0,-5.5E-1,1.E-1));
#2714=LINE('',#2713,#2712);
#2715=DIRECTION('',(0.E0,0.E0,1.E0));
#2716=VECTOR('',#2715,3.E-1);
#2717=CARTESIAN_POINT('',(2.E-1,-5.5E-1,1.E-1));
#2718=LINE('',#2717,#2716);
#2719=CARTESIAN_POINT('',(-7.E-1,-5.5E-1,4.E-1));
#2720=DIRECTION('',(0.E0,0.E0,-1.E0));
#2721=DIRECTION('',(1.E0,0.E0,0.E0));
#2722=AXIS2_PLACEMENT_3D('',#2719,#2720,#2721);
#2724=CARTESIAN_POINT('',(-7.E-1,-5.5E-1,4.E-1));
#2725=DIRECTION('',(0.E0,0.E0,-1.E0));
#2726=DIRECTION('',(-1.E0,0.E0,0.E0));
#2727=AXIS2_PLACEMENT_3D('',#2724,#2725,#2726);
#2729=CARTESIAN_POINT('',(7.E-1,-5.5E-1,4.E-1));
#2730=DIRECTION('',(0.E0,0.E0,-1.E0));
#2731=DIRECTION('',(1.E0,0.E0,0.E0));
#2732=AXIS2_PLACEMENT_3D('',#2729,#2730,#2731);
#2734=CARTESIAN_POINT('',(7.E-1,-5.5E-1,4.E-1));
#2735=DIRECTION('',(0.E0,0.E0,-1.E0));
#2736=DIRECTION('',(-1.E0,0.E0,0.E0));
#2737=AXIS2_PLACEMENT_3D('',#2734,#2735,#2736);
#2739=CARTESIAN_POINT('',(-7.E-1,-5.5E-1,4.E-1));
#2740=DIRECTION('',(0.E0,0.E0,-1.E0));
#2741=DIRECTION('',(1.E0,0.E0,0.E0));
#2742=AXIS2_PLACEMENT_3D('',#2739,#2740,#2741);
#2744=CARTESIAN_POINT('',(-7.E-1,-5.5E-1,4.E-1));
#2745=DIRECTION('',(0.E0,0.E0,-1.E0));
#2746=DIRECTION('',(-1.E0,0.E0,0.E0));
#2747=AXIS2_PLACEMENT_3D('',#2744,#2745,#2746);
#2749=CARTESIAN_POINT('',(7.E-1,-5.5E-1,4.E-1));
#2750=DIRECTION('',(0.E0,0.E0,-1.E0));
#2751=DIRECTION('',(1.E0,0.E0,0.E0));
#2752=AXIS2_PLACEMENT_3D('',#2749,#2750,#2751);
#2754=CARTESIAN_POINT('',(7.E-1,-5.5E-1,4.E-1));
#2755=DIRECTION('',(0.E0,0.E0,-1.E0));
#2756=DIRECTION('',(-1.E0,0.E0,0.E0));
#2757=AXIS2_PLACEMENT_3D('',#2754,#2755,#2756);
#2759=DIRECTION('',(0.E0,0.E0,-1.E0));
#2760=VECTOR('',#2759,3.1E-1);
#2761=CARTESIAN_POINT('',(-1.2E0,-5.5E-1,4.E-1));
#2762=LINE('',#2761,#2760);
#2763=DIRECTION('',(0.E0,0.E0,1.E0));
#2764=VECTOR('',#2763,3.1E-1);
#2765=CARTESIAN_POINT('',(-2.E-1,-5.5E-1,9.E-2));
#2766=LINE('',#2765,#2764);
#2767=CARTESIAN_POINT('',(-7.E-1,-5.5E-1,9.E-2));
#2768=DIRECTION('',(0.E0,0.E0,1.E0));
#2769=DIRECTION('',(1.E0,0.E0,0.E0));
#2770=AXIS2_PLACEMENT_3D('',#2767,#2768,#2769);
#2772=CARTESIAN_POINT('',(-7.E-1,-5.5E-1,9.E-2));
#2773=DIRECTION('',(0.E0,0.E0,1.E0));
#2774=DIRECTION('',(-1.E0,0.E0,0.E0));
#2775=AXIS2_PLACEMENT_3D('',#2772,#2773,#2774);
#2777=DIRECTION('',(-1.275961896006E-14,1.E0,0.E0));
#2778=VECTOR('',#2777,8.701067234846E-3);
#2779=CARTESIAN_POINT('',(-4.386E-1,3.5E-3,9.E-2));
#2780=LINE('',#2779,#2778);
#2781=DIRECTION('',(0.E0,0.E0,-1.E0));
#2782=VECTOR('',#2781,1.E-2);
#2783=CARTESIAN_POINT('',(-4.386E-1,3.5E-3,9.E-2));
#2784=LINE('',#2783,#2782);
#2785=DIRECTION('',(0.E0,0.E0,-1.E0));
#2786=VECTOR('',#2785,1.E-2);
#2787=CARTESIAN_POINT('',(-4.386E-1,1.220106723485E-2,1.E-1));
#2788=LINE('',#2787,#2786);
#2789=DIRECTION('',(-1.E0,0.E0,0.E0));
#2790=VECTOR('',#2789,1.795237604144E-2);
#2791=CARTESIAN_POINT('',(-4.206476239586E-1,3.5E-3,9.E-2));
#2792=LINE('',#2791,#2790);
#2793=DIRECTION('',(0.E0,0.E0,-1.E0));
#2794=VECTOR('',#2793,1.E-2);
#2795=CARTESIAN_POINT('',(-4.206476239586E-1,3.5E-3,1.E-1));
#2796=LINE('',#2795,#2794);
#2797=DIRECTION('',(0.E0,0.E0,-1.E0));
#2798=VECTOR('',#2797,2.E-2);
#2799=CARTESIAN_POINT('',(-3.386E-1,3.5E-3,1.E-1));
#2800=LINE('',#2799,#2798);
#2801=CARTESIAN_POINT('',(-7.E-1,-5.5E-1,1.E-1));
#2802=DIRECTION('',(0.E0,0.E0,1.E0));
#2803=DIRECTION('',(4.216129032258E-1,9.067759148949E-1,0.E0));
#2804=AXIS2_PLACEMENT_3D('',#2801,#2802,#2803);
#2806=CARTESIAN_POINT('',(-7.E-1,-5.5E-1,9.E-2));
#2807=DIRECTION('',(0.E0,0.E0,-1.E0));
#2808=DIRECTION('',(4.505683484539E-1,8.927419354839E-1,0.E0));
#2809=AXIS2_PLACEMENT_3D('',#2806,#2807,#2808);
#2811=DIRECTION('',(0.E0,0.E0,-1.E0));
#2812=VECTOR('',#2811,2.E-2);
#2813=CARTESIAN_POINT('',(-3.386E-1,3.035E-1,1.E-1));
#2814=LINE('',#2813,#2812);
#2815=DIRECTION('',(0.E0,0.E0,-1.E0));
#2816=VECTOR('',#2815,2.E-2);
#2817=CARTESIAN_POINT('',(-3.86E-2,3.035E-1,1.E-1));
#2818=LINE('',#2817,#2816);
#2819=DIRECTION('',(0.E0,0.E0,-1.E0));
#2820=VECTOR('',#2819,2.E-2);
#2821=CARTESIAN_POINT('',(-3.86E-2,4.035E-1,1.E-1));
#2822=LINE('',#2821,#2820);
#2823=DIRECTION('',(0.E0,0.E0,-1.E0));
#2824=VECTOR('',#2823,2.E-2);
#2825=CARTESIAN_POINT('',(-3.386E-1,4.035E-1,1.E-1));
#2826=LINE('',#2825,#2824);
#2827=DIRECTION('',(0.E0,0.E0,-1.E0));
#2828=VECTOR('',#2827,2.E-2);
#2829=CARTESIAN_POINT('',(-3.386E-1,7.035E-1,1.E-1));
#2830=LINE('',#2829,#2828);
#2831=DIRECTION('',(0.E0,0.E0,-1.E0));
#2832=VECTOR('',#2831,2.E-2);
#2833=CARTESIAN_POINT('',(-4.386E-1,7.035E-1,1.E-1));
#2834=LINE('',#2833,#2832);
#2835=DIRECTION('',(0.E0,0.E0,-1.E0));
#2836=VECTOR('',#2835,2.E-2);
#2837=CARTESIAN_POINT('',(-4.386E-1,4.035E-1,1.E-1));
#2838=LINE('',#2837,#2836);
#2839=DIRECTION('',(0.E0,0.E0,-1.E0));
#2840=VECTOR('',#2839,2.E-2);
#2841=CARTESIAN_POINT('',(-7.386E-1,4.035E-1,1.E-1));
#2842=LINE('',#2841,#2840);
#2843=DIRECTION('',(0.E0,0.E0,-1.E0));
#2844=VECTOR('',#2843,2.E-2);
#2845=CARTESIAN_POINT('',(-7.386E-1,3.035E-1,1.E-1));
#2846=LINE('',#2845,#2844);
#2847=DIRECTION('',(0.E0,0.E0,-1.E0));
#2848=VECTOR('',#2847,2.E-2);
#2849=CARTESIAN_POINT('',(-4.386E-1,3.035E-1,1.E-1));
#2850=LINE('',#2849,#2848);
#2851=DIRECTION('',(0.E0,1.E0,0.E0));
#2852=VECTOR('',#2851,3.E-1);
#2853=CARTESIAN_POINT('',(-4.386E-1,3.5E-3,8.E-2));
#2854=LINE('',#2853,#2852);
#2855=DIRECTION('',(-1.E0,0.E0,0.E0));
#2856=VECTOR('',#2855,1.E-1);
#2857=CARTESIAN_POINT('',(-3.386E-1,3.5E-3,8.E-2));
#2858=LINE('',#2857,#2856);
#2859=DIRECTION('',(0.E0,-1.E0,0.E0));
#2860=VECTOR('',#2859,3.E-1);
#2861=CARTESIAN_POINT('',(-3.386E-1,3.035E-1,8.E-2));
#2862=LINE('',#2861,#2860);
#2863=DIRECTION('',(-1.E0,0.E0,0.E0));
#2864=VECTOR('',#2863,3.E-1);
#2865=CARTESIAN_POINT('',(-3.86E-2,3.035E-1,8.E-2));
#2866=LINE('',#2865,#2864);
#2867=DIRECTION('',(0.E0,-1.E0,0.E0));
#2868=VECTOR('',#2867,1.E-1);
#2869=CARTESIAN_POINT('',(-3.86E-2,4.035E-1,8.E-2));
#2870=LINE('',#2869,#2868);
#2871=DIRECTION('',(1.E0,0.E0,0.E0));
#2872=VECTOR('',#2871,3.E-1);
#2873=CARTESIAN_POINT('',(-3.386E-1,4.035E-1,8.E-2));
#2874=LINE('',#2873,#2872);
#2875=DIRECTION('',(0.E0,-1.E0,0.E0));
#2876=VECTOR('',#2875,3.E-1);
#2877=CARTESIAN_POINT('',(-3.386E-1,7.035E-1,8.E-2));
#2878=LINE('',#2877,#2876);
#2879=DIRECTION('',(1.E0,0.E0,0.E0));
#2880=VECTOR('',#2879,1.E-1);
#2881=CARTESIAN_POINT('',(-4.386E-1,7.035E-1,8.E-2));
#2882=LINE('',#2881,#2880);
#2883=DIRECTION('',(0.E0,1.E0,0.E0));
#2884=VECTOR('',#2883,3.E-1);
#2885=CARTESIAN_POINT('',(-4.386E-1,4.035E-1,8.E-2));
#2886=LINE('',#2885,#2884);
#2887=DIRECTION('',(1.E0,0.E0,0.E0));
#2888=VECTOR('',#2887,3.E-1);
#2889=CARTESIAN_POINT('',(-7.386E-1,4.035E-1,8.E-2));
#2890=LINE('',#2889,#2888);
#2891=DIRECTION('',(0.E0,1.E0,0.E0));
#2892=VECTOR('',#2891,1.E-1);
#2893=CARTESIAN_POINT('',(-7.386E-1,3.035E-1,8.E-2));
#2894=LINE('',#2893,#2892);
#2895=DIRECTION('',(-1.E0,0.E0,0.E0));
#2896=VECTOR('',#2895,3.E-1);
#2897=CARTESIAN_POINT('',(-4.386E-1,3.035E-1,8.E-2));
#2898=LINE('',#2897,#2896);
#2899=DIRECTION('',(-1.E0,0.E0,0.E0));
#2900=VECTOR('',#2899,1.468499912471E-1);
#2901=CARTESIAN_POINT('',(4.7135E-1,1.283E-1,8.E-2));
#2902=LINE('',#2901,#2900);
#2903=DIRECTION('',(-3.162277490531E-1,-9.486833037051E-1,0.E0));
#2904=VECTOR('',#2903,9.287609432556E-1);
#2905=CARTESIAN_POINT('',(7.650499824941E-1,1.0094E0,8.E-2));
#2906=LINE('',#2905,#2904);
#2907=DIRECTION('',(1.E0,0.E0,0.E0));
#2908=VECTOR('',#2907,1.101375E-1);
#2909=CARTESIAN_POINT('',(6.549124824941E-1,1.0094E0,8.E-2));
#2910=LINE('',#2909,#2908);
#2911=DIRECTION('',(3.102799653834E-1,9.506452246141E-1,0.E0));
#2912=VECTOR('',#2911,2.366410683442E-1);
#2913=CARTESIAN_POINT('',(5.814875E-1,7.844382984310E-1,8.E-2));
#2914=LINE('',#2913,#2912);
#2915=DIRECTION('',(1.E0,0.E0,0.E0));
#2916=VECTOR('',#2915,3.671250043765E-1);
#2917=CARTESIAN_POINT('',(2.143624956235E-1,7.844382984310E-1,8.E-2));
#2918=LINE('',#2917,#2916);
#2919=DIRECTION('',(3.102800155243E-1,-9.506452082487E-1,0.E0));
#2920=VECTOR('',#2919,2.366410724180E-1);
#2921=CARTESIAN_POINT('',(1.409375E-1,1.0094E0,8.E-2));
#2922=LINE('',#2921,#2920);
#2923=DIRECTION('',(1.E0,0.E0,0.E0));
#2924=VECTOR('',#2923,1.101375E-1);
#2925=CARTESIAN_POINT('',(3.08E-2,1.0094E0,8.E-2));
#2926=LINE('',#2925,#2924);
#2927=DIRECTION('',(-3.162277744987E-1,9.486832952232E-1,0.E0));
#2928=VECTOR('',#2927,9.287609515594E-1);
#2929=CARTESIAN_POINT('',(3.245000087529E-1,1.283E-1,8.E-2));
#2930=LINE('',#2929,#2928);
#2931=DIRECTION('',(3.102800658973E-1,9.506451918075E-1,0.E0));
#2932=VECTOR('',#2931,5.324424428654E-1);
#2933=CARTESIAN_POINT('',(3.979249912471E-1,2.032872251034E-1,8.E-2));
#2934=LINE('',#2933,#2932);
#2935=DIRECTION('',(3.102799990428E-1,-9.506452136281E-1,0.E0));
#2936=VECTOR('',#2935,5.324424306441E-1);
#2937=CARTESIAN_POINT('',(2.327187543765E-1,7.094510733277E-1,8.E-2));
#2938=LINE('',#2937,#2936);
#2939=DIRECTION('',(-1.E0,0.E0,0.E0));
#2940=VECTOR('',#2939,3.304125131294E-1);
#2941=CARTESIAN_POINT('',(5.631312675059E-1,7.094510733277E-1,8.E-2));
#2942=LINE('',#2941,#2940);
#2943=DIRECTION('',(0.E0,0.E0,-1.E0));
#2944=VECTOR('',#2943,2.E-2);
#2945=CARTESIAN_POINT('',(4.7135E-1,1.283E-1,1.E-1));
#2946=LINE('',#2945,#2944);
#2947=DIRECTION('',(0.E0,0.E0,-1.E0));
#2948=VECTOR('',#2947,2.E-2);
#2949=CARTESIAN_POINT('',(7.650499824941E-1,1.0094E0,1.E-1));
#2950=LINE('',#2949,#2948);
#2951=DIRECTION('',(0.E0,0.E0,-1.E0));
#2952=VECTOR('',#2951,2.E-2);
#2953=CARTESIAN_POINT('',(6.549124824941E-1,1.0094E0,1.E-1));
#2954=LINE('',#2953,#2952);
#2955=DIRECTION('',(0.E0,0.E0,-1.E0));
#2956=VECTOR('',#2955,2.E-2);
#2957=CARTESIAN_POINT('',(5.814875E-1,7.844382984310E-1,1.E-1));
#2958=LINE('',#2957,#2956);
#2959=DIRECTION('',(0.E0,0.E0,-1.E0));
#2960=VECTOR('',#2959,2.E-2);
#2961=CARTESIAN_POINT('',(2.143624956235E-1,7.844382984310E-1,1.E-1));
#2962=LINE('',#2961,#2960);
#2963=DIRECTION('',(0.E0,0.E0,-1.E0));
#2964=VECTOR('',#2963,2.E-2);
#2965=CARTESIAN_POINT('',(1.409375E-1,1.0094E0,1.E-1));
#2966=LINE('',#2965,#2964);
#2967=DIRECTION('',(0.E0,1.110223024625E-14,-1.E0));
#2968=VECTOR('',#2967,2.E-2);
#2969=CARTESIAN_POINT('',(3.08E-2,1.0094E0,1.E-1));
#2970=LINE('',#2969,#2968);
#2971=DIRECTION('',(0.E0,0.E0,-1.E0));
#2972=VECTOR('',#2971,2.E-2);
#2973=CARTESIAN_POINT('',(3.245000087529E-1,1.283E-1,1.E-1));
#2974=LINE('',#2973,#2972);
#2975=DIRECTION('',(0.E0,0.E0,-1.E0));
#2976=VECTOR('',#2975,2.E-2);
#2977=CARTESIAN_POINT('',(3.979249912471E-1,2.032872251034E-1,1.E-1));
#2978=LINE('',#2977,#2976);
#2979=DIRECTION('',(0.E0,0.E0,-1.E0));
#2980=VECTOR('',#2979,2.E-2);
#2981=CARTESIAN_POINT('',(2.327187543765E-1,7.094510733277E-1,1.E-1));
#2982=LINE('',#2981,#2980);
#2983=DIRECTION('',(0.E0,0.E0,-1.E0));
#2984=VECTOR('',#2983,2.E-2);
#2985=CARTESIAN_POINT('',(5.631312675059E-1,7.094510733277E-1,1.E-1));
#2986=LINE('',#2985,#2984);
#2987=DIRECTION('',(0.E0,0.E0,-1.E0));
#2988=VECTOR('',#2987,3.E-1);
#2989=CARTESIAN_POINT('',(-2.1E-1,-5.5E-1,4.E-1));
#2990=LINE('',#2989,#2988);
#2991=DIRECTION('',(0.E0,0.E0,-1.E0));
#2992=VECTOR('',#2991,3.E-1);
#2993=CARTESIAN_POINT('',(-1.19E0,-5.5E-1,4.E-1));
#2994=LINE('',#2993,#2992);
#2995=CARTESIAN_POINT('',(-7.E-1,-5.5E-1,1.E-1));
#2996=DIRECTION('',(0.E0,0.E0,-1.E0));
#2997=DIRECTION('',(1.E0,0.E0,0.E0));
#2998=AXIS2_PLACEMENT_3D('',#2995,#2996,#2997);
#3000=CARTESIAN_POINT('',(-7.E-1,-5.5E-1,1.E-1));
#3001=DIRECTION('',(0.E0,0.E0,-1.E0));
#3002=DIRECTION('',(-1.E0,0.E0,0.E0));
#3003=AXIS2_PLACEMENT_3D('',#3000,#3001,#3002);
#3005=CARTESIAN_POINT('',(7.E-1,-5.5E-1,1.E-1));
#3006=DIRECTION('',(0.E0,0.E0,-1.E0));
#3007=DIRECTION('',(1.E0,0.E0,0.E0));
#3008=AXIS2_PLACEMENT_3D('',#3005,#3006,#3007);
#3010=CARTESIAN_POINT('',(7.E-1,-5.5E-1,1.E-1));
#3011=DIRECTION('',(0.E0,0.E0,-1.E0));
#3012=DIRECTION('',(-1.E0,0.E0,0.E0));
#3013=AXIS2_PLACEMENT_3D('',#3010,#3011,#3012);
#3015=CARTESIAN_POINT('',(-7.E-1,-5.5E-1,1.E-1));
#3016=DIRECTION('',(0.E0,0.E0,-1.E0));
#3017=DIRECTION('',(1.E0,0.E0,0.E0));
#3018=AXIS2_PLACEMENT_3D('',#3015,#3016,#3017);
#3020=CARTESIAN_POINT('',(-7.E-1,-5.5E-1,1.E-1));
#3021=DIRECTION('',(0.E0,0.E0,-1.E0));
#3022=DIRECTION('',(-1.E0,0.E0,0.E0));
#3023=AXIS2_PLACEMENT_3D('',#3020,#3021,#3022);
#3025=CARTESIAN_POINT('',(7.E-1,-5.5E-1,1.E-1));
#3026=DIRECTION('',(0.E0,0.E0,-1.E0));
#3027=DIRECTION('',(1.E0,0.E0,0.E0));
#3028=AXIS2_PLACEMENT_3D('',#3025,#3026,#3027);
#3030=CARTESIAN_POINT('',(7.E-1,-5.5E-1,1.E-1));
#3031=DIRECTION('',(0.E0,0.E0,-1.E0));
#3032=DIRECTION('',(-1.E0,0.E0,0.E0));
#3033=AXIS2_PLACEMENT_3D('',#3030,#3031,#3032);
#3035=DIRECTION('',(0.E0,0.E0,-1.E0));
#3036=VECTOR('',#3035,3.E-1);
#3037=CARTESIAN_POINT('',(1.19E0,-5.5E-1,4.E-1));
#3038=LINE('',#3037,#3036);
#3039=DIRECTION('',(0.E0,0.E0,-1.E0));
#3040=VECTOR('',#3039,3.E-1);
#3041=CARTESIAN_POINT('',(2.1E-1,-5.5E-1,4.E-1));
#3042=LINE('',#3041,#3040);
#3043=DIRECTION('',(0.E0,0.E0,-1.E0));
#3044=VECTOR('',#3043,2.E-1);
#3045=CARTESIAN_POINT('',(-4.E-1,-5.5E-1,1.E-1));
#3046=LINE('',#3045,#3044);
#3047=DIRECTION('',(0.E0,0.E0,-1.E0));
#3048=VECTOR('',#3047,2.E-1);
#3049=CARTESIAN_POINT('',(-1.E0,-5.5E-1,1.E-1));
#3050=LINE('',#3049,#3048);
#3051=CARTESIAN_POINT('',(-7.E-1,-5.5E-1,-1.E-1));
#3052=DIRECTION('',(0.E0,0.E0,-1.E0));
#3053=DIRECTION('',(1.E0,0.E0,0.E0));
#3054=AXIS2_PLACEMENT_3D('',#3051,#3052,#3053);
#3056=CARTESIAN_POINT('',(-7.E-1,-5.5E-1,-1.E-1));
#3057=DIRECTION('',(0.E0,0.E0,-1.E0));
#3058=DIRECTION('',(-1.E0,0.E0,0.E0));
#3059=AXIS2_PLACEMENT_3D('',#3056,#3057,#3058);
#3061=CARTESIAN_POINT('',(7.E-1,-5.5E-1,-1.E-1));
#3062=DIRECTION('',(0.E0,0.E0,-1.E0));
#3063=DIRECTION('',(1.E0,0.E0,0.E0));
#3064=AXIS2_PLACEMENT_3D('',#3061,#3062,#3063);
#3066=CARTESIAN_POINT('',(7.E-1,-5.5E-1,-1.E-1));
#3067=DIRECTION('',(0.E0,0.E0,-1.E0));
#3068=DIRECTION('',(-1.E0,0.E0,0.E0));
#3069=AXIS2_PLACEMENT_3D('',#3066,#3067,#3068);
#3071=DIRECTION('',(0.E0,0.E0,-1.E0));
#3072=VECTOR('',#3071,2.E-1);
#3073=CARTESIAN_POINT('',(1.E0,-5.5E-1,1.E-1));
#3074=LINE('',#3073,#3072);
#3075=DIRECTION('',(0.E0,0.E0,-1.E0));
#3076=VECTOR('',#3075,2.E-1);
#3077=CARTESIAN_POINT('',(4.E-1,-5.5E-1,1.E-1));
#3078=LINE('',#3077,#3076);
#3079=CARTESIAN_POINT('',(-7.E-1,-5.5E-1,-1.E-1));
#3080=DIRECTION('',(0.E0,0.E0,-1.E0));
#3081=DIRECTION('',(1.E0,0.E0,0.E0));
#3082=AXIS2_PLACEMENT_3D('',#3079,#3080,#3081);
#3084=DIRECTION('',(0.E0,0.E0,-1.E0));
#3085=VECTOR('',#3084,2.9E0);
#3086=CARTESIAN_POINT('',(-5.E-1,-5.5E-1,-1.E-1));
#3087=LINE('',#3086,#3085);
#3088=CARTESIAN_POINT('',(-7.E-1,-5.5E-1,-1.E-1));
#3089=DIRECTION('',(0.E0,0.E0,-1.E0));
#3090=DIRECTION('',(-1.E0,0.E0,0.E0));
#3091=AXIS2_PLACEMENT_3D('',#3088,#3089,#3090);
#3093=DIRECTION('',(0.E0,0.E0,-1.E0));
#3094=VECTOR('',#3093,2.9E0);
#3095=CARTESIAN_POINT('',(-9.E-1,-5.5E-1,-1.E-1));
#3096=LINE('',#3095,#3094);
#3097=CARTESIAN_POINT('',(-7.E-1,-5.5E-1,-3.E0));
#3098=DIRECTION('',(0.E0,0.E0,-1.E0));
#3099=DIRECTION('',(1.E0,0.E0,0.E0));
#3100=AXIS2_PLACEMENT_3D('',#3097,#3098,#3099);
#3102=CARTESIAN_POINT('',(-7.E-1,-5.5E-1,-3.E0));
#3103=DIRECTION('',(0.E0,0.E0,-1.E0));
#3104=DIRECTION('',(-1.E0,0.E0,0.E0));
#3105=AXIS2_PLACEMENT_3D('',#3102,#3103,#3104);
#3107=CARTESIAN_POINT('',(7.E-1,-5.5E-1,-3.E0));
#3108=DIRECTION('',(0.E0,0.E0,-1.E0));
#3109=DIRECTION('',(1.E0,0.E0,0.E0));
#3110=AXIS2_PLACEMENT_3D('',#3107,#3108,#3109);
#3112=CARTESIAN_POINT('',(7.E-1,-5.5E-1,-3.E0));
#3113=DIRECTION('',(0.E0,0.E0,-1.E0));
#3114=DIRECTION('',(-1.E0,0.E0,0.E0));
#3115=AXIS2_PLACEMENT_3D('',#3112,#3113,#3114);
#3117=CARTESIAN_POINT('',(7.E-1,-5.5E-1,-1.E-1));
#3118=DIRECTION('',(0.E0,0.E0,-1.E0));
#3119=DIRECTION('',(1.E0,0.E0,0.E0));
#3120=AXIS2_PLACEMENT_3D('',#3117,#3118,#3119);
#3122=DIRECTION('',(0.E0,0.E0,-1.E0));
#3123=VECTOR('',#3122,2.9E0);
#3124=CARTESIAN_POINT('',(9.E-1,-5.5E-1,-1.E-1));
#3125=LINE('',#3124,#3123);
#3126=CARTESIAN_POINT('',(7.E-1,-5.5E-1,-1.E-1));
#3127=DIRECTION('',(0.E0,0.E0,-1.E0));
#3128=DIRECTION('',(-1.E0,0.E0,0.E0));
#3129=AXIS2_PLACEMENT_3D('',#3126,#3127,#3128);
#3131=DIRECTION('',(0.E0,0.E0,-1.E0));
#3132=VECTOR('',#3131,2.9E0);
#3133=CARTESIAN_POINT('',(5.E-1,-5.5E-1,-1.E-1));
#3134=LINE('',#3133,#3132);
#3135=CARTESIAN_POINT('',(-1.85E0,0.E0,1.5E0));
#3136=CARTESIAN_POINT('',(1.85E0,0.E0,1.5E0));
#3137=VERTEX_POINT('',#3135);
#3138=VERTEX_POINT('',#3136);
#3139=CARTESIAN_POINT('',(-2.E0,0.E0,1.35E0));
#3140=CARTESIAN_POINT('',(2.E0,0.E0,1.35E0));
#3141=VERTEX_POINT('',#3139);
#3142=VERTEX_POINT('',#3140);
#3143=CARTESIAN_POINT('',(1.85E0,0.E0,0.E0));
#3144=CARTESIAN_POINT('',(-1.85E0,0.E0,0.E0));
#3145=VERTEX_POINT('',#3143);
#3146=VERTEX_POINT('',#3144);
#3147=CARTESIAN_POINT('',(2.E0,0.E0,1.5E-1));
#3148=CARTESIAN_POINT('',(-2.E0,0.E0,1.5E-1));
#3149=VERTEX_POINT('',#3147);
#3150=VERTEX_POINT('',#3148);
#3151=CARTESIAN_POINT('',(1.75E0,0.E0,1.65E0));
#3152=CARTESIAN_POINT('',(-1.75E0,0.E0,1.65E0));
#3153=VERTEX_POINT('',#3151);
#3154=VERTEX_POINT('',#3152);
#3155=CARTESIAN_POINT('',(1.75E0,0.E0,1.5E0));
#3156=VERTEX_POINT('',#3155);
#3157=CARTESIAN_POINT('',(-1.75E0,0.E0,1.5E0));
#3158=VERTEX_POINT('',#3157);
#3159=CARTESIAN_POINT('',(-1.841421356237E0,0.E0,0.E0));
#3160=CARTESIAN_POINT('',(1.841421356237E0,0.E0,0.E0));
#3161=VERTEX_POINT('',#3159);
#3162=VERTEX_POINT('',#3160);
#3163=CARTESIAN_POINT('',(-1.7E0,0.E0,1.E-1));
#3164=CARTESIAN_POINT('',(1.7E0,0.E0,1.E-1));
#3165=VERTEX_POINT('',#3163);
#3166=VERTEX_POINT('',#3164);
#3167=CARTESIAN_POINT('',(-2.E-1,-5.5E-1,4.E-1));
#3168=CARTESIAN_POINT('',(-1.2E0,-5.5E-1,4.E-1));
#3169=VERTEX_POINT('',#3167);
#3170=VERTEX_POINT('',#3168);
#3171=CARTESIAN_POINT('',(1.2E0,-5.5E-1,4.E-1));
#3172=CARTESIAN_POINT('',(2.E-1,-5.5E-1,4.E-1));
#3173=VERTEX_POINT('',#3171);
#3174=VERTEX_POINT('',#3172);
#3175=CARTESIAN_POINT('',(1.2E0,-5.5E-1,1.E-1));
#3176=CARTESIAN_POINT('',(2.E-1,-5.5E-1,1.E-1));
#3177=VERTEX_POINT('',#3175);
#3178=VERTEX_POINT('',#3176);
#3179=CARTESIAN_POINT('',(-2.1E-1,-5.5E-1,1.E-1));
#3180=CARTESIAN_POINT('',(-1.19E0,-5.5E-1,1.E-1));
#3181=VERTEX_POINT('',#3179);
#3182=VERTEX_POINT('',#3180);
#3183=CARTESIAN_POINT('',(1.19E0,-5.5E-1,1.E-1));
#3184=CARTESIAN_POINT('',(2.1E-1,-5.5E-1,1.E-1));
#3185=VERTEX_POINT('',#3183);
#3186=VERTEX_POINT('',#3184);
#3187=CARTESIAN_POINT('',(-2.1E-1,-5.5E-1,4.E-1));
#3188=CARTESIAN_POINT('',(-1.19E0,-5.5E-1,4.E-1));
#3189=VERTEX_POINT('',#3187);
#3190=VERTEX_POINT('',#3188);
#3191=CARTESIAN_POINT('',(1.19E0,-5.5E-1,4.E-1));
#3192=CARTESIAN_POINT('',(2.1E-1,-5.5E-1,4.E-1));
#3193=VERTEX_POINT('',#3191);
#3194=VERTEX_POINT('',#3192);
#3195=CARTESIAN_POINT('',(-5.E-1,-5.5E-1,-3.E0));
#3196=CARTESIAN_POINT('',(-9.E-1,-5.5E-1,-3.E0));
#3197=VERTEX_POINT('',#3195);
#3198=VERTEX_POINT('',#3196);
#3199=CARTESIAN_POINT('',(9.E-1,-5.5E-1,-3.E0));
#3200=CARTESIAN_POINT('',(5.E-1,-5.5E-1,-3.E0));
#3201=VERTEX_POINT('',#3199);
#3202=VERTEX_POINT('',#3200);
#3203=CARTESIAN_POINT('',(-4.E-1,-5.5E-1,-1.E-1));
#3204=CARTESIAN_POINT('',(-1.E0,-5.5E-1,-1.E-1));
#3205=VERTEX_POINT('',#3203);
#3206=VERTEX_POINT('',#3204);
#3207=CARTESIAN_POINT('',(1.E0,-5.5E-1,-1.E-1));
#3208=CARTESIAN_POINT('',(4.E-1,-5.5E-1,-1.E-1));
#3209=VERTEX_POINT('',#3207);
#3210=VERTEX_POINT('',#3208);
#3211=CARTESIAN_POINT('',(-4.E-1,-5.5E-1,1.E-1));
#3212=CARTESIAN_POINT('',(-1.E0,-5.5E-1,1.E-1));
#3213=VERTEX_POINT('',#3211);
#3214=VERTEX_POINT('',#3212);
#3215=CARTESIAN_POINT('',(1.E0,-5.5E-1,1.E-1));
#3216=CARTESIAN_POINT('',(4.E-1,-5.5E-1,1.E-1));
#3217=VERTEX_POINT('',#3215);
#3218=VERTEX_POINT('',#3216);
#3219=CARTESIAN_POINT('',(-5.E-1,-5.5E-1,-1.E-1));
#3220=CARTESIAN_POINT('',(-9.E-1,-5.5E-1,-1.E-1));
#3221=VERTEX_POINT('',#3219);
#3222=VERTEX_POINT('',#3220);
#3223=CARTESIAN_POINT('',(9.E-1,-5.5E-1,-1.E-1));
#3224=CARTESIAN_POINT('',(5.E-1,-5.5E-1,-1.E-1));
#3225=VERTEX_POINT('',#3223);
#3226=VERTEX_POINT('',#3224);
#3227=CARTESIAN_POINT('',(-4.386E-1,3.5E-3,8.E-2));
#3228=CARTESIAN_POINT('',(-4.386E-1,3.035E-1,8.E-2));
#3229=VERTEX_POINT('',#3227);
#3230=VERTEX_POINT('',#3228);
#3231=CARTESIAN_POINT('',(-7.386E-1,3.035E-1,8.E-2));
#3232=VERTEX_POINT('',#3231);
#3233=CARTESIAN_POINT('',(-7.386E-1,4.035E-1,8.E-2));
#3234=VERTEX_POINT('',#3233);
#3235=CARTESIAN_POINT('',(-4.386E-1,4.035E-1,8.E-2));
#3236=VERTEX_POINT('',#3235);
#3237=CARTESIAN_POINT('',(-4.386E-1,7.035E-1,8.E-2));
#3238=VERTEX_POINT('',#3237);
#3239=CARTESIAN_POINT('',(-3.386E-1,7.035E-1,8.E-2));
#3240=VERTEX_POINT('',#3239);
#3241=CARTESIAN_POINT('',(-3.386E-1,4.035E-1,8.E-2));
#3242=VERTEX_POINT('',#3241);
#3243=CARTESIAN_POINT('',(-3.86E-2,4.035E-1,8.E-2));
#3244=VERTEX_POINT('',#3243);
#3245=CARTESIAN_POINT('',(-3.86E-2,3.035E-1,8.E-2));
#3246=VERTEX_POINT('',#3245);
#3247=CARTESIAN_POINT('',(-3.386E-1,3.035E-1,8.E-2));
#3248=VERTEX_POINT('',#3247);
#3249=CARTESIAN_POINT('',(-3.386E-1,3.5E-3,8.E-2));
#3250=VERTEX_POINT('',#3249);
#3251=CARTESIAN_POINT('',(4.7135E-1,1.283E-1,8.E-2));
#3252=CARTESIAN_POINT('',(3.245000087529E-1,1.283E-1,8.E-2));
#3253=VERTEX_POINT('',#3251);
#3254=VERTEX_POINT('',#3252);
#3255=CARTESIAN_POINT('',(3.08E-2,1.0094E0,8.E-2));
#3256=VERTEX_POINT('',#3255);
#3257=CARTESIAN_POINT('',(1.409375E-1,1.0094E0,8.E-2));
#3258=VERTEX_POINT('',#3257);
#3259=CARTESIAN_POINT('',(2.143624956235E-1,7.844382984310E-1,8.E-2));
#3260=VERTEX_POINT('',#3259);
#3261=CARTESIAN_POINT('',(5.814875E-1,7.844382984310E-1,8.E-2));
#3262=VERTEX_POINT('',#3261);
#3263=CARTESIAN_POINT('',(6.549124824941E-1,1.0094E0,8.E-2));
#3264=VERTEX_POINT('',#3263);
#3265=CARTESIAN_POINT('',(7.650499824941E-1,1.0094E0,8.E-2));
#3266=VERTEX_POINT('',#3265);
#3267=CARTESIAN_POINT('',(3.979249912471E-1,2.032872251034E-1,8.E-2));
#3268=CARTESIAN_POINT('',(5.631312675059E-1,7.094510733277E-1,8.E-2));
#3269=VERTEX_POINT('',#3267);
#3270=VERTEX_POINT('',#3268);
#3271=CARTESIAN_POINT('',(2.327187543765E-1,7.094510733277E-1,8.E-2));
#3272=VERTEX_POINT('',#3271);
#3273=CARTESIAN_POINT('',(-4.386E-1,3.035E-1,1.E-1));
#3274=CARTESIAN_POINT('',(-7.386E-1,3.035E-1,1.E-1));
#3275=VERTEX_POINT('',#3273);
#3276=VERTEX_POINT('',#3274);
#3277=CARTESIAN_POINT('',(-7.386E-1,4.035E-1,1.E-1));
#3278=VERTEX_POINT('',#3277);
#3279=CARTESIAN_POINT('',(-4.386E-1,4.035E-1,1.E-1));
#3280=VERTEX_POINT('',#3279);
#3281=CARTESIAN_POINT('',(-4.386E-1,7.035E-1,1.E-1));
#3282=VERTEX_POINT('',#3281);
#3283=CARTESIAN_POINT('',(-3.386E-1,7.035E-1,1.E-1));
#3284=VERTEX_POINT('',#3283);
#3285=CARTESIAN_POINT('',(-3.386E-1,4.035E-1,1.E-1));
#3286=VERTEX_POINT('',#3285);
#3287=CARTESIAN_POINT('',(-3.86E-2,4.035E-1,1.E-1));
#3288=VERTEX_POINT('',#3287);
#3289=CARTESIAN_POINT('',(-3.86E-2,3.035E-1,1.E-1));
#3290=VERTEX_POINT('',#3289);
#3291=CARTESIAN_POINT('',(-3.386E-1,3.035E-1,1.E-1));
#3292=VERTEX_POINT('',#3291);
#3293=CARTESIAN_POINT('',(-3.386E-1,3.5E-3,1.E-1));
#3294=VERTEX_POINT('',#3293);
#3295=CARTESIAN_POINT('',(4.7135E-1,1.283E-1,1.E-1));
#3296=CARTESIAN_POINT('',(3.245000087529E-1,1.283E-1,1.E-1));
#3297=VERTEX_POINT('',#3295);
#3298=VERTEX_POINT('',#3296);
#3299=CARTESIAN_POINT('',(3.08E-2,1.0094E0,1.E-1));
#3300=VERTEX_POINT('',#3299);
#3301=CARTESIAN_POINT('',(1.409375E-1,1.0094E0,1.E-1));
#3302=VERTEX_POINT('',#3301);
#3303=CARTESIAN_POINT('',(2.143624956235E-1,7.844382984310E-1,1.E-1));
#3304=VERTEX_POINT('',#3303);
#3305=CARTESIAN_POINT('',(5.814875E-1,7.844382984310E-1,1.E-1));
#3306=VERTEX_POINT('',#3305);
#3307=CARTESIAN_POINT('',(6.549124824941E-1,1.0094E0,1.E-1));
#3308=VERTEX_POINT('',#3307);
#3309=CARTESIAN_POINT('',(7.650499824941E-1,1.0094E0,1.E-1));
#3310=VERTEX_POINT('',#3309);
#3311=CARTESIAN_POINT('',(3.979249912471E-1,2.032872251034E-1,1.E-1));
#3312=CARTESIAN_POINT('',(5.631312675059E-1,7.094510733277E-1,1.E-1));
#3313=VERTEX_POINT('',#3311);
#3314=VERTEX_POINT('',#3312);
#3315=CARTESIAN_POINT('',(2.327187543765E-1,7.094510733277E-1,1.E-1));
#3316=VERTEX_POINT('',#3315);
#3317=CARTESIAN_POINT('',(-2.E-1,-5.5E-1,9.E-2));
#3318=CARTESIAN_POINT('',(-1.2E0,-5.5E-1,9.E-2));
#3319=VERTEX_POINT('',#3317);
#3320=VERTEX_POINT('',#3318);
#3321=CARTESIAN_POINT('',(-4.386E-1,3.5E-3,9.E-2));
#3322=CARTESIAN_POINT('',(-4.386E-1,1.220106723485E-2,9.E-2));
#3323=VERTEX_POINT('',#3321);
#3324=VERTEX_POINT('',#3322);
#3325=CARTESIAN_POINT('',(-4.386E-1,1.220106723485E-2,1.E-1));
#3326=VERTEX_POINT('',#3325);
#3327=CARTESIAN_POINT('',(-4.206476239586E-1,3.5E-3,9.E-2));
#3328=VERTEX_POINT('',#3327);
#3329=CARTESIAN_POINT('',(-4.206476239586E-1,3.5E-3,1.E-1));
#3330=VERTEX_POINT('',#3329);
#3331=VERTEX_POINT('',#62);
#3332=VERTEX_POINT('',#73);
#3333=CARTESIAN_POINT('',(-8.650714143674E-2,1.998128252761E0,
8.742222206294E-1));
#3334=CARTESIAN_POINT('',(-8.650714143674E-2,1.998128252761E0,
8.928623960853E-1));
#3335=VERTEX_POINT('',#3333);
#3336=VERTEX_POINT('',#3334);
#3337=CARTESIAN_POINT('',(-2.139190968917E-2,1.999885593278E0,
8.928623960853E-1));
#3338=VERTEX_POINT('',#3337);
#3339=CARTESIAN_POINT('',(-2.139190968917E-2,1.999885593278E0,
1.037720799959E0));
#3340=VERTEX_POINT('',#3339);
#3341=CARTESIAN_POINT('',(-2.858814271300E-4,1.999999979568E0,
1.037720799959E0));
#3342=VERTEX_POINT('',#3341);
#3343=CARTESIAN_POINT('',(-2.858814271300E-4,1.999999979568E0,
8.742222206294E-1));
#3344=VERTEX_POINT('',#3343);
#3345=CARTESIAN_POINT('',(-2.156091638168E-1,1.988344207746E0,
9.012212191591E-1));
#3346=CARTESIAN_POINT('',(-2.156091638168E-1,1.988344207746E0,
8.809928673199E-1));
#3347=VERTEX_POINT('',#3345);
#3348=VERTEX_POINT('',#3346);
#3349=VERTEX_POINT('',#119);
#3350=CARTESIAN_POINT('',(-2.156091638168E-1,1.988344207746E0,
1.033792153115E0));
#3351=VERTEX_POINT('',#3350);
#3352=CARTESIAN_POINT('',(-3.362687748918E-1,1.971528166432E0,
8.742222206294E-1));
#3353=CARTESIAN_POINT('',(-3.362687748918E-1,1.971528166432E0,
8.928623960853E-1));
#3354=VERTEX_POINT('',#3352);
#3355=VERTEX_POINT('',#3353);
#3356=CARTESIAN_POINT('',(-2.694399844141E-1,1.981767416928E0,
8.928623960853E-1));
#3357=VERTEX_POINT('',#3356);
#3358=CARTESIAN_POINT('',(-2.694399844141E-1,1.981767416928E0,
9.478634519122E-1));
#3359=VERTEX_POINT('',#3358);
#3360=CARTESIAN_POINT('',(-3.279099518169E-1,1.972935646061E0,
9.478634519122E-1));
#3361=VERTEX_POINT('',#3360);
#3362=CARTESIAN_POINT('',(-3.279099518169E-1,1.972935646061E0,
9.665872155982E-1));
#3363=VERTEX_POINT('',#3362);
#3364=CARTESIAN_POINT('',(-2.694399844141E-1,1.981767416928E0,
9.665872155982E-1));
#3365=VERTEX_POINT('',#3364);
#3366=CARTESIAN_POINT('',(-2.694399844141E-1,1.981767416928E0,
1.018913448043E0));
#3367=VERTEX_POINT('',#3366);
#3368=CARTESIAN_POINT('',(-3.325490986231E-1,1.972158993845E0,
1.018913448043E0));
#3369=VERTEX_POINT('',#3368);
#3370=CARTESIAN_POINT('',(-3.325490986231E-1,1.972158993845E0,
1.037720799959E0));
#3371=VERTEX_POINT('',#3370);
#3372=CARTESIAN_POINT('',(-2.483339561520E-1,1.984522674656E0,
1.037720799959E0));
#3373=VERTEX_POINT('',#3372);
#3374=CARTESIAN_POINT('',(-2.483339561520E-1,1.984522674656E0,
8.742222206294E-1));
#3375=VERTEX_POINT('',#3374);
#3376=VERTEX_POINT('',#216);
#3377=VERTEX_POINT('',#220);
#3378=VERTEX_POINT('',#222);
#3379=VERTEX_POINT('',#236);
#3380=VERTEX_POINT('',#246);
#3381=VERTEX_POINT('',#250);
#3382=VERTEX_POINT('',#252);
#3383=VERTEX_POINT('',#267);
#3384=VERTEX_POINT('',#277);
#3385=VERTEX_POINT('',#281);
#3386=VERTEX_POINT('',#283);
#3387=VERTEX_POINT('',#290);
#3388=VERTEX_POINT('',#297);
#3389=VERTEX_POINT('',#310);
#3390=VERTEX_POINT('',#313);
#3391=CARTESIAN_POINT('',(-5.716114385446E-1,1.916575165060E0,
1.037720799959E0));
#3392=VERTEX_POINT('',#3391);
#3393=VERTEX_POINT('',#320);
#3394=CARTESIAN_POINT('',(-5.326593230183E-1,1.927764001532E0,
8.742222206294E-1));
#3395=VERTEX_POINT('',#3394);
#3396=VERTEX_POINT('',#333);
#3397=CARTESIAN_POINT('',(-6.164565243390E-1,1.902624858873E0,
9.189419240753E-1));
#3398=VERTEX_POINT('',#3397);
#3399=VERTEX_POINT('',#343);
#3400=CARTESIAN_POINT('',(-8.822070016691E-2,1.998053329634E0,
6.148479406391E-1));
#3401=CARTESIAN_POINT('',(-8.822070016691E-2,1.998053329634E0,
6.334881160950E-1));
#3402=VERTEX_POINT('',#3400);
#3403=VERTEX_POINT('',#3401);
#3404=CARTESIAN_POINT('',(-2.139190968917E-2,1.999885593278E0,
6.334881160950E-1));
#3405=VERTEX_POINT('',#3404);
#3406=CARTESIAN_POINT('',(-2.139190968917E-2,1.999885593278E0,
6.884891719219E-1));
#3407=VERTEX_POINT('',#3406);
#3408=CARTESIAN_POINT('',(-7.986187709204E-2,1.998404884048E0,
6.884891719219E-1));
#3409=VERTEX_POINT('',#3408);
#3410=CARTESIAN_POINT('',(-7.986187709204E-2,1.998404884048E0,
7.072129356080E-1));
#3411=VERTEX_POINT('',#3410);
#3412=CARTESIAN_POINT('',(-2.139190968917E-2,1.999885593278E0,
7.072129356080E-1));
#3413=VERTEX_POINT('',#3412);
#3414=CARTESIAN_POINT('',(-2.139190968917E-2,1.999885593278E0,
7.595391680527E-1));
#3415=VERTEX_POINT('',#3414);
#3416=CARTESIAN_POINT('',(-8.450102389819E-2,1.998214096878E0,
7.595391680527E-1));
#3417=VERTEX_POINT('',#3416);
#3418=CARTESIAN_POINT('',(-8.450102389819E-2,1.998214096878E0,
7.783465199689E-1));
#3419=VERTEX_POINT('',#3418);
#3420=CARTESIAN_POINT('',(-2.858814271300E-4,1.999999979568E0,
7.783465199689E-1));
#3421=VERTEX_POINT('',#3420);
#3422=CARTESIAN_POINT('',(-2.858814271300E-4,1.999999979568E0,
6.148479406391E-1));
#3423=VERTEX_POINT('',#3422);
#3424=VERTEX_POINT('',#404);
#3425=VERTEX_POINT('',#408);
#3426=CARTESIAN_POINT('',(-1.811708127508E-1,1.991777381287E0,
6.622424674694E-1));
#3427=VERTEX_POINT('',#3426);
#3428=CARTESIAN_POINT('',(-1.811708127508E-1,1.991777381287E0,
6.148479406391E-1));
#3429=CARTESIAN_POINT('',(-1.811708127508E-1,1.991777381287E0,
6.329029984794E-1));
#3430=VERTEX_POINT('',#3428);
#3431=VERTEX_POINT('',#3429);
#3432=VERTEX_POINT('',#436);
#3433=CARTESIAN_POINT('',(-2.016499292821E-1,1.989808359119E0,
6.899937600752E-1));
#3434=VERTEX_POINT('',#3433);
#3435=VERTEX_POINT('',#446);
#3436=CARTESIAN_POINT('',(-1.192319337709E-1,1.996442773026E0,
7.035350534549E-1));
#3437=VERTEX_POINT('',#3436);
#3438=VERTEX_POINT('',#462);
#3439=VERTEX_POINT('',#473);
#3440=CARTESIAN_POINT('',(-2.294012218889E-1,1.986800211243E0,
6.189437639453E-1));
#3441=CARTESIAN_POINT('',(-2.294012218889E-1,1.986800211243E0,
6.400915863230E-1));
#3442=VERTEX_POINT('',#3440);
#3443=VERTEX_POINT('',#3441);
#3444=VERTEX_POINT('',#499);
#3445=CARTESIAN_POINT('',(-3.026663061342E-1,1.976965631247E0,
7.291130520616E-1));
#3446=VERTEX_POINT('',#3445);
#3447=VERTEX_POINT('',#557);
#3448=VERTEX_POINT('',#561);
#3449=VERTEX_POINT('',#563);
#3450=VERTEX_POINT('',#570);
#3451=VERTEX_POINT('',#576);
#3452=VERTEX_POINT('',#583);
#3453=VERTEX_POINT('',#589);
#3454=CARTESIAN_POINT('',(-3.231454226661E-1,1.973721620647E0,
5.615186494256E-1));
#3455=VERTEX_POINT('',#3454);
#3456=VERTEX_POINT('',#603);
#3457=VERTEX_POINT('',#612);
#3458=VERTEX_POINT('',#619);
#3459=VERTEX_POINT('',#625);
#3460=CARTESIAN_POINT('',(-5.410181460932E-1,1.925434851040E0,
6.148479406391E-1));
#3461=CARTESIAN_POINT('',(-5.410181460932E-1,1.925434851040E0,
6.334881160950E-1));
#3462=VERTEX_POINT('',#3460);
#3463=VERTEX_POINT('',#3461);
#3464=CARTESIAN_POINT('',(-4.741893556155E-1,1.942973096834E0,
6.334881160950E-1));
#3465=VERTEX_POINT('',#3464);
#3466=CARTESIAN_POINT('',(-4.741893556155E-1,1.942973096834E0,
6.884891719219E-1));
#3467=VERTEX_POINT('',#3466);
#3468=CARTESIAN_POINT('',(-5.326593230183E-1,1.927764001532E0,
6.884891719219E-1));
#3469=VERTEX_POINT('',#3468);
#3470=CARTESIAN_POINT('',(-5.326593230183E-1,1.927764001532E0,
7.072129356080E-1));
#3471=VERTEX_POINT('',#3470);
#3472=CARTESIAN_POINT('',(-4.741893556155E-1,1.942973096834E0,
7.072129356080E-1));
#3473=VERTEX_POINT('',#3472);
#3474=CARTESIAN_POINT('',(-4.741893556155E-1,1.942973096834E0,
7.595391680527E-1));
#3475=VERTEX_POINT('',#3474);
#3476=CARTESIAN_POINT('',(-5.372984698245E-1,1.926476149430E0,
7.595391680527E-1));
#3477=VERTEX_POINT('',#3476);
#3478=CARTESIAN_POINT('',(-5.372984698245E-1,1.926476149430E0,
7.783465199689E-1));
#3479=VERTEX_POINT('',#3478);
#3480=CARTESIAN_POINT('',(-4.530833273534E-1,1.948002951352E0,
7.783465199689E-1));
#3481=VERTEX_POINT('',#3480);
#3482=CARTESIAN_POINT('',(-4.530833273534E-1,1.948002951352E0,
6.148479406391E-1));
#3483=VERTEX_POINT('',#3482);
#3484=VERTEX_POINT('',#693);
#3485=VERTEX_POINT('',#697);
#3486=VERTEX_POINT('',#699);
#3487=VERTEX_POINT('',#713);
#3488=VERTEX_POINT('',#723);
#3489=VERTEX_POINT('',#727);
#3490=VERTEX_POINT('',#729);
#3491=VERTEX_POINT('',#744);
#3492=VERTEX_POINT('',#754);
#3493=VERTEX_POINT('',#758);
#3494=VERTEX_POINT('',#760);
#3495=VERTEX_POINT('',#767);
#3496=VERTEX_POINT('',#774);
#3497=VERTEX_POINT('',#787);
#3498=VERTEX_POINT('',#790);
#3499=CARTESIAN_POINT('',(-7.763608097460E-1,1.843166810978E0,
7.783465199689E-1));
#3500=VERTEX_POINT('',#3499);
#3501=VERTEX_POINT('',#797);
#3502=CARTESIAN_POINT('',(-7.374086942197E-1,1.859093439741E0,
6.148479406391E-1));
#3503=VERTEX_POINT('',#3502);
#3504=VERTEX_POINT('',#810);
#3505=CARTESIAN_POINT('',(-8.212058955403E-1,1.823628492081E0,
6.595676440850E-1));
#3506=VERTEX_POINT('',#3505);
#3507=VERTEX_POINT('',#820);
#3508=VERTEX_POINT('',#827);
#3509=VERTEX_POINT('',#839);
#3510=VERTEX_POINT('',#841);
#3511=VERTEX_POINT('',#858);
#3512=VERTEX_POINT('',#875);
#3513=VERTEX_POINT('',#882);
#3514=VERTEX_POINT('',#889);
#3515=VERTEX_POINT('',#896);
#3516=VERTEX_POINT('',#910);
#3517=VERTEX_POINT('',#928);
#3518=VERTEX_POINT('',#945);
#3519=VERTEX_POINT('',#968);
#3520=VERTEX_POINT('',#974);
#3521=VERTEX_POINT('',#990);
#3522=VERTEX_POINT('',#997);
#3523=VERTEX_POINT('',#1003);
#3524=VERTEX_POINT('',#1088);
#3525=VERTEX_POINT('',#1099);
#3526=CARTESIAN_POINT('',(-8.650714143674E-2,1.999129189042E0,
8.742222206294E-1));
#3527=CARTESIAN_POINT('',(-8.650714143674E-2,1.999129189042E0,
8.928623960853E-1));
#3528=VERTEX_POINT('',#3526);
#3529=VERTEX_POINT('',#3527);
#3530=CARTESIAN_POINT('',(-2.139190968917E-2,2.000885650456E0,
8.928623960853E-1));
#3531=VERTEX_POINT('',#3530);
#3532=CARTESIAN_POINT('',(-2.139190968917E-2,2.000885650456E0,
1.037720799959E0));
#3533=VERTEX_POINT('',#3532);
#3534=CARTESIAN_POINT('',(-2.858814271300E-4,2.000999979578E0,
1.037720799959E0));
#3535=VERTEX_POINT('',#3534);
#3536=CARTESIAN_POINT('',(-2.858814271300E-4,2.000999979578E0,
8.742222206294E-1));
#3537=VERTEX_POINT('',#3536);
#3538=CARTESIAN_POINT('',(-2.156091638168E-1,1.989350066851E0,
9.012212191591E-1));
#3539=CARTESIAN_POINT('',(-2.156091638168E-1,1.989350066851E0,
8.809928673199E-1));
#3540=VERTEX_POINT('',#3538);
#3541=VERTEX_POINT('',#3539);
#3542=VERTEX_POINT('',#1181);
#3543=CARTESIAN_POINT('',(-2.156091638168E-1,1.989350066851E0,
1.033792153115E0));
#3544=VERTEX_POINT('',#3543);
#3545=CARTESIAN_POINT('',(-3.362687748918E-1,1.972542600562E0,
8.742222206294E-1));
#3546=CARTESIAN_POINT('',(-3.362687748918E-1,1.972542600562E0,
8.928623960853E-1));
#3547=VERTEX_POINT('',#3545);
#3548=VERTEX_POINT('',#3546);
#3549=CARTESIAN_POINT('',(-2.694399844141E-1,1.982776612430E0,
8.928623960853E-1));
#3550=VERTEX_POINT('',#3549);
#3551=CARTESIAN_POINT('',(-2.694399844141E-1,1.982776612430E0,
9.478634519122E-1));
#3552=VERTEX_POINT('',#3551);
#3553=CARTESIAN_POINT('',(-3.279099518169E-1,1.973949356873E0,
9.478634519122E-1));
#3554=VERTEX_POINT('',#3553);
#3555=CARTESIAN_POINT('',(-3.279099518169E-1,1.973949356873E0,
9.665872155982E-1));
#3556=VERTEX_POINT('',#3555);
#3557=CARTESIAN_POINT('',(-2.694399844141E-1,1.982776612430E0,
9.665872155982E-1));
#3558=VERTEX_POINT('',#3557);
#3559=CARTESIAN_POINT('',(-2.694399844141E-1,1.982776612430E0,
1.018913448043E0));
#3560=VERTEX_POINT('',#3559);
#3561=CARTESIAN_POINT('',(-3.325490986231E-1,1.973173103659E0,
1.018913448043E0));
#3562=VERTEX_POINT('',#3561);
#3563=CARTESIAN_POINT('',(-3.325490986231E-1,1.973173103659E0,
1.037720799959E0));
#3564=VERTEX_POINT('',#3563);
#3565=CARTESIAN_POINT('',(-2.483339561520E-1,1.985530469729E0,
1.037720799959E0));
#3566=VERTEX_POINT('',#3565);
#3567=CARTESIAN_POINT('',(-2.483339561520E-1,1.985530469729E0,
8.742222206294E-1));
#3568=VERTEX_POINT('',#3567);
#3569=VERTEX_POINT('',#1339);
#3570=VERTEX_POINT('',#1343);
#3571=VERTEX_POINT('',#1349);
#3572=VERTEX_POINT('',#1370);
#3573=VERTEX_POINT('',#1388);
#3574=VERTEX_POINT('',#1392);
#3575=VERTEX_POINT('',#1398);
#3576=VERTEX_POINT('',#1417);
#3577=VERTEX_POINT('',#1436);
#3578=VERTEX_POINT('',#1440);
#3579=VERTEX_POINT('',#1446);
#3580=VERTEX_POINT('',#1457);
#3581=VERTEX_POINT('',#1468);
#3582=VERTEX_POINT('',#1489);
#3583=VERTEX_POINT('',#1492);
#3584=CARTESIAN_POINT('',(-5.716114385446E-1,1.917618669946E0,
1.037720799959E0));
#3585=VERTEX_POINT('',#3584);
#3586=VERTEX_POINT('',#1507);
#3587=CARTESIAN_POINT('',(-5.326593230183E-1,1.928801453131E0,
8.742222206294E-1));
#3588=VERTEX_POINT('',#3587);
#3589=VERTEX_POINT('',#1528);
#3590=CARTESIAN_POINT('',(-6.164565243390E-1,1.903676010670E0,
9.189419240753E-1));
#3591=VERTEX_POINT('',#3590);
#3592=VERTEX_POINT('',#1546);
#3593=CARTESIAN_POINT('',(-8.822070016691E-2,1.999054303430E0,
6.148479406391E-1));
#3594=CARTESIAN_POINT('',(-8.822070016691E-2,1.999054303430E0,
6.334881160950E-1));
#3595=VERTEX_POINT('',#3593);
#3596=VERTEX_POINT('',#3594);
#3597=CARTESIAN_POINT('',(-2.139190968917E-2,2.000885650456E0,
6.334881160950E-1));
#3598=VERTEX_POINT('',#3597);
#3599=CARTESIAN_POINT('',(-2.139190968917E-2,2.000885650456E0,
6.884891719219E-1));
#3600=VERTEX_POINT('',#3599);
#3601=CARTESIAN_POINT('',(-7.986187709204E-2,1.999405681843E0,
6.884891719219E-1));
#3602=VERTEX_POINT('',#3601);
#3603=CARTESIAN_POINT('',(-7.986187709204E-2,1.999405681843E0,
7.072129356080E-1));
#3604=VERTEX_POINT('',#3603);
#3605=CARTESIAN_POINT('',(-2.139190968917E-2,2.000885650456E0,
7.072129356080E-1));
#3606=VERTEX_POINT('',#3605);
#3607=CARTESIAN_POINT('',(-2.139190968917E-2,2.000885650456E0,
7.595391680527E-1));
#3608=VERTEX_POINT('',#3607);
#3609=CARTESIAN_POINT('',(-8.450102389819E-2,1.999214990180E0,
7.595391680527E-1));
#3610=VERTEX_POINT('',#3609);
#3611=CARTESIAN_POINT('',(-8.450102389819E-2,1.999214990180E0,
7.783465199689E-1));
#3612=VERTEX_POINT('',#3611);
#3613=CARTESIAN_POINT('',(-2.858814271300E-4,2.000999979578E0,
7.783465199689E-1));
#3614=VERTEX_POINT('',#3613);
#3615=CARTESIAN_POINT('',(-2.858814271300E-4,2.000999979578E0,
6.148479406391E-1));
#3616=VERTEX_POINT('',#3615);
#3617=VERTEX_POINT('',#1663);
#3618=VERTEX_POINT('',#1667);
#3619=CARTESIAN_POINT('',(-1.811708127508E-1,1.992781507493E0,
6.622424674694E-1));
#3620=VERTEX_POINT('',#3619);
#3621=CARTESIAN_POINT('',(-1.811708127508E-1,1.992781507493E0,
6.148479406391E-1));
#3622=CARTESIAN_POINT('',(-1.811708127508E-1,1.992781507493E0,
6.329029984794E-1));
#3623=VERTEX_POINT('',#3621);
#3624=VERTEX_POINT('',#3622);
#3625=VERTEX_POINT('',#1712);
#3626=CARTESIAN_POINT('',(-2.016499292821E-1,1.990813478461E0,
6.899937600752E-1));
#3627=VERTEX_POINT('',#3626);
#3628=VERTEX_POINT('',#1730);
#3629=CARTESIAN_POINT('',(-1.192319337709E-1,1.997444553916E0,
7.035350534549E-1));
#3630=VERTEX_POINT('',#3629);
#3631=VERTEX_POINT('',#1753);
#3632=VERTEX_POINT('',#1769);
#3633=CARTESIAN_POINT('',(-2.294012218889E-1,1.987806851632E0,
6.189437639453E-1));
#3634=CARTESIAN_POINT('',(-2.294012218889E-1,1.987806851632E0,
6.400915863230E-1));
#3635=VERTEX_POINT('',#3633);
#3636=VERTEX_POINT('',#3634);
#3637=VERTEX_POINT('',#1807);
#3638=CARTESIAN_POINT('',(-3.026663061342E-1,1.977977276697E0,
7.291130520616E-1));
#3639=VERTEX_POINT('',#3638);
#3640=VERTEX_POINT('',#1876);
#3641=VERTEX_POINT('',#1880);
#3642=VERTEX_POINT('',#1886);
#3643=VERTEX_POINT('',#1897);
#3644=VERTEX_POINT('',#1907);
#3645=VERTEX_POINT('',#1918);
#3646=VERTEX_POINT('',#1928);
#3647=CARTESIAN_POINT('',(-3.231454226661E-1,1.974734927987E0,
5.615186494256E-1));
#3648=VERTEX_POINT('',#3647);
#3649=VERTEX_POINT('',#1949);
#3650=VERTEX_POINT('',#1962);
#3651=VERTEX_POINT('',#1973);
#3652=VERTEX_POINT('',#1983);
#3653=CARTESIAN_POINT('',(-5.410181460932E-1,1.926473556942E0,
6.148479406391E-1));
#3654=CARTESIAN_POINT('',(-5.410181460932E-1,1.926473556942E0,
6.334881160950E-1));
#3655=VERTEX_POINT('',#3653);
#3656=VERTEX_POINT('',#3654);
#3657=CARTESIAN_POINT('',(-4.741893556155E-1,1.944002431845E0,
6.334881160950E-1));
#3658=VERTEX_POINT('',#3657);
#3659=CARTESIAN_POINT('',(-4.741893556155E-1,1.944002431845E0,
6.884891719219E-1));
#3660=VERTEX_POINT('',#3659);
#3661=CARTESIAN_POINT('',(-5.326593230183E-1,1.928801453131E0,
6.884891719219E-1));
#3662=VERTEX_POINT('',#3661);
#3663=CARTESIAN_POINT('',(-5.326593230183E-1,1.928801453131E0,
7.072129356080E-1));
#3664=VERTEX_POINT('',#3663);
#3665=CARTESIAN_POINT('',(-4.741893556155E-1,1.944002431845E0,
7.072129356080E-1));
#3666=VERTEX_POINT('',#3665);
#3667=CARTESIAN_POINT('',(-4.741893556155E-1,1.944002431845E0,
7.595391680527E-1));
#3668=VERTEX_POINT('',#3667);
#3669=CARTESIAN_POINT('',(-5.372984698245E-1,1.927514294195E0,
7.595391680527E-1));
#3670=VERTEX_POINT('',#3669);
#3671=CARTESIAN_POINT('',(-5.372984698245E-1,1.927514294195E0,
7.783465199689E-1));
#3672=VERTEX_POINT('',#3671);
#3673=CARTESIAN_POINT('',(-4.530833273534E-1,1.949029629963E0,
7.783465199689E-1));
#3674=VERTEX_POINT('',#3673);
#3675=CARTESIAN_POINT('',(-4.530833273534E-1,1.949029629963E0,
6.148479406391E-1));
#3676=VERTEX_POINT('',#3675);
#3677=VERTEX_POINT('',#2107);
#3678=VERTEX_POINT('',#2111);
#3679=VERTEX_POINT('',#2117);
#3680=VERTEX_POINT('',#2136);
#3681=VERTEX_POINT('',#2154);
#3682=VERTEX_POINT('',#2158);
#3683=VERTEX_POINT('',#2164);
#3684=VERTEX_POINT('',#2183);
#3685=VERTEX_POINT('',#2202);
#3686=VERTEX_POINT('',#2206);
#3687=VERTEX_POINT('',#2212);
#3688=VERTEX_POINT('',#2223);
#3689=VERTEX_POINT('',#2234);
#3690=VERTEX_POINT('',#2255);
#3691=VERTEX_POINT('',#2258);
#3692=CARTESIAN_POINT('',(-7.763608097460E-1,1.844251851860E0,
7.783465199689E-1));
#3693=VERTEX_POINT('',#3692);
#3694=VERTEX_POINT('',#2273);
#3695=CARTESIAN_POINT('',(-7.374086942197E-1,1.860169190609E0,
6.148479406391E-1));
#3696=VERTEX_POINT('',#3695);
#3697=VERTEX_POINT('',#2294);
#3698=CARTESIAN_POINT('',(-8.212058955403E-1,1.824725151120E0,
6.595676440850E-1));
#3699=VERTEX_POINT('',#3698);
#3700=VERTEX_POINT('',#2312);
#3701=VERTEX_POINT('',#2327);
#3702=VERTEX_POINT('',#2339);
#3703=VERTEX_POINT('',#2345);
#3704=VERTEX_POINT('',#2367);
#3705=VERTEX_POINT('',#2387);
#3706=VERTEX_POINT('',#2398);
#3707=VERTEX_POINT('',#2409);
#3708=VERTEX_POINT('',#2420);
#3709=VERTEX_POINT('',#2437);
#3710=VERTEX_POINT('',#2459);
#3711=VERTEX_POINT('',#2480);
#3712=VERTEX_POINT('',#2501);
#3713=VERTEX_POINT('',#2512);
#3714=VERTEX_POINT('',#2537);
#3715=VERTEX_POINT('',#2548);
#3716=VERTEX_POINT('',#2558);
#3717=CARTESIAN_POINT('',(0.E0,0.E0,0.E0));
#3718=DIRECTION('',(0.E0,0.E0,1.E0));
#3719=DIRECTION('',(1.E0,0.E0,0.E0));
#3720=AXIS2_PLACEMENT_3D('',#3717,#3718,#3719);
#3721=PLANE('',#3720);
#3723=ORIENTED_EDGE('',*,*,#3722,.F.);
#3725=ORIENTED_EDGE('',*,*,#3724,.F.);
#3726=EDGE_LOOP('',(#3723,#3725));
#3727=FACE_OUTER_BOUND('',#3726,.F.);
#3729=ORIENTED_EDGE('',*,*,#3728,.F.);
#3731=ORIENTED_EDGE('',*,*,#3730,.F.);
#3732=EDGE_LOOP('',(#3729,#3731));
#3733=FACE_BOUND('',#3732,.F.);
#3734=ADVANCED_FACE('',(#3727,#3733),#3721,.F.);
#3735=FILL_AREA_STYLE_COLOUR('',#10);
#3736=FILL_AREA_STYLE('',(#3735));
#3737=SURFACE_STYLE_FILL_AREA(#3736);
#3738=SURFACE_SIDE_STYLE('',(#3737));
#3739=SURFACE_STYLE_USAGE(.POSITIVE.,#3738);
#3740=PRESENTATION_STYLE_ASSIGNMENT((#3739));
#3741=STYLED_ITEM('',(#3740),#3734);
#3742=CARTESIAN_POINT('',(0.E0,0.E0,1.5E-1));
#3743=DIRECTION('',(0.E0,0.E0,1.E0));
#3744=DIRECTION('',(9.999795740250E-1,6.391520383428E-3,0.E0));
#3745=AXIS2_PLACEMENT_3D('',#3742,#3743,#3744);
#3746=TOROIDAL_SURFACE('',#3745,1.85E0,1.5E-1);
#3747=ORIENTED_EDGE('',*,*,#3722,.T.);
#3749=ORIENTED_EDGE('',*,*,#3748,.T.);
#3751=ORIENTED_EDGE('',*,*,#3750,.F.);
#3753=ORIENTED_EDGE('',*,*,#3752,.F.);
#3754=EDGE_LOOP('',(#3747,#3749,#3751,#3753));
#3755=FACE_OUTER_BOUND('',#3754,.F.);
#3756=ADVANCED_FACE('',(#3755),#3746,.T.);
#3757=FILL_AREA_STYLE_COLOUR('',#10);
#3758=FILL_AREA_STYLE('',(#3757));
#3759=SURFACE_STYLE_FILL_AREA(#3758);
#3760=SURFACE_SIDE_STYLE('',(#3759));
#3761=SURFACE_STYLE_USAGE(.POSITIVE.,#3760);
#3762=PRESENTATION_STYLE_ASSIGNMENT((#3761));
#3763=STYLED_ITEM('',(#3762),#3756);
#3764=CARTESIAN_POINT('',(0.E0,0.E0,1.5E-1));
#3765=DIRECTION('',(0.E0,0.E0,1.E0));
#3766=DIRECTION('',(-9.999795740250E-1,-6.391520383428E-3,0.E0));
#3767=AXIS2_PLACEMENT_3D('',#3764,#3765,#3766);
#3768=TOROIDAL_SURFACE('',#3767,1.85E0,1.5E-1);
#3769=ORIENTED_EDGE('',*,*,#3724,.T.);
#3770=ORIENTED_EDGE('',*,*,#3752,.T.);
#3772=ORIENTED_EDGE('',*,*,#3771,.F.);
#3773=ORIENTED_EDGE('',*,*,#3748,.F.);
#3774=EDGE_LOOP('',(#3769,#3770,#3772,#3773));
#3775=FACE_OUTER_BOUND('',#3774,.F.);
#3776=ADVANCED_FACE('',(#3775),#3768,.T.);
#3777=FILL_AREA_STYLE_COLOUR('',#10);
#3778=FILL_AREA_STYLE('',(#3777));
#3779=SURFACE_STYLE_FILL_AREA(#3778);
#3780=SURFACE_SIDE_STYLE('',(#3779));
#3781=SURFACE_STYLE_USAGE(.POSITIVE.,#3780);
#3782=PRESENTATION_STYLE_ASSIGNMENT((#3781));
#3783=STYLED_ITEM('',(#3782),#3776);
#3784=CARTESIAN_POINT('',(0.E0,0.E0,0.E0));
#3785=DIRECTION('',(0.E0,0.E0,1.E0));
#3786=DIRECTION('',(1.E0,0.E0,0.E0));
#3787=AXIS2_PLACEMENT_3D('',#3784,#3785,#3786);
#3788=CYLINDRICAL_SURFACE('',#3787,2.E0);
#3790=ORIENTED_EDGE('',*,*,#3789,.T.);
#3792=ORIENTED_EDGE('',*,*,#3791,.F.);
#3793=ORIENTED_EDGE('',*,*,#3771,.T.);
#3795=ORIENTED_EDGE('',*,*,#3794,.T.);
#3796=EDGE_LOOP('',(#3790,#3792,#3793,#3795));
#3797=FACE_OUTER_BOUND('',#3796,.F.);
#3799=ORIENTED_EDGE('',*,*,#3798,.T.);
#3801=ORIENTED_EDGE('',*,*,#3800,.F.);
#3803=ORIENTED_EDGE('',*,*,#3802,.T.);
#3805=ORIENTED_EDGE('',*,*,#3804,.F.);
#3807=ORIENTED_EDGE('',*,*,#3806,.F.);
#3809=ORIENTED_EDGE('',*,*,#3808,.T.);
#3810=EDGE_LOOP('',(#3799,#3801,#3803,#3805,#3807,#3809));
#3811=FACE_BOUND('',#3810,.F.);
#3813=ORIENTED_EDGE('',*,*,#3812,.F.);
#3815=ORIENTED_EDGE('',*,*,#3814,.F.);
#3817=ORIENTED_EDGE('',*,*,#3816,.F.);
#3819=ORIENTED_EDGE('',*,*,#3818,.F.);
#3820=EDGE_LOOP('',(#3813,#3815,#3817,#3819));
#3821=FACE_BOUND('',#3820,.F.);
#3823=ORIENTED_EDGE('',*,*,#3822,.T.);
#3825=ORIENTED_EDGE('',*,*,#3824,.F.);
#3827=ORIENTED_EDGE('',*,*,#3826,.T.);
#3829=ORIENTED_EDGE('',*,*,#3828,.T.);
#3831=ORIENTED_EDGE('',*,*,#3830,.T.);
#3833=ORIENTED_EDGE('',*,*,#3832,.F.);
#3835=ORIENTED_EDGE('',*,*,#3834,.T.);
#3837=ORIENTED_EDGE('',*,*,#3836,.T.);
#3839=ORIENTED_EDGE('',*,*,#3838,.T.);
#3841=ORIENTED_EDGE('',*,*,#3840,.F.);
#3843=ORIENTED_EDGE('',*,*,#3842,.F.);
#3845=ORIENTED_EDGE('',*,*,#3844,.T.);
#3846=EDGE_LOOP('',(#3823,#3825,#3827,#3829,#3831,#3833,#3835,#3837,#3839,#3841,
#3843,#3845));
#3847=FACE_BOUND('',#3846,.F.);
#3849=ORIENTED_EDGE('',*,*,#3848,.F.);
#3851=ORIENTED_EDGE('',*,*,#3850,.F.);
#3853=ORIENTED_EDGE('',*,*,#3852,.F.);
#3855=ORIENTED_EDGE('',*,*,#3854,.F.);
#3856=EDGE_LOOP('',(#3849,#3851,#3853,#3855));
#3857=FACE_BOUND('',#3856,.F.);
#3859=ORIENTED_EDGE('',*,*,#3858,.F.);
#3861=ORIENTED_EDGE('',*,*,#3860,.F.);
#3863=ORIENTED_EDGE('',*,*,#3862,.F.);
#3865=ORIENTED_EDGE('',*,*,#3864,.T.);
#3867=ORIENTED_EDGE('',*,*,#3866,.T.);
#3869=ORIENTED_EDGE('',*,*,#3868,.T.);
#3871=ORIENTED_EDGE('',*,*,#3870,.T.);
#3873=ORIENTED_EDGE('',*,*,#3872,.T.);
#3874=EDGE_LOOP('',(#3859,#3861,#3863,#3865,#3867,#3869,#3871,#3873));
#3875=FACE_BOUND('',#3874,.F.);
#3877=ORIENTED_EDGE('',*,*,#3876,.T.);
#3879=ORIENTED_EDGE('',*,*,#3878,.F.);
#3881=ORIENTED_EDGE('',*,*,#3880,.T.);
#3883=ORIENTED_EDGE('',*,*,#3882,.T.);
#3885=ORIENTED_EDGE('',*,*,#3884,.T.);
#3887=ORIENTED_EDGE('',*,*,#3886,.F.);
#3889=ORIENTED_EDGE('',*,*,#3888,.T.);
#3891=ORIENTED_EDGE('',*,*,#3890,.T.);
#3893=ORIENTED_EDGE('',*,*,#3892,.T.);
#3895=ORIENTED_EDGE('',*,*,#3894,.F.);
#3897=ORIENTED_EDGE('',*,*,#3896,.F.);
#3899=ORIENTED_EDGE('',*,*,#3898,.T.);
#3900=EDGE_LOOP('',(#3877,#3879,#3881,#3883,#3885,#3887,#3889,#3891,#3893,#3895,
#3897,#3899));
#3901=FACE_BOUND('',#3900,.F.);
#3903=ORIENTED_EDGE('',*,*,#3902,.F.);
#3905=ORIENTED_EDGE('',*,*,#3904,.F.);
#3907=ORIENTED_EDGE('',*,*,#3906,.F.);
#3909=ORIENTED_EDGE('',*,*,#3908,.F.);
#3911=ORIENTED_EDGE('',*,*,#3910,.F.);
#3913=ORIENTED_EDGE('',*,*,#3912,.F.);
#3915=ORIENTED_EDGE('',*,*,#3914,.F.);
#3917=ORIENTED_EDGE('',*,*,#3916,.F.);
#3918=EDGE_LOOP('',(#3903,#3905,#3907,#3909,#3911,#3913,#3915,#3917));
#3919=FACE_BOUND('',#3918,.F.);
#3921=ORIENTED_EDGE('',*,*,#3920,.F.);
#3923=ORIENTED_EDGE('',*,*,#3922,.F.);
#3925=ORIENTED_EDGE('',*,*,#3924,.F.);
#3927=ORIENTED_EDGE('',*,*,#3926,.F.);
#3928=EDGE_LOOP('',(#3921,#3923,#3925,#3927));
#3929=FACE_BOUND('',#3928,.F.);
#3931=ORIENTED_EDGE('',*,*,#3930,.F.);
#3933=ORIENTED_EDGE('',*,*,#3932,.F.);
#3935=ORIENTED_EDGE('',*,*,#3934,.F.);
#3937=ORIENTED_EDGE('',*,*,#3936,.F.);
#3939=ORIENTED_EDGE('',*,*,#3938,.F.);
#3941=ORIENTED_EDGE('',*,*,#3940,.F.);
#3943=ORIENTED_EDGE('',*,*,#3942,.F.);
#3945=ORIENTED_EDGE('',*,*,#3944,.F.);
#3947=ORIENTED_EDGE('',*,*,#3946,.F.);
#3949=ORIENTED_EDGE('',*,*,#3948,.F.);
#3951=ORIENTED_EDGE('',*,*,#3950,.F.);
#3953=ORIENTED_EDGE('',*,*,#3952,.F.);
#3954=EDGE_LOOP('',(#3931,#3933,#3935,#3937,#3939,#3941,#3943,#3945,#3947,#3949,
#3951,#3953));
#3955=FACE_BOUND('',#3954,.F.);
#3957=ORIENTED_EDGE('',*,*,#3956,.T.);
#3959=ORIENTED_EDGE('',*,*,#3958,.F.);
#3961=ORIENTED_EDGE('',*,*,#3960,.T.);
#3963=ORIENTED_EDGE('',*,*,#3962,.T.);
#3965=ORIENTED_EDGE('',*,*,#3964,.T.);
#3967=ORIENTED_EDGE('',*,*,#3966,.F.);
#3969=ORIENTED_EDGE('',*,*,#3968,.T.);
#3971=ORIENTED_EDGE('',*,*,#3970,.T.);
#3973=ORIENTED_EDGE('',*,*,#3972,.T.);
#3975=ORIENTED_EDGE('',*,*,#3974,.F.);
#3977=ORIENTED_EDGE('',*,*,#3976,.F.);
#3979=ORIENTED_EDGE('',*,*,#3978,.T.);
#3980=EDGE_LOOP('',(#3957,#3959,#3961,#3963,#3965,#3967,#3969,#3971,#3973,#3975,
#3977,#3979));
#3981=FACE_BOUND('',#3980,.F.);
#3983=ORIENTED_EDGE('',*,*,#3982,.F.);
#3985=ORIENTED_EDGE('',*,*,#3984,.F.);
#3987=ORIENTED_EDGE('',*,*,#3986,.F.);
#3989=ORIENTED_EDGE('',*,*,#3988,.F.);
#3990=EDGE_LOOP('',(#3983,#3985,#3987,#3989));
#3991=FACE_BOUND('',#3990,.F.);
#3993=ORIENTED_EDGE('',*,*,#3992,.F.);
#3995=ORIENTED_EDGE('',*,*,#3994,.F.);
#3997=ORIENTED_EDGE('',*,*,#3996,.F.);
#3999=ORIENTED_EDGE('',*,*,#3998,.T.);
#4001=ORIENTED_EDGE('',*,*,#4000,.T.);
#4003=ORIENTED_EDGE('',*,*,#4002,.T.);
#4005=ORIENTED_EDGE('',*,*,#4004,.T.);
#4007=ORIENTED_EDGE('',*,*,#4006,.T.);
#4008=EDGE_LOOP('',(#3993,#3995,#3997,#3999,#4001,#4003,#4005,#4007));
#4009=FACE_BOUND('',#4008,.F.);
#4011=ORIENTED_EDGE('',*,*,#4010,.F.);
#4013=ORIENTED_EDGE('',*,*,#4012,.F.);
#4015=ORIENTED_EDGE('',*,*,#4014,.F.);
#4017=ORIENTED_EDGE('',*,*,#4016,.F.);
#4019=ORIENTED_EDGE('',*,*,#4018,.F.);
#4021=ORIENTED_EDGE('',*,*,#4020,.F.);
#4023=ORIENTED_EDGE('',*,*,#4022,.F.);
#4025=ORIENTED_EDGE('',*,*,#4024,.F.);
#4027=ORIENTED_EDGE('',*,*,#4026,.F.);
#4029=ORIENTED_EDGE('',*,*,#4028,.F.);
#4031=ORIENTED_EDGE('',*,*,#4030,.F.);
#4033=ORIENTED_EDGE('',*,*,#4032,.F.);
#4035=ORIENTED_EDGE('',*,*,#4034,.F.);
#4037=ORIENTED_EDGE('',*,*,#4036,.F.);
#4039=ORIENTED_EDGE('',*,*,#4038,.F.);
#4041=ORIENTED_EDGE('',*,*,#4040,.F.);
#4042=EDGE_LOOP('',(#4011,#4013,#4015,#4017,#4019,#4021,#4023,#4025,#4027,#4029,
#4031,#4033,#4035,#4037,#4039,#4041));
#4043=FACE_BOUND('',#4042,.F.);
#4044=ADVANCED_FACE('',(#3797,#3811,#3821,#3847,#3857,#3875,#3901,#3919,#3929,
#3955,#3981,#3991,#4009,#4043),#3788,.T.);
#4045=FILL_AREA_STYLE_COLOUR('',#10);
#4046=FILL_AREA_STYLE('',(#4045));
#4047=SURFACE_STYLE_FILL_AREA(#4046);
#4048=SURFACE_SIDE_STYLE('',(#4047));
#4049=SURFACE_STYLE_USAGE(.POSITIVE.,#4048);
#4050=PRESENTATION_STYLE_ASSIGNMENT((#4049));
#4051=STYLED_ITEM('',(#4050),#4044);
#4052=CARTESIAN_POINT('',(0.E0,0.E0,0.E0));
#4053=DIRECTION('',(0.E0,0.E0,1.E0));
#4054=DIRECTION('',(1.E0,0.E0,0.E0));
#4055=AXIS2_PLACEMENT_3D('',#4052,#4053,#4054);
#4056=CYLINDRICAL_SURFACE('',#4055,2.E0);
#4058=ORIENTED_EDGE('',*,*,#4057,.F.);
#4060=ORIENTED_EDGE('',*,*,#4059,.F.);
#4061=EDGE_LOOP('',(#4058,#4060));
#4062=FACE_OUTER_BOUND('',#4061,.F.);
#4063=ADVANCED_FACE('',(#4062),#4056,.T.);
#4064=FILL_AREA_STYLE_COLOUR('',#10);
#4065=FILL_AREA_STYLE('',(#4064));
#4066=SURFACE_STYLE_FILL_AREA(#4065);
#4067=SURFACE_SIDE_STYLE('',(#4066));
#4068=SURFACE_STYLE_USAGE(.POSITIVE.,#4067);
#4069=PRESENTATION_STYLE_ASSIGNMENT((#4068));
#4070=STYLED_ITEM('',(#4069),#4063);
#4071=CARTESIAN_POINT('',(0.E0,0.E0,0.E0));
#4072=DIRECTION('',(0.E0,0.E0,1.E0));
#4073=DIRECTION('',(1.E0,0.E0,0.E0));
#4074=AXIS2_PLACEMENT_3D('',#4071,#4072,#4073);
#4075=CYLINDRICAL_SURFACE('',#4074,2.E0);
#4077=ORIENTED_EDGE('',*,*,#4076,.F.);
#4079=ORIENTED_EDGE('',*,*,#4078,.F.);
#4081=ORIENTED_EDGE('',*,*,#4080,.F.);
#4083=ORIENTED_EDGE('',*,*,#4082,.F.);
#4084=EDGE_LOOP('',(#4077,#4079,#4081,#4083));
#4085=FACE_OUTER_BOUND('',#4084,.F.);
#4086=ADVANCED_FACE('',(#4085),#4075,.T.);
#4087=FILL_AREA_STYLE_COLOUR('',#10);
#4088=FILL_AREA_STYLE('',(#4087));
#4089=SURFACE_STYLE_FILL_AREA(#4088);
#4090=SURFACE_SIDE_STYLE('',(#4089));
#4091=SURFACE_STYLE_USAGE(.POSITIVE.,#4090);
#4092=PRESENTATION_STYLE_ASSIGNMENT((#4091));
#4093=STYLED_ITEM('',(#4092),#4086);
#4094=CARTESIAN_POINT('',(0.E0,0.E0,0.E0));
#4095=DIRECTION('',(0.E0,0.E0,1.E0));
#4096=DIRECTION('',(1.E0,0.E0,0.E0));
#4097=AXIS2_PLACEMENT_3D('',#4094,#4095,#4096);
#4098=CYLINDRICAL_SURFACE('',#4097,2.E0);
#4100=ORIENTED_EDGE('',*,*,#4099,.F.);
#4102=ORIENTED_EDGE('',*,*,#4101,.F.);
#4104=ORIENTED_EDGE('',*,*,#4103,.F.);
#4106=ORIENTED_EDGE('',*,*,#4105,.F.);
#4108=ORIENTED_EDGE('',*,*,#4107,.F.);
#4109=EDGE_LOOP('',(#4100,#4102,#4104,#4106,#4108));
#4110=FACE_OUTER_BOUND('',#4109,.F.);
#4111=ADVANCED_FACE('',(#4110),#4098,.T.);
#4112=FILL_AREA_STYLE_COLOUR('',#10);
#4113=FILL_AREA_STYLE('',(#4112));
#4114=SURFACE_STYLE_FILL_AREA(#4113);
#4115=SURFACE_SIDE_STYLE('',(#4114));
#4116=SURFACE_STYLE_USAGE(.POSITIVE.,#4115);
#4117=PRESENTATION_STYLE_ASSIGNMENT((#4116));
#4118=STYLED_ITEM('',(#4117),#4111);
#4119=CARTESIAN_POINT('',(0.E0,0.E0,0.E0));
#4120=DIRECTION('',(0.E0,0.E0,1.E0));
#4121=DIRECTION('',(1.E0,0.E0,0.E0));
#4122=AXIS2_PLACEMENT_3D('',#4119,#4120,#4121);
#4123=CYLINDRICAL_SURFACE('',#4122,2.E0);
#4125=ORIENTED_EDGE('',*,*,#4124,.F.);
#4127=ORIENTED_EDGE('',*,*,#4126,.F.);
#4129=ORIENTED_EDGE('',*,*,#4128,.F.);
#4130=EDGE_LOOP('',(#4125,#4127,#4129));
#4131=FACE_OUTER_BOUND('',#4130,.F.);
#4132=ADVANCED_FACE('',(#4131),#4123,.T.);
#4133=FILL_AREA_STYLE_COLOUR('',#10);
#4134=FILL_AREA_STYLE('',(#4133));
#4135=SURFACE_STYLE_FILL_AREA(#4134);
#4136=SURFACE_SIDE_STYLE('',(#4135));
#4137=SURFACE_STYLE_USAGE(.POSITIVE.,#4136);
#4138=PRESENTATION_STYLE_ASSIGNMENT((#4137));
#4139=STYLED_ITEM('',(#4138),#4132);
#4140=CARTESIAN_POINT('',(0.E0,0.E0,0.E0));
#4141=DIRECTION('',(0.E0,0.E0,1.E0));
#4142=DIRECTION('',(1.E0,0.E0,0.E0));
#4143=AXIS2_PLACEMENT_3D('',#4140,#4141,#4142);
#4144=CYLINDRICAL_SURFACE('',#4143,2.E0);
#4146=ORIENTED_EDGE('',*,*,#4145,.F.);
#4148=ORIENTED_EDGE('',*,*,#4147,.F.);
#4150=ORIENTED_EDGE('',*,*,#4149,.F.);
#4152=ORIENTED_EDGE('',*,*,#4151,.F.);
#4153=EDGE_LOOP('',(#4146,#4148,#4150,#4152));
#4154=FACE_OUTER_BOUND('',#4153,.F.);
#4155=ADVANCED_FACE('',(#4154),#4144,.T.);
#4156=FILL_AREA_STYLE_COLOUR('',#10);
#4157=FILL_AREA_STYLE('',(#4156));
#4158=SURFACE_STYLE_FILL_AREA(#4157);
#4159=SURFACE_SIDE_STYLE('',(#4158));
#4160=SURFACE_STYLE_USAGE(.POSITIVE.,#4159);
#4161=PRESENTATION_STYLE_ASSIGNMENT((#4160));
#4162=STYLED_ITEM('',(#4161),#4155);
#4163=CARTESIAN_POINT('',(0.E0,0.E0,0.E0));
#4164=DIRECTION('',(0.E0,0.E0,1.E0));
#4165=DIRECTION('',(1.E0,0.E0,0.E0));
#4166=AXIS2_PLACEMENT_3D('',#4163,#4164,#4165);
#4167=CYLINDRICAL_SURFACE('',#4166,2.E0);
#4169=ORIENTED_EDGE('',*,*,#4168,.F.);
#4171=ORIENTED_EDGE('',*,*,#4170,.F.);
#4173=ORIENTED_EDGE('',*,*,#4172,.F.);
#4175=ORIENTED_EDGE('',*,*,#4174,.F.);
#4177=ORIENTED_EDGE('',*,*,#4176,.F.);
#4178=EDGE_LOOP('',(#4169,#4171,#4173,#4175,#4177));
#4179=FACE_OUTER_BOUND('',#4178,.F.);
#4180=ADVANCED_FACE('',(#4179),#4167,.T.);
#4181=FILL_AREA_STYLE_COLOUR('',#10);
#4182=FILL_AREA_STYLE('',(#4181));
#4183=SURFACE_STYLE_FILL_AREA(#4182);
#4184=SURFACE_SIDE_STYLE('',(#4183));
#4185=SURFACE_STYLE_USAGE(.POSITIVE.,#4184);
#4186=PRESENTATION_STYLE_ASSIGNMENT((#4185));
#4187=STYLED_ITEM('',(#4186),#4180);
#4188=CARTESIAN_POINT('',(0.E0,0.E0,1.35E0));
#4189=DIRECTION('',(0.E0,0.E0,1.E0));
#4190=DIRECTION('',(9.999898779834E-1,-4.499325578038E-3,0.E0));
#4191=AXIS2_PLACEMENT_3D('',#4188,#4189,#4190);
#4192=TOROIDAL_SURFACE('',#4191,1.85E0,1.5E-1);
#4194=ORIENTED_EDGE('',*,*,#4193,.T.);
#4196=ORIENTED_EDGE('',*,*,#4195,.T.);
#4197=ORIENTED_EDGE('',*,*,#3789,.F.);
#4199=ORIENTED_EDGE('',*,*,#4198,.F.);
#4200=EDGE_LOOP('',(#4194,#4196,#4197,#4199));
#4201=FACE_OUTER_BOUND('',#4200,.F.);
#4202=ADVANCED_FACE('',(#4201),#4192,.T.);
#4203=FILL_AREA_STYLE_COLOUR('',#10);
#4204=FILL_AREA_STYLE('',(#4203));
#4205=SURFACE_STYLE_FILL_AREA(#4204);
#4206=SURFACE_SIDE_STYLE('',(#4205));
#4207=SURFACE_STYLE_USAGE(.POSITIVE.,#4206);
#4208=PRESENTATION_STYLE_ASSIGNMENT((#4207));
#4209=STYLED_ITEM('',(#4208),#4202);
#4210=CARTESIAN_POINT('',(0.E0,0.E0,1.5E0));
#4211=DIRECTION('',(0.E0,0.E0,1.E0));
#4212=DIRECTION('',(1.E0,0.E0,0.E0));
#4213=AXIS2_PLACEMENT_3D('',#4210,#4211,#4212);
#4214=PLANE('',#4213);
#4216=ORIENTED_EDGE('',*,*,#4215,.F.);
#4217=ORIENTED_EDGE('',*,*,#4193,.F.);
#4218=EDGE_LOOP('',(#4216,#4217));
#4219=FACE_OUTER_BOUND('',#4218,.F.);
#4221=ORIENTED_EDGE('',*,*,#4220,.T.);
#4223=ORIENTED_EDGE('',*,*,#4222,.T.);
#4224=EDGE_LOOP('',(#4221,#4223));
#4225=FACE_BOUND('',#4224,.F.);
#4226=ADVANCED_FACE('',(#4219,#4225),#4214,.T.);
#4227=FILL_AREA_STYLE_COLOUR('',#10);
#4228=FILL_AREA_STYLE('',(#4227));
#4229=SURFACE_STYLE_FILL_AREA(#4228);
#4230=SURFACE_SIDE_STYLE('',(#4229));
#4231=SURFACE_STYLE_USAGE(.POSITIVE.,#4230);
#4232=PRESENTATION_STYLE_ASSIGNMENT((#4231));
#4233=STYLED_ITEM('',(#4232),#4226);
#4234=CARTESIAN_POINT('',(0.E0,0.E0,1.35E0));
#4235=DIRECTION('',(0.E0,0.E0,1.E0));
#4236=DIRECTION('',(-9.999898779834E-1,4.499325578039E-3,0.E0));
#4237=AXIS2_PLACEMENT_3D('',#4234,#4235,#4236);
#4238=TOROIDAL_SURFACE('',#4237,1.85E0,1.5E-1);
#4239=ORIENTED_EDGE('',*,*,#4215,.T.);
#4240=ORIENTED_EDGE('',*,*,#4198,.T.);
#4242=ORIENTED_EDGE('',*,*,#4241,.F.);
#4243=ORIENTED_EDGE('',*,*,#4195,.F.);
#4244=EDGE_LOOP('',(#4239,#4240,#4242,#4243));
#4245=FACE_OUTER_BOUND('',#4244,.F.);
#4246=ADVANCED_FACE('',(#4245),#4238,.T.);
#4247=FILL_AREA_STYLE_COLOUR('',#10);
#4248=FILL_AREA_STYLE('',(#4247));
#4249=SURFACE_STYLE_FILL_AREA(#4248);
#4250=SURFACE_SIDE_STYLE('',(#4249));
#4251=SURFACE_STYLE_USAGE(.POSITIVE.,#4250);
#4252=PRESENTATION_STYLE_ASSIGNMENT((#4251));
#4253=STYLED_ITEM('',(#4252),#4246);
#4254=CARTESIAN_POINT('',(0.E0,0.E0,0.E0));
#4255=DIRECTION('',(0.E0,0.E0,1.E0));
#4256=DIRECTION('',(1.E0,0.E0,0.E0));
#4257=AXIS2_PLACEMENT_3D('',#4254,#4255,#4256);
#4258=CYLINDRICAL_SURFACE('',#4257,2.E0);
#4259=ORIENTED_EDGE('',*,*,#4241,.T.);
#4260=ORIENTED_EDGE('',*,*,#3794,.F.);
#4261=ORIENTED_EDGE('',*,*,#3750,.T.);
#4262=ORIENTED_EDGE('',*,*,#3791,.T.);
#4263=EDGE_LOOP('',(#4259,#4260,#4261,#4262));
#4264=FACE_OUTER_BOUND('',#4263,.F.);
#4265=ADVANCED_FACE('',(#4264),#4258,.T.);
#4266=FILL_AREA_STYLE_COLOUR('',#10);
#4267=FILL_AREA_STYLE('',(#4266));
#4268=SURFACE_STYLE_FILL_AREA(#4267);
#4269=SURFACE_SIDE_STYLE('',(#4268));
#4270=SURFACE_STYLE_USAGE(.POSITIVE.,#4269);
#4271=PRESENTATION_STYLE_ASSIGNMENT((#4270));
#4272=STYLED_ITEM('',(#4271),#4265);
#4273=CARTESIAN_POINT('',(0.E0,0.E0,1.5E0));
#4274=DIRECTION('',(0.E0,0.E0,1.E0));
#4275=DIRECTION('',(1.E0,0.E0,0.E0));
#4276=AXIS2_PLACEMENT_3D('',#4273,#4274,#4275);
#4277=CYLINDRICAL_SURFACE('',#4276,1.75E0);
#4279=ORIENTED_EDGE('',*,*,#4278,.T.);
#4281=ORIENTED_EDGE('',*,*,#4280,.T.);
#4283=ORIENTED_EDGE('',*,*,#4282,.F.);
#4284=ORIENTED_EDGE('',*,*,#4220,.F.);
#4285=EDGE_LOOP('',(#4279,#4281,#4283,#4284));
#4286=FACE_OUTER_BOUND('',#4285,.F.);
#4287=ADVANCED_FACE('',(#4286),#4277,.T.);
#4288=FILL_AREA_STYLE_COLOUR('',#4);
#4289=FILL_AREA_STYLE('',(#4288));
#4290=SURFACE_STYLE_FILL_AREA(#4289);
#4291=SURFACE_SIDE_STYLE('',(#4290));
#4292=SURFACE_STYLE_USAGE(.POSITIVE.,#4291);
#4293=PRESENTATION_STYLE_ASSIGNMENT((#4292));
#4294=STYLED_ITEM('',(#4293),#4287);
#4295=CARTESIAN_POINT('',(0.E0,0.E0,1.5E0));
#4296=DIRECTION('',(0.E0,0.E0,1.E0));
#4297=DIRECTION('',(1.E0,0.E0,0.E0));
#4298=AXIS2_PLACEMENT_3D('',#4295,#4296,#4297);
#4299=CYLINDRICAL_SURFACE('',#4298,1.75E0);
#4300=ORIENTED_EDGE('',*,*,#4278,.F.);
#4301=ORIENTED_EDGE('',*,*,#4222,.F.);
#4302=ORIENTED_EDGE('',*,*,#4282,.T.);
#4304=ORIENTED_EDGE('',*,*,#4303,.T.);
#4305=EDGE_LOOP('',(#4300,#4301,#4302,#4304));
#4306=FACE_OUTER_BOUND('',#4305,.F.);
#4307=ADVANCED_FACE('',(#4306),#4299,.T.);
#4308=FILL_AREA_STYLE_COLOUR('',#4);
#4309=FILL_AREA_STYLE('',(#4308));
#4310=SURFACE_STYLE_FILL_AREA(#4309);
#4311=SURFACE_SIDE_STYLE('',(#4310));
#4312=SURFACE_STYLE_USAGE(.POSITIVE.,#4311);
#4313=PRESENTATION_STYLE_ASSIGNMENT((#4312));
#4314=STYLED_ITEM('',(#4313),#4307);
#4315=CARTESIAN_POINT('',(0.E0,0.E0,1.65E0));
#4316=DIRECTION('',(0.E0,0.E0,1.E0));
#4317=DIRECTION('',(1.E0,0.E0,0.E0));
#4318=AXIS2_PLACEMENT_3D('',#4315,#4316,#4317);
#4319=PLANE('',#4318);
#4320=ORIENTED_EDGE('',*,*,#4280,.F.);
#4321=ORIENTED_EDGE('',*,*,#4303,.F.);
#4322=EDGE_LOOP('',(#4320,#4321));
#4323=FACE_OUTER_BOUND('',#4322,.F.);
#4324=ADVANCED_FACE('',(#4323),#4319,.T.);
#4325=FILL_AREA_STYLE_COLOUR('',#4);
#4326=FILL_AREA_STYLE('',(#4325));
#4327=SURFACE_STYLE_FILL_AREA(#4326);
#4328=SURFACE_SIDE_STYLE('',(#4327));
#4329=SURFACE_STYLE_USAGE(.POSITIVE.,#4328);
#4330=PRESENTATION_STYLE_ASSIGNMENT((#4329));
#4331=STYLED_ITEM('',(#4330),#4324);
#4332=CARTESIAN_POINT('',(6.241736214409E-1,0.E0,6.526419675063E-1));
#4333=DIRECTION('',(0.E0,1.E0,0.E0));
#4334=DIRECTION('',(-1.E0,0.E0,0.E0));
#4335=AXIS2_PLACEMENT_3D('',#4332,#4333,#4334);
#4336=CYLINDRICAL_SURFACE('',#4335,4.533587558069E-2);
#4338=ORIENTED_EDGE('',*,*,#4337,.F.);
#4340=ORIENTED_EDGE('',*,*,#4339,.T.);
#4341=ORIENTED_EDGE('',*,*,#4057,.T.);
#4343=ORIENTED_EDGE('',*,*,#4342,.F.);
#4344=EDGE_LOOP('',(#4338,#4340,#4341,#4343));
#4345=FACE_OUTER_BOUND('',#4344,.F.);
#4346=ADVANCED_FACE('',(#4345),#4336,.F.);
#4347=FILL_AREA_STYLE_COLOUR('',#1);
#4348=FILL_AREA_STYLE('',(#4347));
#4349=SURFACE_STYLE_FILL_AREA(#4348);
#4350=SURFACE_SIDE_STYLE('',(#4349));
#4351=SURFACE_STYLE_USAGE(.POSITIVE.,#4350);
#4352=PRESENTATION_STYLE_ASSIGNMENT((#4351));
#4353=STYLED_ITEM('',(#4352),#4346);
#4354=CARTESIAN_POINT('',(0.E0,0.E0,0.E0));
#4355=DIRECTION('',(0.E0,0.E0,1.E0));
#4356=DIRECTION('',(1.E0,0.E0,0.E0));
#4357=AXIS2_PLACEMENT_3D('',#4354,#4355,#4356);
#4358=CYLINDRICAL_SURFACE('',#4357,2.001E0);
#4360=ORIENTED_EDGE('',*,*,#4359,.F.);
#4362=ORIENTED_EDGE('',*,*,#4361,.F.);
#4364=ORIENTED_EDGE('',*,*,#4363,.T.);
#4366=ORIENTED_EDGE('',*,*,#4365,.T.);
#4368=ORIENTED_EDGE('',*,*,#4367,.F.);
#4370=ORIENTED_EDGE('',*,*,#4369,.T.);
#4371=EDGE_LOOP('',(#4360,#4362,#4364,#4366,#4368,#4370));
#4372=FACE_OUTER_BOUND('',#4371,.F.);
#4373=ADVANCED_FACE('',(#4372),#4358,.T.);
#4374=FILL_AREA_STYLE_COLOUR('',#1);
#4375=FILL_AREA_STYLE('',(#4374));
#4376=SURFACE_STYLE_FILL_AREA(#4375);
#4377=SURFACE_SIDE_STYLE('',(#4376));
#4378=SURFACE_STYLE_USAGE(.POSITIVE.,#4377);
#4379=PRESENTATION_STYLE_ASSIGNMENT((#4378));
#4380=STYLED_ITEM('',(#4379),#4373);
#4381=CARTESIAN_POINT('',(0.E0,0.E0,0.E0));
#4382=DIRECTION('',(0.E0,0.E0,1.E0));
#4383=DIRECTION('',(1.E0,0.E0,0.E0));
#4384=AXIS2_PLACEMENT_3D('',#4381,#4382,#4383);
#4385=CYLINDRICAL_SURFACE('',#4384,2.001E0);
#4387=ORIENTED_EDGE('',*,*,#4386,.T.);
#4389=ORIENTED_EDGE('',*,*,#4388,.T.);
#4391=ORIENTED_EDGE('',*,*,#4390,.T.);
#4393=ORIENTED_EDGE('',*,*,#4392,.T.);
#4394=EDGE_LOOP('',(#4387,#4389,#4391,#4393));
#4395=FACE_OUTER_BOUND('',#4394,.F.);
#4396=ADVANCED_FACE('',(#4395),#4385,.T.);
#4397=FILL_AREA_STYLE_COLOUR('',#1);
#4398=FILL_AREA_STYLE('',(#4397));
#4399=SURFACE_STYLE_FILL_AREA(#4398);
#4400=SURFACE_SIDE_STYLE('',(#4399));
#4401=SURFACE_STYLE_USAGE(.POSITIVE.,#4400);
#4402=PRESENTATION_STYLE_ASSIGNMENT((#4401));
#4403=STYLED_ITEM('',(#4402),#4396);
#4404=CARTESIAN_POINT('',(0.E0,0.E0,0.E0));
#4405=DIRECTION('',(0.E0,0.E0,1.E0));
#4406=DIRECTION('',(1.E0,0.E0,0.E0));
#4407=AXIS2_PLACEMENT_3D('',#4404,#4405,#4406);
#4408=CYLINDRICAL_SURFACE('',#4407,2.001E0);
#4410=ORIENTED_EDGE('',*,*,#4409,.F.);
#4412=ORIENTED_EDGE('',*,*,#4411,.F.);
#4414=ORIENTED_EDGE('',*,*,#4413,.T.);
#4416=ORIENTED_EDGE('',*,*,#4415,.T.);
#4418=ORIENTED_EDGE('',*,*,#4417,.F.);
#4420=ORIENTED_EDGE('',*,*,#4419,.F.);
#4422=ORIENTED_EDGE('',*,*,#4421,.F.);
#4424=ORIENTED_EDGE('',*,*,#4423,.T.);
#4426=ORIENTED_EDGE('',*,*,#4425,.F.);
#4428=ORIENTED_EDGE('',*,*,#4427,.F.);
#4430=ORIENTED_EDGE('',*,*,#4429,.F.);
#4432=ORIENTED_EDGE('',*,*,#4431,.T.);
#4433=EDGE_LOOP('',(#4410,#4412,#4414,#4416,#4418,#4420,#4422,#4424,#4426,#4428,
#4430,#4432));
#4434=FACE_OUTER_BOUND('',#4433,.F.);
#4435=ADVANCED_FACE('',(#4434),#4408,.T.);
#4436=FILL_AREA_STYLE_COLOUR('',#1);
#4437=FILL_AREA_STYLE('',(#4436));
#4438=SURFACE_STYLE_FILL_AREA(#4437);
#4439=SURFACE_SIDE_STYLE('',(#4438));
#4440=SURFACE_STYLE_USAGE(.POSITIVE.,#4439);
#4441=PRESENTATION_STYLE_ASSIGNMENT((#4440));
#4442=STYLED_ITEM('',(#4441),#4435);
#4443=CARTESIAN_POINT('',(0.E0,0.E0,0.E0));
#4444=DIRECTION('',(0.E0,0.E0,1.E0));
#4445=DIRECTION('',(1.E0,0.E0,0.E0));
#4446=AXIS2_PLACEMENT_3D('',#4443,#4444,#4445);
#4447=CYLINDRICAL_SURFACE('',#4446,2.001E0);
#4449=ORIENTED_EDGE('',*,*,#4448,.T.);
#4451=ORIENTED_EDGE('',*,*,#4450,.T.);
#4453=ORIENTED_EDGE('',*,*,#4452,.T.);
#4455=ORIENTED_EDGE('',*,*,#4454,.T.);
#4456=EDGE_LOOP('',(#4449,#4451,#4453,#4455));
#4457=FACE_OUTER_BOUND('',#4456,.F.);
#4459=ORIENTED_EDGE('',*,*,#4458,.T.);
#4461=ORIENTED_EDGE('',*,*,#4460,.T.);
#4463=ORIENTED_EDGE('',*,*,#4462,.T.);
#4465=ORIENTED_EDGE('',*,*,#4464,.T.);
#4466=EDGE_LOOP('',(#4459,#4461,#4463,#4465));
#4467=FACE_BOUND('',#4466,.F.);
#4468=ADVANCED_FACE('',(#4457,#4467),#4447,.T.);
#4469=FILL_AREA_STYLE_COLOUR('',#1);
#4470=FILL_AREA_STYLE('',(#4469));
#4471=SURFACE_STYLE_FILL_AREA(#4470);
#4472=SURFACE_SIDE_STYLE('',(#4471));
#4473=SURFACE_STYLE_USAGE(.POSITIVE.,#4472);
#4474=PRESENTATION_STYLE_ASSIGNMENT((#4473));
#4475=STYLED_ITEM('',(#4474),#4468);
#4476=CARTESIAN_POINT('',(0.E0,0.E0,0.E0));
#4477=DIRECTION('',(0.E0,0.E0,1.E0));
#4478=DIRECTION('',(1.E0,0.E0,0.E0));
#4479=AXIS2_PLACEMENT_3D('',#4476,#4477,#4478);
#4480=CYLINDRICAL_SURFACE('',#4479,2.001E0);
#4482=ORIENTED_EDGE('',*,*,#4481,.T.);
#4484=ORIENTED_EDGE('',*,*,#4483,.F.);
#4486=ORIENTED_EDGE('',*,*,#4485,.F.);
#4488=ORIENTED_EDGE('',*,*,#4487,.F.);
#4490=ORIENTED_EDGE('',*,*,#4489,.F.);
#4492=ORIENTED_EDGE('',*,*,#4491,.F.);
#4494=ORIENTED_EDGE('',*,*,#4493,.T.);
#4496=ORIENTED_EDGE('',*,*,#4495,.T.);
#4497=EDGE_LOOP('',(#4482,#4484,#4486,#4488,#4490,#4492,#4494,#4496));
#4498=FACE_OUTER_BOUND('',#4497,.F.);
#4500=ORIENTED_EDGE('',*,*,#4499,.T.);
#4502=ORIENTED_EDGE('',*,*,#4501,.T.);
#4504=ORIENTED_EDGE('',*,*,#4503,.T.);
#4506=ORIENTED_EDGE('',*,*,#4505,.T.);
#4508=ORIENTED_EDGE('',*,*,#4507,.T.);
#4509=EDGE_LOOP('',(#4500,#4502,#4504,#4506,#4508));
#4510=FACE_BOUND('',#4509,.F.);
#4511=ADVANCED_FACE('',(#4498,#4510),#4480,.T.);
#4512=FILL_AREA_STYLE_COLOUR('',#1);
#4513=FILL_AREA_STYLE('',(#4512));
#4514=SURFACE_STYLE_FILL_AREA(#4513);
#4515=SURFACE_SIDE_STYLE('',(#4514));
#4516=SURFACE_STYLE_USAGE(.POSITIVE.,#4515);
#4517=PRESENTATION_STYLE_ASSIGNMENT((#4516));
#4518=STYLED_ITEM('',(#4517),#4511);
#4519=CARTESIAN_POINT('',(0.E0,0.E0,0.E0));
#4520=DIRECTION('',(0.E0,0.E0,1.E0));
#4521=DIRECTION('',(1.E0,0.E0,0.E0));
#4522=AXIS2_PLACEMENT_3D('',#4519,#4520,#4521);
#4523=CYLINDRICAL_SURFACE('',#4522,2.001E0);
#4525=ORIENTED_EDGE('',*,*,#4524,.F.);
#4527=ORIENTED_EDGE('',*,*,#4526,.F.);
#4529=ORIENTED_EDGE('',*,*,#4528,.T.);
#4531=ORIENTED_EDGE('',*,*,#4530,.T.);
#4533=ORIENTED_EDGE('',*,*,#4532,.F.);
#4535=ORIENTED_EDGE('',*,*,#4534,.F.);
#4537=ORIENTED_EDGE('',*,*,#4536,.F.);
#4539=ORIENTED_EDGE('',*,*,#4538,.T.);
#4541=ORIENTED_EDGE('',*,*,#4540,.F.);
#4543=ORIENTED_EDGE('',*,*,#4542,.F.);
#4545=ORIENTED_EDGE('',*,*,#4544,.F.);
#4547=ORIENTED_EDGE('',*,*,#4546,.T.);
#4548=EDGE_LOOP('',(#4525,#4527,#4529,#4531,#4533,#4535,#4537,#4539,#4541,#4543,
#4545,#4547));
#4549=FACE_OUTER_BOUND('',#4548,.F.);
#4550=ADVANCED_FACE('',(#4549),#4523,.T.);
#4551=FILL_AREA_STYLE_COLOUR('',#1);
#4552=FILL_AREA_STYLE('',(#4551));
#4553=SURFACE_STYLE_FILL_AREA(#4552);
#4554=SURFACE_SIDE_STYLE('',(#4553));
#4555=SURFACE_STYLE_USAGE(.POSITIVE.,#4554);
#4556=PRESENTATION_STYLE_ASSIGNMENT((#4555));
#4557=STYLED_ITEM('',(#4556),#4550);
#4558=CARTESIAN_POINT('',(0.E0,0.E0,0.E0));
#4559=DIRECTION('',(0.E0,0.E0,1.E0));
#4560=DIRECTION('',(1.E0,0.E0,0.E0));
#4561=AXIS2_PLACEMENT_3D('',#4558,#4559,#4560);
#4562=CYLINDRICAL_SURFACE('',#4561,2.001E0);
#4564=ORIENTED_EDGE('',*,*,#4563,.T.);
#4566=ORIENTED_EDGE('',*,*,#4565,.T.);
#4568=ORIENTED_EDGE('',*,*,#4567,.T.);
#4570=ORIENTED_EDGE('',*,*,#4569,.T.);
#4572=ORIENTED_EDGE('',*,*,#4571,.T.);
#4574=ORIENTED_EDGE('',*,*,#4573,.T.);
#4576=ORIENTED_EDGE('',*,*,#4575,.T.);
#4578=ORIENTED_EDGE('',*,*,#4577,.T.);
#4579=EDGE_LOOP('',(#4564,#4566,#4568,#4570,#4572,#4574,#4576,#4578));
#4580=FACE_OUTER_BOUND('',#4579,.F.);
#4582=ORIENTED_EDGE('',*,*,#4581,.T.);
#4584=ORIENTED_EDGE('',*,*,#4583,.T.);
#4586=ORIENTED_EDGE('',*,*,#4585,.T.);
#4587=EDGE_LOOP('',(#4582,#4584,#4586));
#4588=FACE_BOUND('',#4587,.F.);
#4589=ADVANCED_FACE('',(#4580,#4588),#4562,.T.);
#4590=FILL_AREA_STYLE_COLOUR('',#1);
#4591=FILL_AREA_STYLE('',(#4590));
#4592=SURFACE_STYLE_FILL_AREA(#4591);
#4593=SURFACE_SIDE_STYLE('',(#4592));
#4594=SURFACE_STYLE_USAGE(.POSITIVE.,#4593);
#4595=PRESENTATION_STYLE_ASSIGNMENT((#4594));
#4596=STYLED_ITEM('',(#4595),#4589);
#4597=CARTESIAN_POINT('',(0.E0,0.E0,0.E0));
#4598=DIRECTION('',(0.E0,0.E0,1.E0));
#4599=DIRECTION('',(1.E0,0.E0,0.E0));
#4600=AXIS2_PLACEMENT_3D('',#4597,#4598,#4599);
#4601=CYLINDRICAL_SURFACE('',#4600,2.001E0);
#4603=ORIENTED_EDGE('',*,*,#4602,.T.);
#4605=ORIENTED_EDGE('',*,*,#4604,.T.);
#4607=ORIENTED_EDGE('',*,*,#4606,.T.);
#4609=ORIENTED_EDGE('',*,*,#4608,.T.);
#4610=EDGE_LOOP('',(#4603,#4605,#4607,#4609));
#4611=FACE_OUTER_BOUND('',#4610,.F.);
#4612=ADVANCED_FACE('',(#4611),#4601,.T.);
#4613=FILL_AREA_STYLE_COLOUR('',#1);
#4614=FILL_AREA_STYLE('',(#4613));
#4615=SURFACE_STYLE_FILL_AREA(#4614);
#4616=SURFACE_SIDE_STYLE('',(#4615));
#4617=SURFACE_STYLE_USAGE(.POSITIVE.,#4616);
#4618=PRESENTATION_STYLE_ASSIGNMENT((#4617));
#4619=STYLED_ITEM('',(#4618),#4612);
#4620=CARTESIAN_POINT('',(0.E0,0.E0,0.E0));
#4621=DIRECTION('',(0.E0,0.E0,1.E0));
#4622=DIRECTION('',(1.E0,0.E0,0.E0));
#4623=AXIS2_PLACEMENT_3D('',#4620,#4621,#4622);
#4624=CYLINDRICAL_SURFACE('',#4623,2.001E0);
#4626=ORIENTED_EDGE('',*,*,#4625,.T.);
#4628=ORIENTED_EDGE('',*,*,#4627,.T.);
#4630=ORIENTED_EDGE('',*,*,#4629,.T.);
#4632=ORIENTED_EDGE('',*,*,#4631,.T.);
#4634=ORIENTED_EDGE('',*,*,#4633,.T.);
#4636=ORIENTED_EDGE('',*,*,#4635,.T.);
#4638=ORIENTED_EDGE('',*,*,#4637,.T.);
#4640=ORIENTED_EDGE('',*,*,#4639,.T.);
#4642=ORIENTED_EDGE('',*,*,#4641,.T.);
#4644=ORIENTED_EDGE('',*,*,#4643,.T.);
#4646=ORIENTED_EDGE('',*,*,#4645,.T.);
#4648=ORIENTED_EDGE('',*,*,#4647,.T.);
#4649=EDGE_LOOP('',(#4626,#4628,#4630,#4632,#4634,#4636,#4638,#4640,#4642,#4644,
#4646,#4648));
#4650=FACE_OUTER_BOUND('',#4649,.F.);
#4651=ADVANCED_FACE('',(#4650),#4624,.T.);
#4652=FILL_AREA_STYLE_COLOUR('',#1);
#4653=FILL_AREA_STYLE('',(#4652));
#4654=SURFACE_STYLE_FILL_AREA(#4653);
#4655=SURFACE_SIDE_STYLE('',(#4654));
#4656=SURFACE_STYLE_USAGE(.POSITIVE.,#4655);
#4657=PRESENTATION_STYLE_ASSIGNMENT((#4656));
#4658=STYLED_ITEM('',(#4657),#4651);
#4659=CARTESIAN_POINT('',(0.E0,0.E0,0.E0));
#4660=DIRECTION('',(0.E0,0.E0,1.E0));
#4661=DIRECTION('',(1.E0,0.E0,0.E0));
#4662=AXIS2_PLACEMENT_3D('',#4659,#4660,#4661);
#4663=CYLINDRICAL_SURFACE('',#4662,2.001E0);
#4665=ORIENTED_EDGE('',*,*,#4664,.F.);
#4667=ORIENTED_EDGE('',*,*,#4666,.F.);
#4669=ORIENTED_EDGE('',*,*,#4668,.T.);
#4671=ORIENTED_EDGE('',*,*,#4670,.T.);
#4673=ORIENTED_EDGE('',*,*,#4672,.F.);
#4675=ORIENTED_EDGE('',*,*,#4674,.F.);
#4677=ORIENTED_EDGE('',*,*,#4676,.F.);
#4679=ORIENTED_EDGE('',*,*,#4678,.T.);
#4681=ORIENTED_EDGE('',*,*,#4680,.F.);
#4683=ORIENTED_EDGE('',*,*,#4682,.F.);
#4685=ORIENTED_EDGE('',*,*,#4684,.F.);
#4687=ORIENTED_EDGE('',*,*,#4686,.T.);
#4688=EDGE_LOOP('',(#4665,#4667,#4669,#4671,#4673,#4675,#4677,#4679,#4681,#4683,
#4685,#4687));
#4689=FACE_OUTER_BOUND('',#4688,.F.);
#4690=ADVANCED_FACE('',(#4689),#4663,.T.);
#4691=FILL_AREA_STYLE_COLOUR('',#1);
#4692=FILL_AREA_STYLE('',(#4691));
#4693=SURFACE_STYLE_FILL_AREA(#4692);
#4694=SURFACE_SIDE_STYLE('',(#4693));
#4695=SURFACE_STYLE_USAGE(.POSITIVE.,#4694);
#4696=PRESENTATION_STYLE_ASSIGNMENT((#4695));
#4697=STYLED_ITEM('',(#4696),#4690);
#4698=CARTESIAN_POINT('',(0.E0,0.E0,0.E0));
#4699=DIRECTION('',(0.E0,0.E0,1.E0));
#4700=DIRECTION('',(1.E0,0.E0,0.E0));
#4701=AXIS2_PLACEMENT_3D('',#4698,#4699,#4700);
#4702=CYLINDRICAL_SURFACE('',#4701,2.001E0);
#4704=ORIENTED_EDGE('',*,*,#4703,.T.);
#4706=ORIENTED_EDGE('',*,*,#4705,.T.);
#4708=ORIENTED_EDGE('',*,*,#4707,.T.);
#4710=ORIENTED_EDGE('',*,*,#4709,.T.);
#4711=EDGE_LOOP('',(#4704,#4706,#4708,#4710));
#4712=FACE_OUTER_BOUND('',#4711,.F.);
#4714=ORIENTED_EDGE('',*,*,#4713,.T.);
#4716=ORIENTED_EDGE('',*,*,#4715,.T.);
#4718=ORIENTED_EDGE('',*,*,#4717,.T.);
#4720=ORIENTED_EDGE('',*,*,#4719,.T.);
#4721=EDGE_LOOP('',(#4714,#4716,#4718,#4720));
#4722=FACE_BOUND('',#4721,.F.);
#4723=ADVANCED_FACE('',(#4712,#4722),#4702,.T.);
#4724=FILL_AREA_STYLE_COLOUR('',#1);
#4725=FILL_AREA_STYLE('',(#4724));
#4726=SURFACE_STYLE_FILL_AREA(#4725);
#4727=SURFACE_SIDE_STYLE('',(#4726));
#4728=SURFACE_STYLE_USAGE(.POSITIVE.,#4727);
#4729=PRESENTATION_STYLE_ASSIGNMENT((#4728));
#4730=STYLED_ITEM('',(#4729),#4723);
#4731=CARTESIAN_POINT('',(0.E0,0.E0,0.E0));
#4732=DIRECTION('',(0.E0,0.E0,1.E0));
#4733=DIRECTION('',(1.E0,0.E0,0.E0));
#4734=AXIS2_PLACEMENT_3D('',#4731,#4732,#4733);
#4735=CYLINDRICAL_SURFACE('',#4734,2.001E0);
#4737=ORIENTED_EDGE('',*,*,#4736,.T.);
#4739=ORIENTED_EDGE('',*,*,#4738,.F.);
#4741=ORIENTED_EDGE('',*,*,#4740,.F.);
#4743=ORIENTED_EDGE('',*,*,#4742,.F.);
#4745=ORIENTED_EDGE('',*,*,#4744,.F.);
#4747=ORIENTED_EDGE('',*,*,#4746,.F.);
#4749=ORIENTED_EDGE('',*,*,#4748,.T.);
#4751=ORIENTED_EDGE('',*,*,#4750,.T.);
#4752=EDGE_LOOP('',(#4737,#4739,#4741,#4743,#4745,#4747,#4749,#4751));
#4753=FACE_OUTER_BOUND('',#4752,.F.);
#4755=ORIENTED_EDGE('',*,*,#4754,.T.);
#4757=ORIENTED_EDGE('',*,*,#4756,.T.);
#4759=ORIENTED_EDGE('',*,*,#4758,.T.);
#4761=ORIENTED_EDGE('',*,*,#4760,.T.);
#4763=ORIENTED_EDGE('',*,*,#4762,.T.);
#4764=EDGE_LOOP('',(#4755,#4757,#4759,#4761,#4763));
#4765=FACE_BOUND('',#4764,.F.);
#4766=ADVANCED_FACE('',(#4753,#4765),#4735,.T.);
#4767=FILL_AREA_STYLE_COLOUR('',#1);
#4768=FILL_AREA_STYLE('',(#4767));
#4769=SURFACE_STYLE_FILL_AREA(#4768);
#4770=SURFACE_SIDE_STYLE('',(#4769));
#4771=SURFACE_STYLE_USAGE(.POSITIVE.,#4770);
#4772=PRESENTATION_STYLE_ASSIGNMENT((#4771));
#4773=STYLED_ITEM('',(#4772),#4766);
#4774=CARTESIAN_POINT('',(0.E0,0.E0,0.E0));
#4775=DIRECTION('',(0.E0,0.E0,1.E0));
#4776=DIRECTION('',(1.E0,0.E0,0.E0));
#4777=AXIS2_PLACEMENT_3D('',#4774,#4775,#4776);
#4778=CYLINDRICAL_SURFACE('',#4777,2.001E0);
#4780=ORIENTED_EDGE('',*,*,#4779,.T.);
#4782=ORIENTED_EDGE('',*,*,#4781,.T.);
#4784=ORIENTED_EDGE('',*,*,#4783,.T.);
#4786=ORIENTED_EDGE('',*,*,#4785,.T.);
#4788=ORIENTED_EDGE('',*,*,#4787,.T.);
#4790=ORIENTED_EDGE('',*,*,#4789,.T.);
#4792=ORIENTED_EDGE('',*,*,#4791,.T.);
#4794=ORIENTED_EDGE('',*,*,#4793,.T.);
#4796=ORIENTED_EDGE('',*,*,#4795,.T.);
#4798=ORIENTED_EDGE('',*,*,#4797,.T.);
#4800=ORIENTED_EDGE('',*,*,#4799,.T.);
#4802=ORIENTED_EDGE('',*,*,#4801,.T.);
#4804=ORIENTED_EDGE('',*,*,#4803,.T.);
#4806=ORIENTED_EDGE('',*,*,#4805,.T.);
#4808=ORIENTED_EDGE('',*,*,#4807,.T.);
#4810=ORIENTED_EDGE('',*,*,#4809,.T.);
#4811=EDGE_LOOP('',(#4780,#4782,#4784,#4786,#4788,#4790,#4792,#4794,#4796,#4798,
#4800,#4802,#4804,#4806,#4808,#4810));
#4812=FACE_OUTER_BOUND('',#4811,.F.);
#4813=ORIENTED_EDGE('',*,*,#4337,.T.);
#4815=ORIENTED_EDGE('',*,*,#4814,.T.);
#4816=EDGE_LOOP('',(#4813,#4815));
#4817=FACE_BOUND('',#4816,.F.);
#4818=ADVANCED_FACE('',(#4812,#4817),#4778,.T.);
#4819=FILL_AREA_STYLE_COLOUR('',#1);
#4820=FILL_AREA_STYLE('',(#4819));
#4821=SURFACE_STYLE_FILL_AREA(#4820);
#4822=SURFACE_SIDE_STYLE('',(#4821));
#4823=SURFACE_STYLE_USAGE(.POSITIVE.,#4822);
#4824=PRESENTATION_STYLE_ASSIGNMENT((#4823));
#4825=STYLED_ITEM('',(#4824),#4818);
#4826=CARTESIAN_POINT('',(6.241736214409E-1,0.E0,6.526419675063E-1));
#4827=DIRECTION('',(0.E0,1.E0,0.E0));
#4828=DIRECTION('',(-1.E0,0.E0,0.E0));
#4829=AXIS2_PLACEMENT_3D('',#4826,#4827,#4828);
#4830=CYLINDRICAL_SURFACE('',#4829,4.533587558069E-2);
#4831=ORIENTED_EDGE('',*,*,#4814,.F.);
#4832=ORIENTED_EDGE('',*,*,#4342,.T.);
#4833=ORIENTED_EDGE('',*,*,#4059,.T.);
#4834=ORIENTED_EDGE('',*,*,#4339,.F.);
#4835=EDGE_LOOP('',(#4831,#4832,#4833,#4834));
#4836=FACE_OUTER_BOUND('',#4835,.F.);
#4837=ADVANCED_FACE('',(#4836),#4830,.F.);
#4838=FILL_AREA_STYLE_COLOUR('',#1);
#4839=FILL_AREA_STYLE('',(#4838));
#4840=SURFACE_STYLE_FILL_AREA(#4839);
#4841=SURFACE_SIDE_STYLE('',(#4840));
#4842=SURFACE_STYLE_USAGE(.POSITIVE.,#4841);
#4843=PRESENTATION_STYLE_ASSIGNMENT((#4842));
#4844=STYLED_ITEM('',(#4843),#4837);
#4845=CARTESIAN_POINT('',(-8.650714143674E-2,0.E0,8.742222206294E-1));
#4846=DIRECTION('',(-1.E0,0.E0,0.E0));
#4847=DIRECTION('',(0.E0,0.E0,1.E0));
#4848=AXIS2_PLACEMENT_3D('',#4845,#4846,#4847);
#4849=PLANE('',#4848);
#4850=ORIENTED_EDGE('',*,*,#4359,.T.);
#4852=ORIENTED_EDGE('',*,*,#4851,.T.);
#4853=ORIENTED_EDGE('',*,*,#3798,.F.);
#4855=ORIENTED_EDGE('',*,*,#4854,.F.);
#4856=EDGE_LOOP('',(#4850,#4852,#4853,#4855));
#4857=FACE_OUTER_BOUND('',#4856,.F.);
#4858=ADVANCED_FACE('',(#4857),#4849,.T.);
#4859=FILL_AREA_STYLE_COLOUR('',#1);
#4860=FILL_AREA_STYLE('',(#4859));
#4861=SURFACE_STYLE_FILL_AREA(#4860);
#4862=SURFACE_SIDE_STYLE('',(#4861));
#4863=SURFACE_STYLE_USAGE(.POSITIVE.,#4862);
#4864=PRESENTATION_STYLE_ASSIGNMENT((#4863));
#4865=STYLED_ITEM('',(#4864),#4858);
#4866=CARTESIAN_POINT('',(-8.650714143674E-2,0.E0,8.928623960853E-1));
#4867=DIRECTION('',(0.E0,0.E0,1.E0));
#4868=DIRECTION('',(1.E0,0.E0,0.E0));
#4869=AXIS2_PLACEMENT_3D('',#4866,#4867,#4868);
#4870=PLANE('',#4869);
#4871=ORIENTED_EDGE('',*,*,#4369,.F.);
#4873=ORIENTED_EDGE('',*,*,#4872,.T.);
#4874=ORIENTED_EDGE('',*,*,#3800,.T.);
#4875=ORIENTED_EDGE('',*,*,#4851,.F.);
#4876=EDGE_LOOP('',(#4871,#4873,#4874,#4875));
#4877=FACE_OUTER_BOUND('',#4876,.F.);
#4878=ADVANCED_FACE('',(#4877),#4870,.T.);
#4879=FILL_AREA_STYLE_COLOUR('',#1);
#4880=FILL_AREA_STYLE('',(#4879));
#4881=SURFACE_STYLE_FILL_AREA(#4880);
#4882=SURFACE_SIDE_STYLE('',(#4881));
#4883=SURFACE_STYLE_USAGE(.POSITIVE.,#4882);
#4884=PRESENTATION_STYLE_ASSIGNMENT((#4883));
#4885=STYLED_ITEM('',(#4884),#4878);
#4886=CARTESIAN_POINT('',(-2.139190968917E-2,0.E0,8.928623960853E-1));
#4887=DIRECTION('',(-1.E0,0.E0,0.E0));
#4888=DIRECTION('',(0.E0,0.E0,1.E0));
#4889=AXIS2_PLACEMENT_3D('',#4886,#4887,#4888);
#4890=PLANE('',#4889);
#4891=ORIENTED_EDGE('',*,*,#4367,.T.);
#4893=ORIENTED_EDGE('',*,*,#4892,.T.);
#4894=ORIENTED_EDGE('',*,*,#3802,.F.);
#4895=ORIENTED_EDGE('',*,*,#4872,.F.);
#4896=EDGE_LOOP('',(#4891,#4893,#4894,#4895));
#4897=FACE_OUTER_BOUND('',#4896,.F.);
#4898=ADVANCED_FACE('',(#4897),#4890,.T.);
#4899=FILL_AREA_STYLE_COLOUR('',#1);
#4900=FILL_AREA_STYLE('',(#4899));
#4901=SURFACE_STYLE_FILL_AREA(#4900);
#4902=SURFACE_SIDE_STYLE('',(#4901));
#4903=SURFACE_STYLE_USAGE(.POSITIVE.,#4902);
#4904=PRESENTATION_STYLE_ASSIGNMENT((#4903));
#4905=STYLED_ITEM('',(#4904),#4898);
#4906=CARTESIAN_POINT('',(-2.139190968917E-2,0.E0,1.037720799959E0));
#4907=DIRECTION('',(0.E0,0.E0,1.E0));
#4908=DIRECTION('',(1.E0,0.E0,0.E0));
#4909=AXIS2_PLACEMENT_3D('',#4906,#4907,#4908);
#4910=PLANE('',#4909);
#4911=ORIENTED_EDGE('',*,*,#4365,.F.);
#4913=ORIENTED_EDGE('',*,*,#4912,.T.);
#4914=ORIENTED_EDGE('',*,*,#3804,.T.);
#4915=ORIENTED_EDGE('',*,*,#4892,.F.);
#4916=EDGE_LOOP('',(#4911,#4913,#4914,#4915));
#4917=FACE_OUTER_BOUND('',#4916,.F.);
#4918=ADVANCED_FACE('',(#4917),#4910,.T.);
#4919=FILL_AREA_STYLE_COLOUR('',#1);
#4920=FILL_AREA_STYLE('',(#4919));
#4921=SURFACE_STYLE_FILL_AREA(#4920);
#4922=SURFACE_SIDE_STYLE('',(#4921));
#4923=SURFACE_STYLE_USAGE(.POSITIVE.,#4922);
#4924=PRESENTATION_STYLE_ASSIGNMENT((#4923));
#4925=STYLED_ITEM('',(#4924),#4918);
#4926=CARTESIAN_POINT('',(-2.858814271300E-4,0.E0,1.037720799959E0));
#4927=DIRECTION('',(1.E0,0.E0,0.E0));
#4928=DIRECTION('',(0.E0,0.E0,-1.E0));
#4929=AXIS2_PLACEMENT_3D('',#4926,#4927,#4928);
#4930=PLANE('',#4929);
#4931=ORIENTED_EDGE('',*,*,#4363,.F.);
#4933=ORIENTED_EDGE('',*,*,#4932,.T.);
#4934=ORIENTED_EDGE('',*,*,#3806,.T.);
#4935=ORIENTED_EDGE('',*,*,#4912,.F.);
#4936=EDGE_LOOP('',(#4931,#4933,#4934,#4935));
#4937=FACE_OUTER_BOUND('',#4936,.F.);
#4938=ADVANCED_FACE('',(#4937),#4930,.T.);
#4939=FILL_AREA_STYLE_COLOUR('',#1);
#4940=FILL_AREA_STYLE('',(#4939));
#4941=SURFACE_STYLE_FILL_AREA(#4940);
#4942=SURFACE_SIDE_STYLE('',(#4941));
#4943=SURFACE_STYLE_USAGE(.POSITIVE.,#4942);
#4944=PRESENTATION_STYLE_ASSIGNMENT((#4943));
#4945=STYLED_ITEM('',(#4944),#4938);
#4946=CARTESIAN_POINT('',(-2.858814271300E-4,0.E0,8.742222206294E-1));
#4947=DIRECTION('',(0.E0,0.E0,-1.E0));
#4948=DIRECTION('',(-1.E0,0.E0,0.E0));
#4949=AXIS2_PLACEMENT_3D('',#4946,#4947,#4948);
#4950=PLANE('',#4949);
#4951=ORIENTED_EDGE('',*,*,#4361,.T.);
#4952=ORIENTED_EDGE('',*,*,#4854,.T.);
#4953=ORIENTED_EDGE('',*,*,#3808,.F.);
#4954=ORIENTED_EDGE('',*,*,#4932,.F.);
#4955=EDGE_LOOP('',(#4951,#4952,#4953,#4954));
#4956=FACE_OUTER_BOUND('',#4955,.F.);
#4957=ADVANCED_FACE('',(#4956),#4950,.T.);
#4958=FILL_AREA_STYLE_COLOUR('',#1);
#4959=FILL_AREA_STYLE('',(#4958));
#4960=SURFACE_STYLE_FILL_AREA(#4959);
#4961=SURFACE_SIDE_STYLE('',(#4960));
#4962=SURFACE_STYLE_USAGE(.POSITIVE.,#4961);
#4963=PRESENTATION_STYLE_ASSIGNMENT((#4962));
#4964=STYLED_ITEM('',(#4963),#4957);
#4965=CARTESIAN_POINT('',(-2.156091638168E-1,0.E0,9.102114942249E-1));
#4966=CARTESIAN_POINT('',(-2.156091638168E-1,0.E0,9.072147358696E-1));
#4967=CARTESIAN_POINT('',(-2.156091638168E-1,0.E0,8.974751935680E-1));
#4968=CARTESIAN_POINT('',(-2.156091638168E-1,0.E0,8.847388929110E-1));
#4969=CARTESIAN_POINT('',(-2.156091638168E-1,0.E0,8.749993506093E-1));
#4970=CARTESIAN_POINT('',(-2.156091638168E-1,0.E0,8.720025922541E-1));
#4972=DRAUGHTING_PRE_DEFINED_CURVE_FONT('continuous');
#4973=CURVE_STYLE('',#4972,POSITIVE_LENGTH_MEASURE(2.E-2),#1);
#4974=PRESENTATION_STYLE_ASSIGNMENT((#4973));
#4975=STYLED_ITEM('',(#4974),#4971);
#4976=DIRECTION('',(0.E0,1.E0,0.E0));
#4977=VECTOR('',#4976,1.E0);
#4978=SURFACE_OF_LINEAR_EXTRUSION('',#4971,#4977);
#4979=ORIENTED_EDGE('',*,*,#4386,.F.);
#4981=ORIENTED_EDGE('',*,*,#4980,.T.);
#4982=ORIENTED_EDGE('',*,*,#3812,.T.);
#4984=ORIENTED_EDGE('',*,*,#4983,.F.);
#4985=EDGE_LOOP('',(#4979,#4981,#4982,#4984));
#4986=FACE_OUTER_BOUND('',#4985,.F.);
#4987=ADVANCED_FACE('',(#4986),#4978,.F.);
#4988=FILL_AREA_STYLE_COLOUR('',#1);
#4989=FILL_AREA_STYLE('',(#4988));
#4990=SURFACE_STYLE_FILL_AREA(#4989);
#4991=SURFACE_SIDE_STYLE('',(#4990));
#4992=SURFACE_STYLE_USAGE(.POSITIVE.,#4991);
#4993=PRESENTATION_STYLE_ASSIGNMENT((#4992));
#4994=STYLED_ITEM('',(#4993),#4987);
#4995=CARTESIAN_POINT('',(-2.194714587274E-1,0.E0,1.009426764034E0));
#4996=CARTESIAN_POINT('',(-2.182080485725E-1,0.E0,1.010227997403E0));
#4997=CARTESIAN_POINT('',(-2.055489357806E-1,0.E0,1.017761618266E0));
#4998=CARTESIAN_POINT('',(-1.745670846593E-1,0.E0,1.026165578268E0));
#4999=CARTESIAN_POINT('',(-1.252938230717E-1,0.E0,1.007898412704E0));
#5000=CARTESIAN_POINT('',(-1.103933656489E-1,0.E0,9.551592418779E-1));
#5001=CARTESIAN_POINT('',(-1.244479198206E-1,0.E0,9.030436620472E-1));
#5002=CARTESIAN_POINT('',(-1.730733643155E-1,0.E0,8.853925449527E-1));
#5003=CARTESIAN_POINT('',(-2.047096635676E-1,0.E0,8.940831331859E-1));
#5004=CARTESIAN_POINT('',(-2.181413542071E-1,0.E0,9.028139694387E-1));
#5005=CARTESIAN_POINT('',(-2.193680412419E-1,0.E0,9.036646936932E-1));
#5007=CURVE_STYLE('',#4972,POSITIVE_LENGTH_MEASURE(2.E-2),#1);
#5008=PRESENTATION_STYLE_ASSIGNMENT((#5007));
#5009=STYLED_ITEM('',(#5008),#5006);
#5010=DIRECTION('',(0.E0,1.E0,0.E0));
#5011=VECTOR('',#5010,1.E0);
#5012=SURFACE_OF_LINEAR_EXTRUSION('',#5006,#5011);
#5013=ORIENTED_EDGE('',*,*,#4392,.F.);
#5015=ORIENTED_EDGE('',*,*,#5014,.T.);
#5016=ORIENTED_EDGE('',*,*,#3814,.T.);
#5017=ORIENTED_EDGE('',*,*,#4980,.F.);
#5018=EDGE_LOOP('',(#5013,#5015,#5016,#5017));
#5019=FACE_OUTER_BOUND('',#5018,.F.);
#5020=ADVANCED_FACE('',(#5019),#5012,.F.);
#5021=FILL_AREA_STYLE_COLOUR('',#1);
#5022=FILL_AREA_STYLE('',(#5021));
#5023=SURFACE_STYLE_FILL_AREA(#5022);
#5024=SURFACE_SIDE_STYLE('',(#5023));
#5025=SURFACE_STYLE_USAGE(.POSITIVE.,#5024);
#5026=PRESENTATION_STYLE_ASSIGNMENT((#5025));
#5027=STYLED_ITEM('',(#5026),#5020);
#5028=CARTESIAN_POINT('',(-2.156091638168E-1,0.E0,1.042782428180E0));
#5029=CARTESIAN_POINT('',(-2.156091638168E-1,0.E0,1.039785669825E0));
#5030=CARTESIAN_POINT('',(-2.156091638168E-1,0.E0,1.029433147165E0));
#5031=CARTESIAN_POINT('',(-2.156091638168E-1,0.E0,1.016083866149E0));
#5032=CARTESIAN_POINT('',(-2.156091638168E-1,0.E0,1.005731343489E0));
#5033=CARTESIAN_POINT('',(-2.156091638168E-1,0.E0,1.002734585134E0));
#5035=CURVE_STYLE('',#4972,POSITIVE_LENGTH_MEASURE(2.E-2),#1);
#5036=PRESENTATION_STYLE_ASSIGNMENT((#5035));
#5037=STYLED_ITEM('',(#5036),#5034);
#5038=DIRECTION('',(0.E0,1.E0,0.E0));
#5039=VECTOR('',#5038,1.E0);
#5040=SURFACE_OF_LINEAR_EXTRUSION('',#5034,#5039);
#5041=ORIENTED_EDGE('',*,*,#4390,.F.);
#5043=ORIENTED_EDGE('',*,*,#5042,.T.);
#5044=ORIENTED_EDGE('',*,*,#3816,.T.);
#5045=ORIENTED_EDGE('',*,*,#5014,.F.);
#5046=EDGE_LOOP('',(#5041,#5043,#5044,#5045));
#5047=FACE_OUTER_BOUND('',#5046,.F.);
#5048=ADVANCED_FACE('',(#5047),#5040,.F.);
#5049=FILL_AREA_STYLE_COLOUR('',#1);
#5050=FILL_AREA_STYLE('',(#5049));
#5051=SURFACE_STYLE_FILL_AREA(#5050);
#5052=SURFACE_SIDE_STYLE('',(#5051));
#5053=SURFACE_STYLE_USAGE(.POSITIVE.,#5052);
#5054=PRESENTATION_STYLE_ASSIGNMENT((#5053));
#5055=STYLED_ITEM('',(#5054),#5048);
#5056=CARTESIAN_POINT('',(-2.195217163281E-1,0.E0,8.832075702680E-1));
#5057=CARTESIAN_POINT('',(-2.182377386787E-1,0.E0,8.824296611027E-1));
#5058=CARTESIAN_POINT('',(-2.034944290668E-1,0.E0,8.740892271690E-1));
#5059=CARTESIAN_POINT('',(-1.658339149042E-1,0.E0,8.668339478620E-1));
#5060=CARTESIAN_POINT('',(-1.059770441799E-1,0.E0,8.870730993586E-1));
#5061=CARTESIAN_POINT('',(-8.612167920671E-2,0.E0,9.548057705820E-1));
#5062=CARTESIAN_POINT('',(-1.082171210511E-1,0.E0,1.023202596050E0));
#5063=CARTESIAN_POINT('',(-1.685071146176E-1,0.E0,1.044393871554E0));
#5064=CARTESIAN_POINT('',(-2.051069047660E-1,0.E0,1.038781229312E0));
#5065=CARTESIAN_POINT('',(-2.183447180670E-1,0.E0,1.032554922841E0));
#5066=CARTESIAN_POINT('',(-2.196865734951E-1,0.E0,1.031872762730E0));
#5068=CURVE_STYLE('',#4972,POSITIVE_LENGTH_MEASURE(2.E-2),#1);
#5069=PRESENTATION_STYLE_ASSIGNMENT((#5068));
#5070=STYLED_ITEM('',(#5069),#5067);
#5071=DIRECTION('',(0.E0,1.E0,0.E0));
#5072=VECTOR('',#5071,1.E0);
#5073=SURFACE_OF_LINEAR_EXTRUSION('',#5067,#5072);
#5074=ORIENTED_EDGE('',*,*,#4388,.F.);
#5075=ORIENTED_EDGE('',*,*,#4983,.T.);
#5076=ORIENTED_EDGE('',*,*,#3818,.T.);
#5077=ORIENTED_EDGE('',*,*,#5042,.F.);
#5078=EDGE_LOOP('',(#5074,#5075,#5076,#5077));
#5079=FACE_OUTER_BOUND('',#5078,.F.);
#5080=ADVANCED_FACE('',(#5079),#5073,.F.);
#5081=FILL_AREA_STYLE_COLOUR('',#1);
#5082=FILL_AREA_STYLE('',(#5081));
#5083=SURFACE_STYLE_FILL_AREA(#5082);
#5084=SURFACE_SIDE_STYLE('',(#5083));
#5085=SURFACE_STYLE_USAGE(.POSITIVE.,#5084);
#5086=PRESENTATION_STYLE_ASSIGNMENT((#5085));
#5087=STYLED_ITEM('',(#5086),#5080);
#5088=CARTESIAN_POINT('',(-3.362687748918E-1,0.E0,8.742222206294E-1));
#5089=DIRECTION('',(-1.E0,0.E0,0.E0));
#5090=DIRECTION('',(0.E0,0.E0,1.E0));
#5091=AXIS2_PLACEMENT_3D('',#5088,#5089,#5090);
#5092=PLANE('',#5091);
#5093=ORIENTED_EDGE('',*,*,#4409,.T.);
#5095=ORIENTED_EDGE('',*,*,#5094,.T.);
#5096=ORIENTED_EDGE('',*,*,#3822,.F.);
#5098=ORIENTED_EDGE('',*,*,#5097,.F.);
#5099=EDGE_LOOP('',(#5093,#5095,#5096,#5098));
#5100=FACE_OUTER_BOUND('',#5099,.F.);
#5101=ADVANCED_FACE('',(#5100),#5092,.T.);
#5102=FILL_AREA_STYLE_COLOUR('',#1);
#5103=FILL_AREA_STYLE('',(#5102));
#5104=SURFACE_STYLE_FILL_AREA(#5103);
#5105=SURFACE_SIDE_STYLE('',(#5104));
#5106=SURFACE_STYLE_USAGE(.POSITIVE.,#5105);
#5107=PRESENTATION_STYLE_ASSIGNMENT((#5106));
#5108=STYLED_ITEM('',(#5107),#5101);
#5109=CARTESIAN_POINT('',(-3.362687748918E-1,0.E0,8.928623960853E-1));
#5110=DIRECTION('',(0.E0,0.E0,1.E0));
#5111=DIRECTION('',(1.E0,0.E0,0.E0));
#5112=AXIS2_PLACEMENT_3D('',#5109,#5110,#5111);
#5113=PLANE('',#5112);
#5114=ORIENTED_EDGE('',*,*,#4431,.F.);
#5116=ORIENTED_EDGE('',*,*,#5115,.T.);
#5117=ORIENTED_EDGE('',*,*,#3824,.T.);
#5118=ORIENTED_EDGE('',*,*,#5094,.F.);
#5119=EDGE_LOOP('',(#5114,#5116,#5117,#5118));
#5120=FACE_OUTER_BOUND('',#5119,.F.);
#5121=ADVANCED_FACE('',(#5120),#5113,.T.);
#5122=FILL_AREA_STYLE_COLOUR('',#1);
#5123=FILL_AREA_STYLE('',(#5122));
#5124=SURFACE_STYLE_FILL_AREA(#5123);
#5125=SURFACE_SIDE_STYLE('',(#5124));
#5126=SURFACE_STYLE_USAGE(.POSITIVE.,#5125);
#5127=PRESENTATION_STYLE_ASSIGNMENT((#5126));
#5128=STYLED_ITEM('',(#5127),#5121);
#5129=CARTESIAN_POINT('',(-2.694399844141E-1,0.E0,8.928623960853E-1));
#5130=DIRECTION('',(-1.E0,0.E0,0.E0));
#5131=DIRECTION('',(0.E0,0.E0,1.E0));
#5132=AXIS2_PLACEMENT_3D('',#5129,#5130,#5131);
#5133=PLANE('',#5132);
#5134=ORIENTED_EDGE('',*,*,#4429,.T.);
#5136=ORIENTED_EDGE('',*,*,#5135,.T.);
#5137=ORIENTED_EDGE('',*,*,#3826,.F.);
#5138=ORIENTED_EDGE('',*,*,#5115,.F.);
#5139=EDGE_LOOP('',(#5134,#5136,#5137,#5138));
#5140=FACE_OUTER_BOUND('',#5139,.F.);
#5141=ADVANCED_FACE('',(#5140),#5133,.T.);
#5142=FILL_AREA_STYLE_COLOUR('',#1);
#5143=FILL_AREA_STYLE('',(#5142));
#5144=SURFACE_STYLE_FILL_AREA(#5143);
#5145=SURFACE_SIDE_STYLE('',(#5144));
#5146=SURFACE_STYLE_USAGE(.POSITIVE.,#5145);
#5147=PRESENTATION_STYLE_ASSIGNMENT((#5146));
#5148=STYLED_ITEM('',(#5147),#5141);
#5149=CARTESIAN_POINT('',(-2.694399844141E-1,0.E0,9.478634519122E-1));
#5150=DIRECTION('',(0.E0,0.E0,-1.E0));
#5151=DIRECTION('',(-1.E0,0.E0,0.E0));
#5152=AXIS2_PLACEMENT_3D('',#5149,#5150,#5151);
#5153=PLANE('',#5152);
#5154=ORIENTED_EDGE('',*,*,#4427,.T.);
#5156=ORIENTED_EDGE('',*,*,#5155,.T.);
#5157=ORIENTED_EDGE('',*,*,#3828,.F.);
#5158=ORIENTED_EDGE('',*,*,#5135,.F.);
#5159=EDGE_LOOP('',(#5154,#5156,#5157,#5158));
#5160=FACE_OUTER_BOUND('',#5159,.F.);
#5161=ADVANCED_FACE('',(#5160),#5153,.T.);
#5162=FILL_AREA_STYLE_COLOUR('',#1);
#5163=FILL_AREA_STYLE('',(#5162));
#5164=SURFACE_STYLE_FILL_AREA(#5163);
#5165=SURFACE_SIDE_STYLE('',(#5164));
#5166=SURFACE_STYLE_USAGE(.POSITIVE.,#5165);
#5167=PRESENTATION_STYLE_ASSIGNMENT((#5166));
#5168=STYLED_ITEM('',(#5167),#5161);
#5169=CARTESIAN_POINT('',(-3.279099518169E-1,0.E0,9.478634519122E-1));
#5170=DIRECTION('',(-1.E0,0.E0,0.E0));
#5171=DIRECTION('',(0.E0,0.E0,1.E0));
#5172=AXIS2_PLACEMENT_3D('',#5169,#5170,#5171);
#5173=PLANE('',#5172);
#5174=ORIENTED_EDGE('',*,*,#4425,.T.);
#5176=ORIENTED_EDGE('',*,*,#5175,.T.);
#5177=ORIENTED_EDGE('',*,*,#3830,.F.);
#5178=ORIENTED_EDGE('',*,*,#5155,.F.);
#5179=EDGE_LOOP('',(#5174,#5176,#5177,#5178));
#5180=FACE_OUTER_BOUND('',#5179,.F.);
#5181=ADVANCED_FACE('',(#5180),#5173,.T.);
#5182=FILL_AREA_STYLE_COLOUR('',#1);
#5183=FILL_AREA_STYLE('',(#5182));
#5184=SURFACE_STYLE_FILL_AREA(#5183);
#5185=SURFACE_SIDE_STYLE('',(#5184));
#5186=SURFACE_STYLE_USAGE(.POSITIVE.,#5185);
#5187=PRESENTATION_STYLE_ASSIGNMENT((#5186));
#5188=STYLED_ITEM('',(#5187),#5181);
#5189=CARTESIAN_POINT('',(-3.279099518169E-1,0.E0,9.665872155982E-1));
#5190=DIRECTION('',(0.E0,0.E0,1.E0));
#5191=DIRECTION('',(1.E0,0.E0,0.E0));
#5192=AXIS2_PLACEMENT_3D('',#5189,#5190,#5191);
#5193=PLANE('',#5192);
#5194=ORIENTED_EDGE('',*,*,#4423,.F.);
#5196=ORIENTED_EDGE('',*,*,#5195,.T.);
#5197=ORIENTED_EDGE('',*,*,#3832,.T.);
#5198=ORIENTED_EDGE('',*,*,#5175,.F.);
#5199=EDGE_LOOP('',(#5194,#5196,#5197,#5198));
#5200=FACE_OUTER_BOUND('',#5199,.F.);
#5201=ADVANCED_FACE('',(#5200),#5193,.T.);
#5202=FILL_AREA_STYLE_COLOUR('',#1);
#5203=FILL_AREA_STYLE('',(#5202));
#5204=SURFACE_STYLE_FILL_AREA(#5203);
#5205=SURFACE_SIDE_STYLE('',(#5204));
#5206=SURFACE_STYLE_USAGE(.POSITIVE.,#5205);
#5207=PRESENTATION_STYLE_ASSIGNMENT((#5206));
#5208=STYLED_ITEM('',(#5207),#5201);
#5209=CARTESIAN_POINT('',(-2.694399844141E-1,0.E0,9.665872155982E-1));
#5210=DIRECTION('',(-1.E0,0.E0,0.E0));
#5211=DIRECTION('',(0.E0,0.E0,1.E0));
#5212=AXIS2_PLACEMENT_3D('',#5209,#5210,#5211);
#5213=PLANE('',#5212);
#5214=ORIENTED_EDGE('',*,*,#4421,.T.);
#5216=ORIENTED_EDGE('',*,*,#5215,.T.);
#5217=ORIENTED_EDGE('',*,*,#3834,.F.);
#5218=ORIENTED_EDGE('',*,*,#5195,.F.);
#5219=EDGE_LOOP('',(#5214,#5216,#5217,#5218));
#5220=FACE_OUTER_BOUND('',#5219,.F.);
#5221=ADVANCED_FACE('',(#5220),#5213,.T.);
#5222=FILL_AREA_STYLE_COLOUR('',#1);
#5223=FILL_AREA_STYLE('',(#5222));
#5224=SURFACE_STYLE_FILL_AREA(#5223);
#5225=SURFACE_SIDE_STYLE('',(#5224));
#5226=SURFACE_STYLE_USAGE(.POSITIVE.,#5225);
#5227=PRESENTATION_STYLE_ASSIGNMENT((#5226));
#5228=STYLED_ITEM('',(#5227),#5221);
#5229=CARTESIAN_POINT('',(-2.694399844141E-1,0.E0,1.018913448043E0));
#5230=DIRECTION('',(0.E0,0.E0,-1.E0));
#5231=DIRECTION('',(-1.E0,0.E0,0.E0));
#5232=AXIS2_PLACEMENT_3D('',#5229,#5230,#5231);
#5233=PLANE('',#5232);
#5234=ORIENTED_EDGE('',*,*,#4419,.T.);
#5236=ORIENTED_EDGE('',*,*,#5235,.T.);
#5237=ORIENTED_EDGE('',*,*,#3836,.F.);
#5238=ORIENTED_EDGE('',*,*,#5215,.F.);
#5239=EDGE_LOOP('',(#5234,#5236,#5237,#5238));
#5240=FACE_OUTER_BOUND('',#5239,.F.);
#5241=ADVANCED_FACE('',(#5240),#5233,.T.);
#5242=FILL_AREA_STYLE_COLOUR('',#1);
#5243=FILL_AREA_STYLE('',(#5242));
#5244=SURFACE_STYLE_FILL_AREA(#5243);
#5245=SURFACE_SIDE_STYLE('',(#5244));
#5246=SURFACE_STYLE_USAGE(.POSITIVE.,#5245);
#5247=PRESENTATION_STYLE_ASSIGNMENT((#5246));
#5248=STYLED_ITEM('',(#5247),#5241);
#5249=CARTESIAN_POINT('',(-3.325490986231E-1,0.E0,1.018913448043E0));
#5250=DIRECTION('',(-1.E0,0.E0,0.E0));
#5251=DIRECTION('',(0.E0,0.E0,1.E0));
#5252=AXIS2_PLACEMENT_3D('',#5249,#5250,#5251);
#5253=PLANE('',#5252);
#5254=ORIENTED_EDGE('',*,*,#4417,.T.);
#5256=ORIENTED_EDGE('',*,*,#5255,.T.);
#5257=ORIENTED_EDGE('',*,*,#3838,.F.);
#5258=ORIENTED_EDGE('',*,*,#5235,.F.);
#5259=EDGE_LOOP('',(#5254,#5256,#5257,#5258));
#5260=FACE_OUTER_BOUND('',#5259,.F.);
#5261=ADVANCED_FACE('',(#5260),#5253,.T.);
#5262=FILL_AREA_STYLE_COLOUR('',#1);
#5263=FILL_AREA_STYLE('',(#5262));
#5264=SURFACE_STYLE_FILL_AREA(#5263);
#5265=SURFACE_SIDE_STYLE('',(#5264));
#5266=SURFACE_STYLE_USAGE(.POSITIVE.,#5265);
#5267=PRESENTATION_STYLE_ASSIGNMENT((#5266));
#5268=STYLED_ITEM('',(#5267),#5261);
#5269=CARTESIAN_POINT('',(-3.325490986231E-1,0.E0,1.037720799959E0));
#5270=DIRECTION('',(0.E0,0.E0,1.E0));
#5271=DIRECTION('',(1.E0,0.E0,0.E0));
#5272=AXIS2_PLACEMENT_3D('',#5269,#5270,#5271);
#5273=PLANE('',#5272);
#5274=ORIENTED_EDGE('',*,*,#4415,.F.);
#5276=ORIENTED_EDGE('',*,*,#5275,.T.);
#5277=ORIENTED_EDGE('',*,*,#3840,.T.);
#5278=ORIENTED_EDGE('',*,*,#5255,.F.);
#5279=EDGE_LOOP('',(#5274,#5276,#5277,#5278));
#5280=FACE_OUTER_BOUND('',#5279,.F.);
#5281=ADVANCED_FACE('',(#5280),#5273,.T.);
#5282=FILL_AREA_STYLE_COLOUR('',#1);
#5283=FILL_AREA_STYLE('',(#5282));
#5284=SURFACE_STYLE_FILL_AREA(#5283);
#5285=SURFACE_SIDE_STYLE('',(#5284));
#5286=SURFACE_STYLE_USAGE(.POSITIVE.,#5285);
#5287=PRESENTATION_STYLE_ASSIGNMENT((#5286));
#5288=STYLED_ITEM('',(#5287),#5281);
#5289=CARTESIAN_POINT('',(-2.483339561520E-1,0.E0,1.037720799959E0));
#5290=DIRECTION('',(1.E0,0.E0,0.E0));
#5291=DIRECTION('',(0.E0,0.E0,-1.E0));
#5292=AXIS2_PLACEMENT_3D('',#5289,#5290,#5291);
#5293=PLANE('',#5292);
#5294=ORIENTED_EDGE('',*,*,#4413,.F.);
#5296=ORIENTED_EDGE('',*,*,#5295,.T.);
#5297=ORIENTED_EDGE('',*,*,#3842,.T.);
#5298=ORIENTED_EDGE('',*,*,#5275,.F.);
#5299=EDGE_LOOP('',(#5294,#5296,#5297,#5298));
#5300=FACE_OUTER_BOUND('',#5299,.F.);
#5301=ADVANCED_FACE('',(#5300),#5293,.T.);
#5302=FILL_AREA_STYLE_COLOUR('',#1);
#5303=FILL_AREA_STYLE('',(#5302));
#5304=SURFACE_STYLE_FILL_AREA(#5303);
#5305=SURFACE_SIDE_STYLE('',(#5304));
#5306=SURFACE_STYLE_USAGE(.POSITIVE.,#5305);
#5307=PRESENTATION_STYLE_ASSIGNMENT((#5306));
#5308=STYLED_ITEM('',(#5307),#5301);
#5309=CARTESIAN_POINT('',(-2.483339561520E-1,0.E0,8.742222206294E-1));
#5310=DIRECTION('',(0.E0,0.E0,-1.E0));
#5311=DIRECTION('',(-1.E0,0.E0,0.E0));
#5312=AXIS2_PLACEMENT_3D('',#5309,#5310,#5311);
#5313=PLANE('',#5312);
#5314=ORIENTED_EDGE('',*,*,#4411,.T.);
#5315=ORIENTED_EDGE('',*,*,#5097,.T.);
#5316=ORIENTED_EDGE('',*,*,#3844,.F.);
#5317=ORIENTED_EDGE('',*,*,#5295,.F.);
#5318=EDGE_LOOP('',(#5314,#5315,#5316,#5317));
#5319=FACE_OUTER_BOUND('',#5318,.F.);
#5320=ADVANCED_FACE('',(#5319),#5313,.T.);
#5321=FILL_AREA_STYLE_COLOUR('',#1);
#5322=FILL_AREA_STYLE('',(#5321));
#5323=SURFACE_STYLE_FILL_AREA(#5322);
#5324=SURFACE_SIDE_STYLE('',(#5323));
#5325=SURFACE_STYLE_USAGE(.POSITIVE.,#5324);
#5326=PRESENTATION_STYLE_ASSIGNMENT((#5325));
#5327=STYLED_ITEM('',(#5326),#5320);
#5328=CARTESIAN_POINT('',(-4.219512516620E-1,0.E0,1.018913448043E0));
#5329=CARTESIAN_POINT('',(-4.189544933064E-1,0.E0,1.018913448043E0));
#5330=CARTESIAN_POINT('',(-4.077242942233E-1,0.E0,1.018913448043E0));
#5331=CARTESIAN_POINT('',(-3.934973367848E-1,0.E0,1.018913448043E0));
#5332=CARTESIAN_POINT('',(-3.822671377020E-1,0.E0,1.018913448043E0));
#5333=CARTESIAN_POINT('',(-3.792703793467E-1,0.E0,1.018913448043E0));
#5335=CURVE_STYLE('',#4972,POSITIVE_LENGTH_MEASURE(2.E-2),#1);
#5336=PRESENTATION_STYLE_ASSIGNMENT((#5335));
#5337=STYLED_ITEM('',(#5336),#5334);
#5338=DIRECTION('',(0.E0,1.E0,0.E0));
#5339=VECTOR('',#5338,1.E0);
#5340=SURFACE_OF_LINEAR_EXTRUSION('',#5334,#5339);
#5341=ORIENTED_EDGE('',*,*,#4458,.F.);
#5343=ORIENTED_EDGE('',*,*,#5342,.T.);
#5344=ORIENTED_EDGE('',*,*,#4076,.T.);
#5346=ORIENTED_EDGE('',*,*,#5345,.F.);
#5347=EDGE_LOOP('',(#5341,#5343,#5344,#5346));
#5348=FACE_OUTER_BOUND('',#5347,.F.);
#5349=ADVANCED_FACE('',(#5348),#5340,.F.);
#5350=FILL_AREA_STYLE_COLOUR('',#1);
#5351=FILL_AREA_STYLE('',(#5350));
#5352=SURFACE_STYLE_FILL_AREA(#5351);
#5353=SURFACE_SIDE_STYLE('',(#5352));
#5354=SURFACE_STYLE_USAGE(.POSITIVE.,#5353);
#5355=PRESENTATION_STYLE_ASSIGNMENT((#5354));
#5356=STYLED_ITEM('',(#5355),#5349);
#5357=CARTESIAN_POINT('',(-4.073976442178E-1,0.E0,8.929899604164E-1));
#5358=CARTESIAN_POINT('',(-4.089114935946E-1,0.E0,8.929052425119E-1));
#5359=CARTESIAN_POINT('',(-4.274423412360E-1,0.E0,8.923883860684E-1));
#5360=CARTESIAN_POINT('',(-4.670836016356E-1,0.E0,9.032646050531E-1));
#5361=CARTESIAN_POINT('',(-4.836958799206E-1,0.E0,9.570203047049E-1));
#5362=CARTESIAN_POINT('',(-4.665024340783E-1,0.E0,1.010193074698E0));
#5363=CARTESIAN_POINT('',(-4.278014129043E-1,0.E0,1.019314727092E0));
#5364=CARTESIAN_POINT('',(-4.099391040838E-1,0.E0,1.018876593555E0));
#5365=CARTESIAN_POINT('',(-4.084599323295E-1,0.E0,1.018804645166E0));
#5367=CURVE_STYLE('',#4972,POSITIVE_LENGTH_MEASURE(2.E-2),#1);
#5368=PRESENTATION_STYLE_ASSIGNMENT((#5367));
#5369=STYLED_ITEM('',(#5368),#5366);
#5370=DIRECTION('',(0.E0,1.E0,0.E0));
#5371=VECTOR('',#5370,1.E0);
#5372=SURFACE_OF_LINEAR_EXTRUSION('',#5366,#5371);
#5373=ORIENTED_EDGE('',*,*,#4464,.F.);
#5375=ORIENTED_EDGE('',*,*,#5374,.T.);
#5376=ORIENTED_EDGE('',*,*,#4078,.T.);
#5377=ORIENTED_EDGE('',*,*,#5342,.F.);
#5378=EDGE_LOOP('',(#5373,#5375,#5376,#5377));
#5379=FACE_OUTER_BOUND('',#5378,.F.);
#5380=ADVANCED_FACE('',(#5379),#5372,.F.);
#5381=FILL_AREA_STYLE_COLOUR('',#1);
#5382=FILL_AREA_STYLE('',(#5381));
#5383=SURFACE_STYLE_FILL_AREA(#5382);
#5384=SURFACE_SIDE_STYLE('',(#5383));
#5385=SURFACE_STYLE_USAGE(.POSITIVE.,#5384);
#5386=PRESENTATION_STYLE_ASSIGNMENT((#5385));
#5387=STYLED_ITEM('',(#5386),#5380);
#5388=CARTESIAN_POINT('',(-3.792703793478E-1,0.E0,8.928623960853E-1));
#5389=CARTESIAN_POINT('',(-3.822671377031E-1,0.E0,8.928623960853E-1));
#5390=CARTESIAN_POINT('',(-3.931769152351E-1,0.E0,8.928623960853E-1));
#5391=CARTESIAN_POINT('',(-4.070834511222E-1,0.E0,8.928623960853E-1));
#5392=CARTESIAN_POINT('',(-4.179932286539E-1,0.E0,8.928623960853E-1));
#5393=CARTESIAN_POINT('',(-4.209899870090E-1,0.E0,8.928623960853E-1));
#5395=CURVE_STYLE('',#4972,POSITIVE_LENGTH_MEASURE(2.E-2),#1);
#5396=PRESENTATION_STYLE_ASSIGNMENT((#5395));
#5397=STYLED_ITEM('',(#5396),#5394);
#5398=DIRECTION('',(0.E0,1.E0,0.E0));
#5399=VECTOR('',#5398,1.E0);
#5400=SURFACE_OF_LINEAR_EXTRUSION('',#5394,#5399);
#5401=ORIENTED_EDGE('',*,*,#4462,.F.);
#5403=ORIENTED_EDGE('',*,*,#5402,.T.);
#5404=ORIENTED_EDGE('',*,*,#4080,.T.);
#5405=ORIENTED_EDGE('',*,*,#5374,.F.);
#5406=EDGE_LOOP('',(#5401,#5403,#5404,#5405));
#5407=FACE_OUTER_BOUND('',#5406,.F.);
#5408=ADVANCED_FACE('',(#5407),#5400,.F.);
#5409=FILL_AREA_STYLE_COLOUR('',#1);
#5410=FILL_AREA_STYLE('',(#5409));
#5411=SURFACE_STYLE_FILL_AREA(#5410);
#5412=SURFACE_SIDE_STYLE('',(#5411));
#5413=SURFACE_STYLE_USAGE(.POSITIVE.,#5412);
#5414=PRESENTATION_STYLE_ASSIGNMENT((#5413));
#5415=STYLED_ITEM('',(#5414),#5408);
#5416=CARTESIAN_POINT('',(-3.882606544125E-1,0.E0,1.027903723109E0));
#5417=CARTESIAN_POINT('',(-3.882606544125E-1,0.E0,1.024906964754E0));
#5418=CARTESIAN_POINT('',(-3.882606544129E-1,0.E0,9.798931890791E-1));
#5419=CARTESIAN_POINT('',(-3.882606544133E-1,0.E0,9.318826550492E-1));
#5420=CARTESIAN_POINT('',(-3.882606544137E-1,0.E0,8.868688793747E-1));
#5421=CARTESIAN_POINT('',(-3.882606544137E-1,0.E0,8.838721210194E-1));
#5423=CURVE_STYLE('',#4972,POSITIVE_LENGTH_MEASURE(2.E-2),#1);
#5424=PRESENTATION_STYLE_ASSIGNMENT((#5423));
#5425=STYLED_ITEM('',(#5424),#5422);
#5426=DIRECTION('',(0.E0,1.E0,0.E0));
#5427=VECTOR('',#5426,1.E0);
#5428=SURFACE_OF_LINEAR_EXTRUSION('',#5422,#5427);
#5429=ORIENTED_EDGE('',*,*,#4460,.F.);
#5430=ORIENTED_EDGE('',*,*,#5345,.T.);
#5431=ORIENTED_EDGE('',*,*,#4082,.T.);
#5432=ORIENTED_EDGE('',*,*,#5402,.F.);
#5433=EDGE_LOOP('',(#5429,#5430,#5431,#5432));
#5434=FACE_OUTER_BOUND('',#5433,.F.);
#5435=ADVANCED_FACE('',(#5434),#5428,.F.);
#5436=FILL_AREA_STYLE_COLOUR('',#1);
#5437=FILL_AREA_STYLE('',(#5436));
#5438=SURFACE_STYLE_FILL_AREA(#5437);
#5439=SURFACE_SIDE_STYLE('',(#5438));
#5440=SURFACE_STYLE_USAGE(.POSITIVE.,#5439);
#5441=PRESENTATION_STYLE_ASSIGNMENT((#5440));
#5442=STYLED_ITEM('',(#5441),#5435);
#5443=CARTESIAN_POINT('',(-4.130245036523E-1,0.E0,8.742222206294E-1));
#5444=CARTESIAN_POINT('',(-4.127247005316E-1,0.E0,8.742222206294E-1));
#5445=CARTESIAN_POINT('',(-3.974347413645E-1,0.E0,8.742222206294E-1));
#5446=CARTESIAN_POINT('',(-3.818449790765E-1,0.E0,8.742222206294E-1));
#5447=CARTESIAN_POINT('',(-3.665550199092E-1,0.E0,8.742222206294E-1));
#5448=CARTESIAN_POINT('',(-3.662552167883E-1,0.E0,8.742222206294E-1));
#5450=CURVE_STYLE('',#4972,POSITIVE_LENGTH_MEASURE(2.E-2),#1);
#5451=PRESENTATION_STYLE_ASSIGNMENT((#5450));
#5452=STYLED_ITEM('',(#5451),#5449);
#5453=DIRECTION('',(0.E0,1.E0,0.E0));
#5454=VECTOR('',#5453,1.E0);
#5455=SURFACE_OF_LINEAR_EXTRUSION('',#5449,#5454);
#5456=ORIENTED_EDGE('',*,*,#4448,.F.);
#5458=ORIENTED_EDGE('',*,*,#5457,.T.);
#5459=ORIENTED_EDGE('',*,*,#3848,.T.);
#5461=ORIENTED_EDGE('',*,*,#5460,.F.);
#5462=EDGE_LOOP('',(#5456,#5458,#5459,#5461));
#5463=FACE_OUTER_BOUND('',#5462,.F.);
#5464=ADVANCED_FACE('',(#5463),#5455,.F.);
#5465=FILL_AREA_STYLE_COLOUR('',#1);
#5466=FILL_AREA_STYLE('',(#5465));
#5467=SURFACE_STYLE_FILL_AREA(#5466);
#5468=SURFACE_SIDE_STYLE('',(#5467));
#5469=SURFACE_STYLE_USAGE(.POSITIVE.,#5468);
#5470=PRESENTATION_STYLE_ASSIGNMENT((#5469));
#5471=STYLED_ITEM('',(#5470),#5464);
#5472=CARTESIAN_POINT('',(-4.091911891517E-1,0.E0,1.037619272648E0));
#5473=CARTESIAN_POINT('',(-4.107146622279E-1,0.E0,1.037686802825E0));
#5474=CARTESIAN_POINT('',(-4.339481031101E-1,0.E0,1.038200929689E0));
#5475=CARTESIAN_POINT('',(-4.822012205357E-1,0.E0,1.024414227793E0));
#5476=CARTESIAN_POINT('',(-5.090382687728E-1,0.E0,9.572244024437E-1));
#5477=CARTESIAN_POINT('',(-4.827466671729E-1,0.E0,8.887220534052E-1));
#5478=CARTESIAN_POINT('',(-4.329663584405E-1,0.E0,8.737234288206E-1));
#5479=CARTESIAN_POINT('',(-4.090784685576E-1,0.E0,8.742560913384E-1));
#5480=CARTESIAN_POINT('',(-4.075711989285E-1,0.E0,8.743235612689E-1));
#5482=CURVE_STYLE('',#4972,POSITIVE_LENGTH_MEASURE(2.E-2),#1);
#5483=PRESENTATION_STYLE_ASSIGNMENT((#5482));
#5484=STYLED_ITEM('',(#5483),#5481);
#5485=DIRECTION('',(0.E0,1.E0,0.E0));
#5486=VECTOR('',#5485,1.E0);
#5487=SURFACE_OF_LINEAR_EXTRUSION('',#5481,#5486);
#5488=ORIENTED_EDGE('',*,*,#4454,.F.);
#5490=ORIENTED_EDGE('',*,*,#5489,.T.);
#5491=ORIENTED_EDGE('',*,*,#3850,.T.);
#5492=ORIENTED_EDGE('',*,*,#5457,.F.);
#5493=EDGE_LOOP('',(#5488,#5490,#5491,#5492));
#5494=FACE_OUTER_BOUND('',#5493,.F.);
#5495=ADVANCED_FACE('',(#5494),#5487,.F.);
#5496=FILL_AREA_STYLE_COLOUR('',#1);
#5497=FILL_AREA_STYLE('',(#5496));
#5498=SURFACE_STYLE_FILL_AREA(#5497);
#5499=SURFACE_SIDE_STYLE('',(#5498));
#5500=SURFACE_STYLE_USAGE(.POSITIVE.,#5499);
#5501=PRESENTATION_STYLE_ASSIGNMENT((#5500));
#5502=STYLED_ITEM('',(#5501),#5495);
#5503=CARTESIAN_POINT('',(-3.662217814949E-1,0.E0,1.037720799959E0));
#5504=CARTESIAN_POINT('',(-3.665327297132E-1,0.E0,1.037720799959E0));
#5505=CARTESIAN_POINT('',(-3.823910888497E-1,0.E0,1.037720799959E0));
#5506=CARTESIAN_POINT('',(-3.985603962047E-1,0.E0,1.037720799959E0));
#5507=CARTESIAN_POINT('',(-4.144187553414E-1,0.E0,1.037720799959E0));
#5508=CARTESIAN_POINT('',(-4.147297035600E-1,0.E0,1.037720799959E0));
#5510=CURVE_STYLE('',#4972,POSITIVE_LENGTH_MEASURE(2.E-2),#1);
#5511=PRESENTATION_STYLE_ASSIGNMENT((#5510));
#5512=STYLED_ITEM('',(#5511),#5509);
#5513=DIRECTION('',(0.E0,1.E0,0.E0));
#5514=VECTOR('',#5513,1.E0);
#5515=SURFACE_OF_LINEAR_EXTRUSION('',#5509,#5514);
#5516=ORIENTED_EDGE('',*,*,#4452,.F.);
#5518=ORIENTED_EDGE('',*,*,#5517,.T.);
#5519=ORIENTED_EDGE('',*,*,#3852,.T.);
#5520=ORIENTED_EDGE('',*,*,#5489,.F.);
#5521=EDGE_LOOP('',(#5516,#5518,#5519,#5520));
#5522=FACE_OUTER_BOUND('',#5521,.F.);
#5523=ADVANCED_FACE('',(#5522),#5515,.F.);
#5524=FILL_AREA_STYLE_COLOUR('',#1);
#5525=FILL_AREA_STYLE('',(#5524));
#5526=SURFACE_STYLE_FILL_AREA(#5525);
#5527=SURFACE_SIDE_STYLE('',(#5526));
#5528=SURFACE_STYLE_USAGE(.POSITIVE.,#5527);
#5529=PRESENTATION_STYLE_ASSIGNMENT((#5528));
#5530=STYLED_ITEM('',(#5529),#5523);
#5531=CARTESIAN_POINT('',(-3.671546261511E-1,0.E0,8.652319455635E-1));
#5532=CARTESIAN_POINT('',(-3.671546261511E-1,0.E0,8.682287039188E-1));
#5533=CARTESIAN_POINT('',(-3.671546261507E-1,0.E0,9.257249887174E-1));
#5534=CARTESIAN_POINT('',(-3.671546261503E-1,0.E0,9.862180318712E-1));
#5535=CARTESIAN_POINT('',(-3.671546261499E-1,0.E0,1.043714316670E0));
#5536=CARTESIAN_POINT('',(-3.671546261499E-1,0.E0,1.046711075025E0));
#5538=CURVE_STYLE('',#4972,POSITIVE_LENGTH_MEASURE(2.E-2),#1);
#5539=PRESENTATION_STYLE_ASSIGNMENT((#5538));
#5540=STYLED_ITEM('',(#5539),#5537);
#5541=DIRECTION('',(0.E0,1.E0,0.E0));
#5542=VECTOR('',#5541,1.E0);
#5543=SURFACE_OF_LINEAR_EXTRUSION('',#5537,#5542);
#5544=ORIENTED_EDGE('',*,*,#4450,.F.);
#5545=ORIENTED_EDGE('',*,*,#5460,.T.);
#5546=ORIENTED_EDGE('',*,*,#3854,.T.);
#5547=ORIENTED_EDGE('',*,*,#5517,.F.);
#5548=EDGE_LOOP('',(#5544,#5545,#5546,#5547));
#5549=FACE_OUTER_BOUND('',#5548,.F.);
#5550=ADVANCED_FACE('',(#5549),#5543,.F.);
#5551=FILL_AREA_STYLE_COLOUR('',#1);
#5552=FILL_AREA_STYLE('',(#5551));
#5553=SURFACE_STYLE_FILL_AREA(#5552);
#5554=SURFACE_SIDE_STYLE('',(#5553));
#5555=SURFACE_STYLE_USAGE(.POSITIVE.,#5554);
#5556=PRESENTATION_STYLE_ASSIGNMENT((#5555));
#5557=STYLED_ITEM('',(#5556),#5550);
#5558=CARTESIAN_POINT('',(-5.869529244486E-1,0.E0,1.001208277855E0));
#5559=CARTESIAN_POINT('',(-5.863009250601E-1,0.E0,1.002566118451E0));
#5560=CARTESIAN_POINT('',(-5.842499010213E-1,0.E0,1.007600278633E0));
#5561=CARTESIAN_POINT('',(-5.827835110667E-1,0.E0,1.014424241362E0));
#5562=CARTESIAN_POINT('',(-5.819709935146E-1,0.E0,1.019774756628E0));
#5563=CARTESIAN_POINT('',(-5.817561382666E-1,0.E0,1.021241809027E0));
#5565=CURVE_STYLE('',#4972,POSITIVE_LENGTH_MEASURE(2.E-2),#1);
#5566=PRESENTATION_STYLE_ASSIGNMENT((#5565));
#5567=STYLED_ITEM('',(#5566),#5564);
#5568=DIRECTION('',(0.E0,1.E0,0.E0));
#5569=VECTOR('',#5568,1.E0);
#5570=SURFACE_OF_LINEAR_EXTRUSION('',#5564,#5569);
#5571=ORIENTED_EDGE('',*,*,#4499,.F.);
#5573=ORIENTED_EDGE('',*,*,#5572,.T.);
#5574=ORIENTED_EDGE('',*,*,#4099,.T.);
#5576=ORIENTED_EDGE('',*,*,#5575,.F.);
#5577=EDGE_LOOP('',(#5571,#5573,#5574,#5576));
#5578=FACE_OUTER_BOUND('',#5577,.F.);
#5579=ADVANCED_FACE('',(#5578),#5570,.F.);
#5580=FILL_AREA_STYLE_COLOUR('',#1);
#5581=FILL_AREA_STYLE('',(#5580));
#5582=SURFACE_STYLE_FILL_AREA(#5581);
#5583=SURFACE_SIDE_STYLE('',(#5582));
#5584=SURFACE_STYLE_USAGE(.POSITIVE.,#5583);
#5585=PRESENTATION_STYLE_ASSIGNMENT((#5584));
#5586=STYLED_ITEM('',(#5585),#5579);
#5587=CARTESIAN_POINT('',(-6.130077547399E-1,0.E0,9.289654666140E-1));
#5588=CARTESIAN_POINT('',(-6.119840506061E-1,0.E0,9.317819520989E-1));
#5589=CARTESIAN_POINT('',(-6.027269057444E-1,0.E0,9.572508481149E-1));
#5590=CARTESIAN_POINT('',(-5.924460567489E-1,0.E0,9.855362296157E-1));
#5591=CARTESIAN_POINT('',(-5.831889118871E-1,0.E0,1.011005125632E0));
#5592=CARTESIAN_POINT('',(-5.821652077534E-1,0.E0,1.013821611117E0));
#5594=CURVE_STYLE('',#4972,POSITIVE_LENGTH_MEASURE(2.E-2),#1);
#5595=PRESENTATION_STYLE_ASSIGNMENT((#5594));
#5596=STYLED_ITEM('',(#5595),#5593);
#5597=DIRECTION('',(0.E0,1.E0,0.E0));
#5598=VECTOR('',#5597,1.E0);
#5599=SURFACE_OF_LINEAR_EXTRUSION('',#5593,#5598);
#5600=ORIENTED_EDGE('',*,*,#4507,.F.);
#5602=ORIENTED_EDGE('',*,*,#5601,.T.);
#5603=ORIENTED_EDGE('',*,*,#4101,.T.);
#5604=ORIENTED_EDGE('',*,*,#5572,.F.);
#5605=EDGE_LOOP('',(#5600,#5602,#5603,#5604));
#5606=FACE_OUTER_BOUND('',#5605,.F.);
#5607=ADVANCED_FACE('',(#5606),#5599,.F.);
#5608=FILL_AREA_STYLE_COLOUR('',#1);
#5609=FILL_AREA_STYLE('',(#5608));
#5610=SURFACE_STYLE_FILL_AREA(#5609);
#5611=SURFACE_SIDE_STYLE('',(#5610));
#5612=SURFACE_STYLE_USAGE(.POSITIVE.,#5611);
#5613=PRESENTATION_STYLE_ASSIGNMENT((#5612));
#5614=STYLED_ITEM('',(#5613),#5607);
#5615=CARTESIAN_POINT('',(-5.460706937910E-1,0.E0,9.374149230686E-1));
#5616=CARTESIAN_POINT('',(-5.490674521463E-1,0.E0,9.374149230686E-1));
#5617=CARTESIAN_POINT('',(-5.703561016622E-1,0.E0,9.374149230686E-1));
#5618=CARTESIAN_POINT('',(-5.946415095333E-1,0.E0,9.374149230686E-1));
#5619=CARTESIAN_POINT('',(-6.159301590491E-1,0.E0,9.374149230686E-1));
#5620=CARTESIAN_POINT('',(-6.189269174044E-1,0.E0,9.374149230686E-1));
#5622=CURVE_STYLE('',#4972,POSITIVE_LENGTH_MEASURE(2.E-2),#1);
#5623=PRESENTATION_STYLE_ASSIGNMENT((#5622));
#5624=STYLED_ITEM('',(#5623),#5621);
#5625=DIRECTION('',(0.E0,1.E0,0.E0));
#5626=VECTOR('',#5625,1.E0);
#5627=SURFACE_OF_LINEAR_EXTRUSION('',#5621,#5626);
#5628=ORIENTED_EDGE('',*,*,#4505,.F.);
#5630=ORIENTED_EDGE('',*,*,#5629,.T.);
#5631=ORIENTED_EDGE('',*,*,#4103,.T.);
#5632=ORIENTED_EDGE('',*,*,#5601,.F.);
#5633=EDGE_LOOP('',(#5628,#5630,#5631,#5632));
#5634=FACE_OUTER_BOUND('',#5633,.F.);
#5635=ADVANCED_FACE('',(#5634),#5627,.F.);
#5636=FILL_AREA_STYLE_COLOUR('',#1);
#5637=FILL_AREA_STYLE('',(#5636));
#5638=SURFACE_STYLE_FILL_AREA(#5637);
#5639=SURFACE_SIDE_STYLE('',(#5638));
#5640=SURFACE_STYLE_USAGE(.POSITIVE.,#5639);
#5641=PRESENTATION_STYLE_ASSIGNMENT((#5640));
#5642=STYLED_ITEM('',(#5641),#5635);
#5643=CARTESIAN_POINT('',(-5.825540494264E-1,0.E0,1.013831588037E0));
#5644=CARTESIAN_POINT('',(-5.815395417338E-1,0.E0,1.011011776912E0));
#5645=CARTESIAN_POINT('',(-5.723751815440E-1,0.E0,9.855395552560E-1));
#5646=CARTESIAN_POINT('',(-5.621963136615E-1,0.E0,9.572475224746E-1));
#5647=CARTESIAN_POINT('',(-5.530319534717E-1,0.E0,9.317753008183E-1));
#5648=CARTESIAN_POINT('',(-5.520174457791E-1,0.E0,9.289554896931E-1));
#5650=CURVE_STYLE('',#4972,POSITIVE_LENGTH_MEASURE(2.E-2),#1);
#5651=PRESENTATION_STYLE_ASSIGNMENT((#5650));
#5652=STYLED_ITEM('',(#5651),#5649);
#5653=DIRECTION('',(0.E0,1.E0,0.E0));
#5654=VECTOR('',#5653,1.E0);
#5655=SURFACE_OF_LINEAR_EXTRUSION('',#5649,#5654);
#5656=ORIENTED_EDGE('',*,*,#4503,.F.);
#5658=ORIENTED_EDGE('',*,*,#5657,.T.);
#5659=ORIENTED_EDGE('',*,*,#4105,.T.);
#5660=ORIENTED_EDGE('',*,*,#5629,.F.);
#5661=EDGE_LOOP('',(#5656,#5658,#5659,#5660));
#5662=FACE_OUTER_BOUND('',#5661,.F.);
#5663=ADVANCED_FACE('',(#5662),#5655,.F.);
#5664=FILL_AREA_STYLE_COLOUR('',#1);
#5665=FILL_AREA_STYLE('',(#5664));
#5666=SURFACE_STYLE_FILL_AREA(#5665);
#5667=SURFACE_SIDE_STYLE('',(#5666));
#5668=SURFACE_STYLE_USAGE(.POSITIVE.,#5667);
#5669=PRESENTATION_STYLE_ASSIGNMENT((#5668));
#5670=STYLED_ITEM('',(#5669),#5663);
#5671=CARTESIAN_POINT('',(-5.830412114149E-1,0.E0,1.021280632517E0));
#5672=CARTESIAN_POINT('',(-5.828798320387E-1,0.E0,1.019798315266E0));
#5673=CARTESIAN_POINT('',(-5.821713331874E-1,0.E0,1.014412063396E0));
#5674=CARTESIAN_POINT('',(-5.805424287430E-1,0.E0,1.007588458182E0));
#5675=CARTESIAN_POINT('',(-5.783909475721E-1,0.E0,1.002590369320E0));
#5676=CARTESIAN_POINT('',(-5.777224600062E-1,0.E0,1.001247991893E0));
#5678=CURVE_STYLE('',#4972,POSITIVE_LENGTH_MEASURE(2.E-2),#1);
#5679=PRESENTATION_STYLE_ASSIGNMENT((#5678));
#5680=STYLED_ITEM('',(#5679),#5677);
#5681=DIRECTION('',(0.E0,1.E0,0.E0));
#5682=VECTOR('',#5681,1.E0);
#5683=SURFACE_OF_LINEAR_EXTRUSION('',#5677,#5682);
#5684=ORIENTED_EDGE('',*,*,#4501,.F.);
#5685=ORIENTED_EDGE('',*,*,#5575,.T.);
#5686=ORIENTED_EDGE('',*,*,#4107,.T.);
#5687=ORIENTED_EDGE('',*,*,#5657,.F.);
#5688=EDGE_LOOP('',(#5684,#5685,#5686,#5687));
#5689=FACE_OUTER_BOUND('',#5688,.F.);
#5690=ADVANCED_FACE('',(#5689),#5683,.F.);
#5691=FILL_AREA_STYLE_COLOUR('',#1);
#5692=FILL_AREA_STYLE('',(#5691));
#5693=SURFACE_STYLE_FILL_AREA(#5692);
#5694=SURFACE_SIDE_STYLE('',(#5693));
#5695=SURFACE_STYLE_USAGE(.POSITIVE.,#5694);
#5696=PRESENTATION_STYLE_ASSIGNMENT((#5695));
#5697=STYLED_ITEM('',(#5696),#5690);
#5698=CARTESIAN_POINT('',(-6.564534927475E-1,0.E0,8.742222206294E-1));
#5699=DIRECTION('',(-9.345104387413E-1,0.E0,3.559357243710E-1));
#5700=DIRECTION('',(3.559357243710E-1,0.E0,9.345104387413E-1));
#5701=AXIS2_PLACEMENT_3D('',#5698,#5699,#5700);
#5702=PLANE('',#5701);
#5703=ORIENTED_EDGE('',*,*,#4481,.F.);
#5705=ORIENTED_EDGE('',*,*,#5704,.T.);
#5706=ORIENTED_EDGE('',*,*,#3858,.T.);
#5708=ORIENTED_EDGE('',*,*,#5707,.F.);
#5709=EDGE_LOOP('',(#5703,#5705,#5706,#5708));
#5710=FACE_OUTER_BOUND('',#5709,.F.);
#5711=ADVANCED_FACE('',(#5710),#5702,.T.);
#5712=FILL_AREA_STYLE_COLOUR('',#1);
#5713=FILL_AREA_STYLE('',(#5712));
#5714=SURFACE_STYLE_FILL_AREA(#5713);
#5715=SURFACE_SIDE_STYLE('',(#5714));
#5716=SURFACE_STYLE_USAGE(.POSITIVE.,#5715);
#5717=PRESENTATION_STYLE_ASSIGNMENT((#5716));
#5718=STYLED_ITEM('',(#5717),#5711);
#5719=CARTESIAN_POINT('',(-5.941802608447E-1,0.E0,1.037720799959E0));
#5720=DIRECTION('',(0.E0,0.E0,1.E0));
#5721=DIRECTION('',(1.E0,0.E0,0.E0));
#5722=AXIS2_PLACEMENT_3D('',#5719,#5720,#5721);
#5723=PLANE('',#5722);
#5724=ORIENTED_EDGE('',*,*,#4495,.F.);
#5726=ORIENTED_EDGE('',*,*,#5725,.T.);
#5727=ORIENTED_EDGE('',*,*,#3860,.T.);
#5728=ORIENTED_EDGE('',*,*,#5704,.F.);
#5729=EDGE_LOOP('',(#5724,#5726,#5727,#5728));
#5730=FACE_OUTER_BOUND('',#5729,.F.);
#5731=ADVANCED_FACE('',(#5730),#5723,.T.);
#5732=FILL_AREA_STYLE_COLOUR('',#1);
#5733=FILL_AREA_STYLE('',(#5732));
#5734=SURFACE_STYLE_FILL_AREA(#5733);
#5735=SURFACE_SIDE_STYLE('',(#5734));
#5736=SURFACE_STYLE_USAGE(.POSITIVE.,#5735);
#5737=PRESENTATION_STYLE_ASSIGNMENT((#5736));
#5738=STYLED_ITEM('',(#5737),#5731);
#5739=CARTESIAN_POINT('',(-5.716114385446E-1,0.E0,1.037720799959E0));
#5740=DIRECTION('',(9.345104387424E-1,0.E0,3.559357243682E-1));
#5741=DIRECTION('',(3.559357243682E-1,0.E0,-9.345104387424E-1));
#5742=AXIS2_PLACEMENT_3D('',#5739,#5740,#5741);
#5743=PLANE('',#5742);
#5744=ORIENTED_EDGE('',*,*,#4493,.F.);
#5746=ORIENTED_EDGE('',*,*,#5745,.T.);
#5747=ORIENTED_EDGE('',*,*,#3862,.T.);
#5748=ORIENTED_EDGE('',*,*,#5725,.F.);
#5749=EDGE_LOOP('',(#5744,#5746,#5747,#5748));
#5750=FACE_OUTER_BOUND('',#5749,.F.);
#5751=ADVANCED_FACE('',(#5750),#5743,.T.);
#5752=FILL_AREA_STYLE_COLOUR('',#1);
#5753=FILL_AREA_STYLE('',(#5752));
#5754=SURFACE_STYLE_FILL_AREA(#5753);
#5755=SURFACE_SIDE_STYLE('',(#5754));
#5756=SURFACE_STYLE_USAGE(.POSITIVE.,#5755);
#5757=PRESENTATION_STYLE_ASSIGNMENT((#5756));
#5758=STYLED_ITEM('',(#5757),#5751);
#5759=CARTESIAN_POINT('',(-5.093382066423E-1,0.E0,8.742222206294E-1));
#5760=DIRECTION('',(0.E0,0.E0,-1.E0));
#5761=DIRECTION('',(-1.E0,0.E0,0.E0));
#5762=AXIS2_PLACEMENT_3D('',#5759,#5760,#5761);
#5763=PLANE('',#5762);
#5764=ORIENTED_EDGE('',*,*,#4491,.T.);
#5766=ORIENTED_EDGE('',*,*,#5765,.T.);
#5767=ORIENTED_EDGE('',*,*,#3864,.F.);
#5768=ORIENTED_EDGE('',*,*,#5745,.F.);
#5769=EDGE_LOOP('',(#5764,#5766,#5767,#5768));
#5770=FACE_OUTER_BOUND('',#5769,.F.);
#5771=ADVANCED_FACE('',(#5770),#5763,.T.);
#5772=FILL_AREA_STYLE_COLOUR('',#1);
#5773=FILL_AREA_STYLE('',(#5772));
#5774=SURFACE_STYLE_FILL_AREA(#5773);
#5775=SURFACE_SIDE_STYLE('',(#5774));
#5776=SURFACE_STYLE_USAGE(.POSITIVE.,#5775);
#5777=PRESENTATION_STYLE_ASSIGNMENT((#5776));
#5778=STYLED_ITEM('',(#5777),#5771);
#5779=CARTESIAN_POINT('',(-5.326593230183E-1,0.E0,8.742222206294E-1));
#5780=DIRECTION('',(-9.434452330623E-1,0.E0,-3.315284184079E-1));
#5781=DIRECTION('',(-3.315284184079E-1,0.E0,9.434452330623E-1));
#5782=AXIS2_PLACEMENT_3D('',#5779,#5780,#5781);
#5783=PLANE('',#5782);
#5784=ORIENTED_EDGE('',*,*,#4489,.T.);
#5786=ORIENTED_EDGE('',*,*,#5785,.T.);
#5787=ORIENTED_EDGE('',*,*,#3866,.F.);
#5788=ORIENTED_EDGE('',*,*,#5765,.F.);
#5789=EDGE_LOOP('',(#5784,#5786,#5787,#5788));
#5790=FACE_OUTER_BOUND('',#5789,.F.);
#5791=ADVANCED_FACE('',(#5790),#5783,.T.);
#5792=FILL_AREA_STYLE_COLOUR('',#1);
#5793=FILL_AREA_STYLE('',(#5792));
#5794=SURFACE_STYLE_FILL_AREA(#5793);
#5795=SURFACE_SIDE_STYLE('',(#5794));
#5796=SURFACE_STYLE_USAGE(.POSITIVE.,#5795);
#5797=PRESENTATION_STYLE_ASSIGNMENT((#5796));
#5798=STYLED_ITEM('',(#5797),#5791);
#5799=CARTESIAN_POINT('',(-5.483739104003E-1,0.E0,9.189419240753E-1));
#5800=DIRECTION('',(0.E0,0.E0,-1.E0));
#5801=DIRECTION('',(-1.E0,0.E0,0.E0));
#5802=AXIS2_PLACEMENT_3D('',#5799,#5800,#5801);
#5803=PLANE('',#5802);
#5804=ORIENTED_EDGE('',*,*,#4487,.T.);
#5806=ORIENTED_EDGE('',*,*,#5805,.T.);
#5807=ORIENTED_EDGE('',*,*,#3868,.F.);
#5808=ORIENTED_EDGE('',*,*,#5785,.F.);
#5809=EDGE_LOOP('',(#5804,#5806,#5807,#5808));
#5810=FACE_OUTER_BOUND('',#5809,.F.);
#5811=ADVANCED_FACE('',(#5810),#5803,.T.);
#5812=FILL_AREA_STYLE_COLOUR('',#1);
#5813=FILL_AREA_STYLE('',(#5812));
#5814=SURFACE_STYLE_FILL_AREA(#5813);
#5815=SURFACE_SIDE_STYLE('',(#5814));
#5816=SURFACE_STYLE_USAGE(.POSITIVE.,#5815);
#5817=PRESENTATION_STYLE_ASSIGNMENT((#5816));
#5818=STYLED_ITEM('',(#5817),#5811);
#5819=CARTESIAN_POINT('',(-6.164565243390E-1,0.E0,9.189419240753E-1));
#5820=DIRECTION('',(9.369753459537E-1,0.E0,-3.493954794714E-1));
#5821=DIRECTION('',(-3.493954794714E-1,0.E0,-9.369753459537E-1));
#5822=AXIS2_PLACEMENT_3D('',#5819,#5820,#5821);
#5823=PLANE('',#5822);
#5824=ORIENTED_EDGE('',*,*,#4485,.T.);
#5826=ORIENTED_EDGE('',*,*,#5825,.T.);
#5827=ORIENTED_EDGE('',*,*,#3870,.F.);
#5828=ORIENTED_EDGE('',*,*,#5805,.F.);
#5829=EDGE_LOOP('',(#5824,#5826,#5827,#5828));
#5830=FACE_OUTER_BOUND('',#5829,.F.);
#5831=ADVANCED_FACE('',(#5830),#5823,.T.);
#5832=FILL_AREA_STYLE_COLOUR('',#1);
#5833=FILL_AREA_STYLE('',(#5832));
#5834=SURFACE_STYLE_FILL_AREA(#5833);
#5835=SURFACE_SIDE_STYLE('',(#5834));
#5836=SURFACE_STYLE_USAGE(.POSITIVE.,#5835);
#5837=PRESENTATION_STYLE_ASSIGNMENT((#5836));
#5838=STYLED_ITEM('',(#5837),#5831);
#5839=CARTESIAN_POINT('',(-6.331323763715E-1,0.E0,8.742222206294E-1));
#5840=DIRECTION('',(0.E0,0.E0,-1.E0));
#5841=DIRECTION('',(-1.E0,0.E0,0.E0));
#5842=AXIS2_PLACEMENT_3D('',#5839,#5840,#5841);
#5843=PLANE('',#5842);
#5844=ORIENTED_EDGE('',*,*,#4483,.T.);
#5845=ORIENTED_EDGE('',*,*,#5707,.T.);
#5846=ORIENTED_EDGE('',*,*,#3872,.F.);
#5847=ORIENTED_EDGE('',*,*,#5825,.F.);
#5848=EDGE_LOOP('',(#5844,#5845,#5846,#5847));
#5849=FACE_OUTER_BOUND('',#5848,.F.);
#5850=ADVANCED_FACE('',(#5849),#5843,.T.);
#5851=FILL_AREA_STYLE_COLOUR('',#1);
#5852=FILL_AREA_STYLE('',(#5851));
#5853=SURFACE_STYLE_FILL_AREA(#5852);
#5854=SURFACE_SIDE_STYLE('',(#5853));
#5855=SURFACE_STYLE_USAGE(.POSITIVE.,#5854);
#5856=PRESENTATION_STYLE_ASSIGNMENT((#5855));
#5857=STYLED_ITEM('',(#5856),#5850);
#5858=CARTESIAN_POINT('',(-8.822070016691E-2,0.E0,6.148479406391E-1));
#5859=DIRECTION('',(-1.E0,0.E0,0.E0));
#5860=DIRECTION('',(0.E0,0.E0,1.E0));
#5861=AXIS2_PLACEMENT_3D('',#5858,#5859,#5860);
#5862=PLANE('',#5861);
#5863=ORIENTED_EDGE('',*,*,#4524,.T.);
#5865=ORIENTED_EDGE('',*,*,#5864,.T.);
#5866=ORIENTED_EDGE('',*,*,#3876,.F.);
#5868=ORIENTED_EDGE('',*,*,#5867,.F.);
#5869=EDGE_LOOP('',(#5863,#5865,#5866,#5868));
#5870=FACE_OUTER_BOUND('',#5869,.F.);
#5871=ADVANCED_FACE('',(#5870),#5862,.T.);
#5872=FILL_AREA_STYLE_COLOUR('',#1);
#5873=FILL_AREA_STYLE('',(#5872));
#5874=SURFACE_STYLE_FILL_AREA(#5873);
#5875=SURFACE_SIDE_STYLE('',(#5874));
#5876=SURFACE_STYLE_USAGE(.POSITIVE.,#5875);
#5877=PRESENTATION_STYLE_ASSIGNMENT((#5876));
#5878=STYLED_ITEM('',(#5877),#5871);
#5879=CARTESIAN_POINT('',(-8.822070016691E-2,0.E0,6.334881160950E-1));
#5880=DIRECTION('',(0.E0,0.E0,1.E0));
#5881=DIRECTION('',(1.E0,0.E0,0.E0));
#5882=AXIS2_PLACEMENT_3D('',#5879,#5880,#5881);
#5883=PLANE('',#5882);
#5884=ORIENTED_EDGE('',*,*,#4546,.F.);
#5886=ORIENTED_EDGE('',*,*,#5885,.T.);
#5887=ORIENTED_EDGE('',*,*,#3878,.T.);
#5888=ORIENTED_EDGE('',*,*,#5864,.F.);
#5889=EDGE_LOOP('',(#5884,#5886,#5887,#5888));
#5890=FACE_OUTER_BOUND('',#5889,.F.);
#5891=ADVANCED_FACE('',(#5890),#5883,.T.);
#5892=FILL_AREA_STYLE_COLOUR('',#1);
#5893=FILL_AREA_STYLE('',(#5892));
#5894=SURFACE_STYLE_FILL_AREA(#5893);
#5895=SURFACE_SIDE_STYLE('',(#5894));
#5896=SURFACE_STYLE_USAGE(.POSITIVE.,#5895);
#5897=PRESENTATION_STYLE_ASSIGNMENT((#5896));
#5898=STYLED_ITEM('',(#5897),#5891);
#5899=CARTESIAN_POINT('',(-2.139190968917E-2,0.E0,6.334881160950E-1));
#5900=DIRECTION('',(-1.E0,0.E0,0.E0));
#5901=DIRECTION('',(0.E0,0.E0,1.E0));
#5902=AXIS2_PLACEMENT_3D('',#5899,#5900,#5901);
#5903=PLANE('',#5902);
#5904=ORIENTED_EDGE('',*,*,#4544,.T.);
#5906=ORIENTED_EDGE('',*,*,#5905,.T.);
#5907=ORIENTED_EDGE('',*,*,#3880,.F.);
#5908=ORIENTED_EDGE('',*,*,#5885,.F.);
#5909=EDGE_LOOP('',(#5904,#5906,#5907,#5908));
#5910=FACE_OUTER_BOUND('',#5909,.F.);
#5911=ADVANCED_FACE('',(#5910),#5903,.T.);
#5912=FILL_AREA_STYLE_COLOUR('',#1);
#5913=FILL_AREA_STYLE('',(#5912));
#5914=SURFACE_STYLE_FILL_AREA(#5913);
#5915=SURFACE_SIDE_STYLE('',(#5914));
#5916=SURFACE_STYLE_USAGE(.POSITIVE.,#5915);
#5917=PRESENTATION_STYLE_ASSIGNMENT((#5916));
#5918=STYLED_ITEM('',(#5917),#5911);
#5919=CARTESIAN_POINT('',(-2.139190968917E-2,0.E0,6.884891719219E-1));
#5920=DIRECTION('',(0.E0,0.E0,-1.E0));
#5921=DIRECTION('',(-1.E0,0.E0,0.E0));
#5922=AXIS2_PLACEMENT_3D('',#5919,#5920,#5921);
#5923=PLANE('',#5922);
#5924=ORIENTED_EDGE('',*,*,#4542,.T.);
#5926=ORIENTED_EDGE('',*,*,#5925,.T.);
#5927=ORIENTED_EDGE('',*,*,#3882,.F.);
#5928=ORIENTED_EDGE('',*,*,#5905,.F.);
#5929=EDGE_LOOP('',(#5924,#5926,#5927,#5928));
#5930=FACE_OUTER_BOUND('',#5929,.F.);
#5931=ADVANCED_FACE('',(#5930),#5923,.T.);
#5932=FILL_AREA_STYLE_COLOUR('',#1);
#5933=FILL_AREA_STYLE('',(#5932));
#5934=SURFACE_STYLE_FILL_AREA(#5933);
#5935=SURFACE_SIDE_STYLE('',(#5934));
#5936=SURFACE_STYLE_USAGE(.POSITIVE.,#5935);
#5937=PRESENTATION_STYLE_ASSIGNMENT((#5936));
#5938=STYLED_ITEM('',(#5937),#5931);
#5939=CARTESIAN_POINT('',(-7.986187709204E-2,0.E0,6.884891719219E-1));
#5940=DIRECTION('',(-1.E0,0.E0,0.E0));
#5941=DIRECTION('',(0.E0,0.E0,1.E0));
#5942=AXIS2_PLACEMENT_3D('',#5939,#5940,#5941);
#5943=PLANE('',#5942);
#5944=ORIENTED_EDGE('',*,*,#4540,.T.);
#5946=ORIENTED_EDGE('',*,*,#5945,.T.);
#5947=ORIENTED_EDGE('',*,*,#3884,.F.);
#5948=ORIENTED_EDGE('',*,*,#5925,.F.);
#5949=EDGE_LOOP('',(#5944,#5946,#5947,#5948));
#5950=FACE_OUTER_BOUND('',#5949,.F.);
#5951=ADVANCED_FACE('',(#5950),#5943,.T.);
#5952=FILL_AREA_STYLE_COLOUR('',#1);
#5953=FILL_AREA_STYLE('',(#5952));
#5954=SURFACE_STYLE_FILL_AREA(#5953);
#5955=SURFACE_SIDE_STYLE('',(#5954));
#5956=SURFACE_STYLE_USAGE(.POSITIVE.,#5955);
#5957=PRESENTATION_STYLE_ASSIGNMENT((#5956));
#5958=STYLED_ITEM('',(#5957),#5951);
#5959=CARTESIAN_POINT('',(-7.986187709204E-2,0.E0,7.072129356080E-1));
#5960=DIRECTION('',(0.E0,0.E0,1.E0));
#5961=DIRECTION('',(1.E0,0.E0,0.E0));
#5962=AXIS2_PLACEMENT_3D('',#5959,#5960,#5961);
#5963=PLANE('',#5962);
#5964=ORIENTED_EDGE('',*,*,#4538,.F.);
#5966=ORIENTED_EDGE('',*,*,#5965,.T.);
#5967=ORIENTED_EDGE('',*,*,#3886,.T.);
#5968=ORIENTED_EDGE('',*,*,#5945,.F.);
#5969=EDGE_LOOP('',(#5964,#5966,#5967,#5968));
#5970=FACE_OUTER_BOUND('',#5969,.F.);
#5971=ADVANCED_FACE('',(#5970),#5963,.T.);
#5972=FILL_AREA_STYLE_COLOUR('',#1);
#5973=FILL_AREA_STYLE('',(#5972));
#5974=SURFACE_STYLE_FILL_AREA(#5973);
#5975=SURFACE_SIDE_STYLE('',(#5974));
#5976=SURFACE_STYLE_USAGE(.POSITIVE.,#5975);
#5977=PRESENTATION_STYLE_ASSIGNMENT((#5976));
#5978=STYLED_ITEM('',(#5977),#5971);
#5979=CARTESIAN_POINT('',(-2.139190968917E-2,0.E0,7.072129356080E-1));
#5980=DIRECTION('',(-1.E0,0.E0,0.E0));
#5981=DIRECTION('',(0.E0,0.E0,1.E0));
#5982=AXIS2_PLACEMENT_3D('',#5979,#5980,#5981);
#5983=PLANE('',#5982);
#5984=ORIENTED_EDGE('',*,*,#4536,.T.);
#5986=ORIENTED_EDGE('',*,*,#5985,.T.);
#5987=ORIENTED_EDGE('',*,*,#3888,.F.);
#5988=ORIENTED_EDGE('',*,*,#5965,.F.);
#5989=EDGE_LOOP('',(#5984,#5986,#5987,#5988));
#5990=FACE_OUTER_BOUND('',#5989,.F.);
#5991=ADVANCED_FACE('',(#5990),#5983,.T.);
#5992=FILL_AREA_STYLE_COLOUR('',#1);
#5993=FILL_AREA_STYLE('',(#5992));
#5994=SURFACE_STYLE_FILL_AREA(#5993);
#5995=SURFACE_SIDE_STYLE('',(#5994));
#5996=SURFACE_STYLE_USAGE(.POSITIVE.,#5995);
#5997=PRESENTATION_STYLE_ASSIGNMENT((#5996));
#5998=STYLED_ITEM('',(#5997),#5991);
#5999=CARTESIAN_POINT('',(-2.139190968917E-2,0.E0,7.595391680527E-1));
#6000=DIRECTION('',(0.E0,0.E0,-1.E0));
#6001=DIRECTION('',(-1.E0,0.E0,0.E0));
#6002=AXIS2_PLACEMENT_3D('',#5999,#6000,#6001);
#6003=PLANE('',#6002);
#6004=ORIENTED_EDGE('',*,*,#4534,.T.);
#6006=ORIENTED_EDGE('',*,*,#6005,.T.);
#6007=ORIENTED_EDGE('',*,*,#3890,.F.);
#6008=ORIENTED_EDGE('',*,*,#5985,.F.);
#6009=EDGE_LOOP('',(#6004,#6006,#6007,#6008));
#6010=FACE_OUTER_BOUND('',#6009,.F.);
#6011=ADVANCED_FACE('',(#6010),#6003,.T.);
#6012=FILL_AREA_STYLE_COLOUR('',#1);
#6013=FILL_AREA_STYLE('',(#6012));
#6014=SURFACE_STYLE_FILL_AREA(#6013);
#6015=SURFACE_SIDE_STYLE('',(#6014));
#6016=SURFACE_STYLE_USAGE(.POSITIVE.,#6015);
#6017=PRESENTATION_STYLE_ASSIGNMENT((#6016));
#6018=STYLED_ITEM('',(#6017),#6011);
#6019=CARTESIAN_POINT('',(-8.450102389819E-2,0.E0,7.595391680527E-1));
#6020=DIRECTION('',(-1.E0,0.E0,0.E0));
#6021=DIRECTION('',(0.E0,0.E0,1.E0));
#6022=AXIS2_PLACEMENT_3D('',#6019,#6020,#6021);
#6023=PLANE('',#6022);
#6024=ORIENTED_EDGE('',*,*,#4532,.T.);
#6026=ORIENTED_EDGE('',*,*,#6025,.T.);
#6027=ORIENTED_EDGE('',*,*,#3892,.F.);
#6028=ORIENTED_EDGE('',*,*,#6005,.F.);
#6029=EDGE_LOOP('',(#6024,#6026,#6027,#6028));
#6030=FACE_OUTER_BOUND('',#6029,.F.);
#6031=ADVANCED_FACE('',(#6030),#6023,.T.);
#6032=FILL_AREA_STYLE_COLOUR('',#1);
#6033=FILL_AREA_STYLE('',(#6032));
#6034=SURFACE_STYLE_FILL_AREA(#6033);
#6035=SURFACE_SIDE_STYLE('',(#6034));
#6036=SURFACE_STYLE_USAGE(.POSITIVE.,#6035);
#6037=PRESENTATION_STYLE_ASSIGNMENT((#6036));
#6038=STYLED_ITEM('',(#6037),#6031);
#6039=CARTESIAN_POINT('',(-8.450102389819E-2,0.E0,7.783465199689E-1));
#6040=DIRECTION('',(0.E0,0.E0,1.E0));
#6041=DIRECTION('',(1.E0,0.E0,0.E0));
#6042=AXIS2_PLACEMENT_3D('',#6039,#6040,#6041);
#6043=PLANE('',#6042);
#6044=ORIENTED_EDGE('',*,*,#4530,.F.);
#6046=ORIENTED_EDGE('',*,*,#6045,.T.);
#6047=ORIENTED_EDGE('',*,*,#3894,.T.);
#6048=ORIENTED_EDGE('',*,*,#6025,.F.);
#6049=EDGE_LOOP('',(#6044,#6046,#6047,#6048));
#6050=FACE_OUTER_BOUND('',#6049,.F.);
#6051=ADVANCED_FACE('',(#6050),#6043,.T.);
#6052=FILL_AREA_STYLE_COLOUR('',#1);
#6053=FILL_AREA_STYLE('',(#6052));
#6054=SURFACE_STYLE_FILL_AREA(#6053);
#6055=SURFACE_SIDE_STYLE('',(#6054));
#6056=SURFACE_STYLE_USAGE(.POSITIVE.,#6055);
#6057=PRESENTATION_STYLE_ASSIGNMENT((#6056));
#6058=STYLED_ITEM('',(#6057),#6051);
#6059=CARTESIAN_POINT('',(-2.858814271300E-4,0.E0,7.783465199689E-1));
#6060=DIRECTION('',(1.E0,0.E0,0.E0));
#6061=DIRECTION('',(0.E0,0.E0,-1.E0));
#6062=AXIS2_PLACEMENT_3D('',#6059,#6060,#6061);
#6063=PLANE('',#6062);
#6064=ORIENTED_EDGE('',*,*,#4528,.F.);
#6066=ORIENTED_EDGE('',*,*,#6065,.T.);
#6067=ORIENTED_EDGE('',*,*,#3896,.T.);
#6068=ORIENTED_EDGE('',*,*,#6045,.F.);
#6069=EDGE_LOOP('',(#6064,#6066,#6067,#6068));
#6070=FACE_OUTER_BOUND('',#6069,.F.);
#6071=ADVANCED_FACE('',(#6070),#6063,.T.);
#6072=FILL_AREA_STYLE_COLOUR('',#1);
#6073=FILL_AREA_STYLE('',(#6072));
#6074=SURFACE_STYLE_FILL_AREA(#6073);
#6075=SURFACE_SIDE_STYLE('',(#6074));
#6076=SURFACE_STYLE_USAGE(.POSITIVE.,#6075);
#6077=PRESENTATION_STYLE_ASSIGNMENT((#6076));
#6078=STYLED_ITEM('',(#6077),#6071);
#6079=CARTESIAN_POINT('',(-2.858814271300E-4,0.E0,6.148479406391E-1));
#6080=DIRECTION('',(0.E0,0.E0,-1.E0));
#6081=DIRECTION('',(-1.E0,0.E0,0.E0));
#6082=AXIS2_PLACEMENT_3D('',#6079,#6080,#6081);
#6083=PLANE('',#6082);
#6084=ORIENTED_EDGE('',*,*,#4526,.T.);
#6085=ORIENTED_EDGE('',*,*,#5867,.T.);
#6086=ORIENTED_EDGE('',*,*,#3898,.F.);
#6087=ORIENTED_EDGE('',*,*,#6065,.F.);
#6088=EDGE_LOOP('',(#6084,#6085,#6086,#6087));
#6089=FACE_OUTER_BOUND('',#6088,.F.);
#6090=ADVANCED_FACE('',(#6089),#6083,.T.);
#6091=FILL_AREA_STYLE_COLOUR('',#1);
#6092=FILL_AREA_STYLE('',(#6091));
#6093=SURFACE_STYLE_FILL_AREA(#6092);
#6094=SURFACE_SIDE_STYLE('',(#6093));
#6095=SURFACE_STYLE_USAGE(.POSITIVE.,#6094);
#6096=PRESENTATION_STYLE_ASSIGNMENT((#6095));
#6097=STYLED_ITEM('',(#6096),#6090);
#6098=CARTESIAN_POINT('',(-1.900807899729E-1,0.E0,6.746421864067E-1));
#6099=CARTESIAN_POINT('',(-1.871107975656E-1,0.E0,6.742425544008E-1));
#6100=CARTESIAN_POINT('',(-1.750296880075E-1,0.E0,6.726169616772E-1));
#6101=CARTESIAN_POINT('',(-1.599785860421E-1,0.E0,6.705917369476E-1));
#6102=CARTESIAN_POINT('',(-1.478974764841E-1,0.E0,6.689661442240E-1));
#6103=CARTESIAN_POINT('',(-1.449274840768E-1,0.E0,6.685665122180E-1));
#6105=CURVE_STYLE('',#4972,POSITIVE_LENGTH_MEASURE(2.E-2),#1);
#6106=PRESENTATION_STYLE_ASSIGNMENT((#6105));
#6107=STYLED_ITEM('',(#6106),#6104);
#6108=DIRECTION('',(0.E0,1.E0,0.E0));
#6109=VECTOR('',#6108,1.E0);
#6110=SURFACE_OF_LINEAR_EXTRUSION('',#6104,#6109);
#6111=ORIENTED_EDGE('',*,*,#4581,.F.);
#6113=ORIENTED_EDGE('',*,*,#6112,.T.);
#6114=ORIENTED_EDGE('',*,*,#4124,.T.);
#6116=ORIENTED_EDGE('',*,*,#6115,.F.);
#6117=EDGE_LOOP('',(#6111,#6113,#6114,#6116));
#6118=FACE_OUTER_BOUND('',#6117,.F.);
#6119=ADVANCED_FACE('',(#6118),#6110,.F.);
#6120=FILL_AREA_STYLE_COLOUR('',#1);
#6121=FILL_AREA_STYLE('',(#6120));
#6122=SURFACE_STYLE_FILL_AREA(#6121);
#6123=SURFACE_SIDE_STYLE('',(#6122));
#6124=SURFACE_STYLE_USAGE(.POSITIVE.,#6123);
#6125=PRESENTATION_STYLE_ASSIGNMENT((#6124));
#6126=STYLED_ITEM('',(#6125),#6119);
#6127=CARTESIAN_POINT('',(-1.811708127508E-1,0.E0,6.620184510110E-1));
#6128=CARTESIAN_POINT('',(-1.811708127508E-1,0.E0,6.620931231638E-1));
#6129=CARTESIAN_POINT('',(-1.811708127508E-1,0.E0,6.659014029564E-1));
#6130=CARTESIAN_POINT('',(-1.811708127508E-1,0.E0,6.697843549019E-1));
#6131=CARTESIAN_POINT('',(-1.811708127508E-1,0.E0,6.735926346945E-1));
#6132=CARTESIAN_POINT('',(-1.811708127508E-1,0.E0,6.736673068473E-1));
#6134=CURVE_STYLE('',#4972,POSITIVE_LENGTH_MEASURE(2.E-2),#1);
#6135=PRESENTATION_STYLE_ASSIGNMENT((#6134));
#6136=STYLED_ITEM('',(#6135),#6133);
#6137=DIRECTION('',(0.E0,1.E0,0.E0));
#6138=VECTOR('',#6137,1.E0);
#6139=SURFACE_OF_LINEAR_EXTRUSION('',#6133,#6138);
#6140=ORIENTED_EDGE('',*,*,#4585,.F.);
#6142=ORIENTED_EDGE('',*,*,#6141,.T.);
#6143=ORIENTED_EDGE('',*,*,#4126,.T.);
#6144=ORIENTED_EDGE('',*,*,#6112,.F.);
#6145=EDGE_LOOP('',(#6140,#6142,#6143,#6144));
#6146=FACE_OUTER_BOUND('',#6145,.F.);
#6147=ADVANCED_FACE('',(#6146),#6139,.F.);
#6148=FILL_AREA_STYLE_COLOUR('',#1);
#6149=FILL_AREA_STYLE('',(#6148));
#6150=SURFACE_STYLE_FILL_AREA(#6149);
#6151=SURFACE_SIDE_STYLE('',(#6150));
#6152=SURFACE_STYLE_USAGE(.POSITIVE.,#6151);
#6153=PRESENTATION_STYLE_ASSIGNMENT((#6152));
#6154=STYLED_ITEM('',(#6153),#6147);
#6155=CARTESIAN_POINT('',(-1.583543571907E-1,0.E0,6.704054801399E-1));
#6156=CARTESIAN_POINT('',(-1.569302297211E-1,0.E0,6.701861466785E-1));
#6157=CARTESIAN_POINT('',(-1.486755691893E-1,0.E0,6.690947318276E-1));
#6158=CARTESIAN_POINT('',(-1.329894673172E-1,0.E0,6.664603629833E-1));
#6159=CARTESIAN_POINT('',(-1.265340699428E-1,0.E0,6.479776583540E-1));
#6160=CARTESIAN_POINT('',(-1.332665508896E-1,0.E0,6.318629455738E-1));
#6161=CARTESIAN_POINT('',(-1.529956996684E-1,0.E0,6.265504836634E-1));
#6162=CARTESIAN_POINT('',(-1.754504907281E-1,0.E0,6.360819816694E-1));
#6163=CARTESIAN_POINT('',(-1.816952424326E-1,0.E0,6.554023112531E-1));
#6164=CARTESIAN_POINT('',(-1.810769230420E-1,0.E0,6.652534115104E-1));
#6165=CARTESIAN_POINT('',(-1.808890805721E-1,0.E0,6.667107245E-1));
#6167=CURVE_STYLE('',#4972,POSITIVE_LENGTH_MEASURE(2.E-2),#1);
#6168=PRESENTATION_STYLE_ASSIGNMENT((#6167));
#6169=STYLED_ITEM('',(#6168),#6166);
#6170=DIRECTION('',(0.E0,1.E0,0.E0));
#6171=VECTOR('',#6170,1.E0);
#6172=SURFACE_OF_LINEAR_EXTRUSION('',#6166,#6171);
#6173=ORIENTED_EDGE('',*,*,#4583,.F.);
#6174=ORIENTED_EDGE('',*,*,#6115,.T.);
#6175=ORIENTED_EDGE('',*,*,#4128,.T.);
#6176=ORIENTED_EDGE('',*,*,#6141,.F.);
#6177=EDGE_LOOP('',(#6173,#6174,#6175,#6176));
#6178=FACE_OUTER_BOUND('',#6177,.F.);
#6179=ADVANCED_FACE('',(#6178),#6172,.F.);
#6180=FILL_AREA_STYLE_COLOUR('',#1);
#6181=FILL_AREA_STYLE('',(#6180));
#6182=SURFACE_STYLE_FILL_AREA(#6181);
#6183=SURFACE_SIDE_STYLE('',(#6182));
#6184=SURFACE_STYLE_USAGE(.POSITIVE.,#6183);
#6185=PRESENTATION_STYLE_ASSIGNMENT((#6184));
#6186=STYLED_ITEM('',(#6185),#6179);
#6187=CARTESIAN_POINT('',(-1.811708127508E-1,0.E0,6.058576655733E-1));
#6188=CARTESIAN_POINT('',(-1.811708127508E-1,0.E0,6.088544239286E-1));
#6189=CARTESIAN_POINT('',(-1.811708127508E-1,0.E0,6.178695348973E-1));
#6190=CARTESIAN_POINT('',(-1.811708127508E-1,0.E0,6.298814042212E-1));
#6191=CARTESIAN_POINT('',(-1.811708127508E-1,0.E0,6.388965151900E-1));
#6192=CARTESIAN_POINT('',(-1.811708127508E-1,0.E0,6.418932735452E-1));
#6194=CURVE_STYLE('',#4972,POSITIVE_LENGTH_MEASURE(2.E-2),#1);
#6195=PRESENTATION_STYLE_ASSIGNMENT((#6194));
#6196=STYLED_ITEM('',(#6195),#6193);
#6197=DIRECTION('',(0.E0,1.E0,0.E0));
#6198=VECTOR('',#6197,1.E0);
#6199=SURFACE_OF_LINEAR_EXTRUSION('',#6193,#6198);
#6200=ORIENTED_EDGE('',*,*,#4563,.F.);
#6202=ORIENTED_EDGE('',*,*,#6201,.T.);
#6203=ORIENTED_EDGE('',*,*,#3902,.T.);
#6205=ORIENTED_EDGE('',*,*,#6204,.F.);
#6206=EDGE_LOOP('',(#6200,#6202,#6203,#6205));
#6207=FACE_OUTER_BOUND('',#6206,.F.);
#6208=ADVANCED_FACE('',(#6207),#6199,.F.);
#6209=FILL_AREA_STYLE_COLOUR('',#1);
#6210=FILL_AREA_STYLE('',(#6209));
#6211=SURFACE_STYLE_FILL_AREA(#6210);
#6212=SURFACE_SIDE_STYLE('',(#6211));
#6213=SURFACE_STYLE_USAGE(.POSITIVE.,#6212);
#6214=PRESENTATION_STYLE_ASSIGNMENT((#6213));
#6215=STYLED_ITEM('',(#6214),#6208);
#6216=CARTESIAN_POINT('',(-2.106402043486E-1,0.E0,6.148479406391E-1));
#6217=CARTESIAN_POINT('',(-2.076434459933E-1,0.E0,6.148479406391E-1));
#6218=CARTESIAN_POINT('',(-1.978203154607E-1,0.E0,6.148479406391E-1));
#6219=CARTESIAN_POINT('',(-1.850004265728E-1,0.E0,6.148479406391E-1));
#6220=CARTESIAN_POINT('',(-1.751772960403E-1,0.E0,6.148479406391E-1));
#6221=CARTESIAN_POINT('',(-1.721805376850E-1,0.E0,6.148479406391E-1));
#6223=CURVE_STYLE('',#4972,POSITIVE_LENGTH_MEASURE(2.E-2),#1);
#6224=PRESENTATION_STYLE_ASSIGNMENT((#6223));
#6225=STYLED_ITEM('',(#6224),#6222);
#6226=DIRECTION('',(0.E0,1.E0,0.E0));
#6227=VECTOR('',#6226,1.E0);
#6228=SURFACE_OF_LINEAR_EXTRUSION('',#6222,#6227);
#6229=ORIENTED_EDGE('',*,*,#4577,.F.);
#6231=ORIENTED_EDGE('',*,*,#6230,.T.);
#6232=ORIENTED_EDGE('',*,*,#3904,.T.);
#6233=ORIENTED_EDGE('',*,*,#6201,.F.);
#6234=EDGE_LOOP('',(#6229,#6231,#6232,#6233));
#6235=FACE_OUTER_BOUND('',#6234,.F.);
#6236=ADVANCED_FACE('',(#6235),#6228,.F.);
#6237=FILL_AREA_STYLE_COLOUR('',#1);
#6238=FILL_AREA_STYLE('',(#6237));
#6239=SURFACE_STYLE_FILL_AREA(#6238);
#6240=SURFACE_SIDE_STYLE('',(#6239));
#6241=SURFACE_STYLE_USAGE(.POSITIVE.,#6240);
#6242=PRESENTATION_STYLE_ASSIGNMENT((#6241));
#6243=STYLED_ITEM('',(#6242),#6236);
#6244=CARTESIAN_POINT('',(-2.016499292821E-1,0.E0,6.989840351411E-1));
#6245=CARTESIAN_POINT('',(-2.016499292821E-1,0.E0,6.959872767857E-1));
#6246=CARTESIAN_POINT('',(-2.016499292823E-1,0.E0,6.679419119517E-1));
#6247=CARTESIAN_POINT('',(-2.016499292825E-1,0.E0,6.368997887625E-1));
#6248=CARTESIAN_POINT('',(-2.016499292827E-1,0.E0,6.088544239286E-1));
#6249=CARTESIAN_POINT('',(-2.016499292828E-1,0.E0,6.058576655733E-1));
#6251=CURVE_STYLE('',#4972,POSITIVE_LENGTH_MEASURE(2.E-2),#1);
#6252=PRESENTATION_STYLE_ASSIGNMENT((#6251));
#6253=STYLED_ITEM('',(#6252),#6250);
#6254=DIRECTION('',(0.E0,1.E0,0.E0));
#6255=VECTOR('',#6254,1.E0);
#6256=SURFACE_OF_LINEAR_EXTRUSION('',#6250,#6255);
#6257=ORIENTED_EDGE('',*,*,#4575,.F.);
#6259=ORIENTED_EDGE('',*,*,#6258,.T.);
#6260=ORIENTED_EDGE('',*,*,#3906,.T.);
#6261=ORIENTED_EDGE('',*,*,#6230,.F.);
#6262=EDGE_LOOP('',(#6257,#6259,#6260,#6261));
#6263=FACE_OUTER_BOUND('',#6262,.F.);
#6264=ADVANCED_FACE('',(#6263),#6256,.F.);
#6265=FILL_AREA_STYLE_COLOUR('',#1);
#6266=FILL_AREA_STYLE('',(#6265));
#6267=SURFACE_STYLE_FILL_AREA(#6266);
#6268=SURFACE_SIDE_STYLE('',(#6267));
#6269=SURFACE_STYLE_USAGE(.POSITIVE.,#6268);
#6270=PRESENTATION_STYLE_ASSIGNMENT((#6269));
#6271=STYLED_ITEM('',(#6270),#6264);
#6272=CARTESIAN_POINT('',(-1.152818304493E-1,0.E0,7.208302590339E-1));
#6273=CARTESIAN_POINT('',(-1.165644156091E-1,0.E0,7.217117832156E-1));
#6274=CARTESIAN_POINT('',(-1.293612169881E-1,0.E0,7.301545825316E-1));
#6275=CARTESIAN_POINT('',(-1.659729787206E-1,0.E0,7.449882538635E-1));
#6276=CARTESIAN_POINT('',(-2.032915120192E-1,0.E0,7.087993169143E-1));
#6277=CARTESIAN_POINT('',(-2.015229869843E-1,0.E0,6.868402496385E-1));
#6278=CARTESIAN_POINT('',(-2.012591727806E-1,0.E0,6.852732569173E-1));
#6280=CURVE_STYLE('',#4972,POSITIVE_LENGTH_MEASURE(2.E-2),#1);
#6281=PRESENTATION_STYLE_ASSIGNMENT((#6280));
#6282=STYLED_ITEM('',(#6281),#6279);
#6283=DIRECTION('',(0.E0,1.E0,0.E0));
#6284=VECTOR('',#6283,1.E0);
#6285=SURFACE_OF_LINEAR_EXTRUSION('',#6279,#6284);
#6286=ORIENTED_EDGE('',*,*,#4573,.F.);
#6288=ORIENTED_EDGE('',*,*,#6287,.T.);
#6289=ORIENTED_EDGE('',*,*,#3908,.T.);
#6290=ORIENTED_EDGE('',*,*,#6258,.F.);
#6291=EDGE_LOOP('',(#6286,#6288,#6289,#6290));
#6292=FACE_OUTER_BOUND('',#6291,.F.);
#6293=ADVANCED_FACE('',(#6292),#6285,.F.);
#6294=FILL_AREA_STYLE_COLOUR('',#1);
#6295=FILL_AREA_STYLE('',(#6294));
#6296=SURFACE_STYLE_FILL_AREA(#6295);
#6297=SURFACE_SIDE_STYLE('',(#6296));
#6298=SURFACE_STYLE_USAGE(.POSITIVE.,#6297);
#6299=PRESENTATION_STYLE_ASSIGNMENT((#6298));
#6300=STYLED_ITEM('',(#6299),#6293);
#6301=CARTESIAN_POINT('',(-1.192319337709E-1,0.E0,6.945447783890E-1));
#6302=CARTESIAN_POINT('',(-1.192319337709E-1,0.E0,6.975415367443E-1));
#6303=CARTESIAN_POINT('',(-1.192319337709E-1,0.E0,7.071696280720E-1));
#6304=CARTESIAN_POINT('',(-1.192319337709E-1,0.E0,7.197944777551E-1));
#6305=CARTESIAN_POINT('',(-1.192319337709E-1,0.E0,7.294225690828E-1));
#6306=CARTESIAN_POINT('',(-1.192319337709E-1,0.E0,7.324193274381E-1));
#6308=CURVE_STYLE('',#4972,POSITIVE_LENGTH_MEASURE(2.E-2),#1);
#6309=PRESENTATION_STYLE_ASSIGNMENT((#6308));
#6310=STYLED_ITEM('',(#6309),#6307);
#6311=DIRECTION('',(0.E0,1.E0,0.E0));
#6312=VECTOR('',#6311,1.E0);
#6313=SURFACE_OF_LINEAR_EXTRUSION('',#6307,#6312);
#6314=ORIENTED_EDGE('',*,*,#4571,.F.);
#6316=ORIENTED_EDGE('',*,*,#6315,.T.);
#6317=ORIENTED_EDGE('',*,*,#3910,.T.);
#6318=ORIENTED_EDGE('',*,*,#6287,.F.);
#6319=EDGE_LOOP('',(#6314,#6316,#6317,#6318));
#6320=FACE_OUTER_BOUND('',#6319,.F.);
#6321=ADVANCED_FACE('',(#6320),#6313,.F.);
#6322=FILL_AREA_STYLE_COLOUR('',#1);
#6323=FILL_AREA_STYLE('',(#6322));
#6324=SURFACE_STYLE_FILL_AREA(#6323);
#6325=SURFACE_SIDE_STYLE('',(#6324));
#6326=SURFACE_STYLE_USAGE(.POSITIVE.,#6325);
#6327=PRESENTATION_STYLE_ASSIGNMENT((#6326));
#6328=STYLED_ITEM('',(#6327),#6321);
#6329=CARTESIAN_POINT('',(-1.805826072443E-1,0.E0,6.843775815504E-1));
#6330=CARTESIAN_POINT('',(-1.809822851581E-1,0.E0,6.859145078520E-1));
#6331=CARTESIAN_POINT('',(-1.826405678374E-1,0.E0,6.997528737746E-1));
#6332=CARTESIAN_POINT('',(-1.571115536633E-1,0.E0,7.291051781012E-1));
#6333=CARTESIAN_POINT('',(-1.281802605835E-1,0.E0,7.111029274069E-1));
#6334=CARTESIAN_POINT('',(-1.168979610182E-1,0.E0,7.016063740381E-1));
#6335=CARTESIAN_POINT('',(-1.158090633812E-1,0.E0,7.006663862747E-1));
#6337=CURVE_STYLE('',#4972,POSITIVE_LENGTH_MEASURE(2.E-2),#1);
#6338=PRESENTATION_STYLE_ASSIGNMENT((#6337));
#6339=STYLED_ITEM('',(#6338),#6336);
#6340=DIRECTION('',(0.E0,1.E0,0.E0));
#6341=VECTOR('',#6340,1.E0);
#6342=SURFACE_OF_LINEAR_EXTRUSION('',#6336,#6341);
#6343=ORIENTED_EDGE('',*,*,#4569,.F.);
#6345=ORIENTED_EDGE('',*,*,#6344,.T.);
#6346=ORIENTED_EDGE('',*,*,#3912,.T.);
#6347=ORIENTED_EDGE('',*,*,#6315,.F.);
#6348=EDGE_LOOP('',(#6343,#6345,#6346,#6347));
#6349=FACE_OUTER_BOUND('',#6348,.F.);
#6350=ADVANCED_FACE('',(#6349),#6342,.F.);
#6351=FILL_AREA_STYLE_COLOUR('',#1);
#6352=FILL_AREA_STYLE('',(#6351));
#6353=SURFACE_STYLE_FILL_AREA(#6352);
#6354=SURFACE_SIDE_STYLE('',(#6353));
#6355=SURFACE_STYLE_USAGE(.POSITIVE.,#6354);
#6356=PRESENTATION_STYLE_ASSIGNMENT((#6355));
#6357=STYLED_ITEM('',(#6356),#6350);
#6358=CARTESIAN_POINT('',(-1.376619586678E-1,0.E0,6.829788462131E-1));
#6359=CARTESIAN_POINT('',(-1.406297341863E-1,0.E0,6.833946215272E-1));
#6360=CARTESIAN_POINT('',(-1.551326855472E-1,0.E0,6.854264359687E-1));
#6361=CARTESIAN_POINT('',(-1.726034124265E-1,0.E0,6.878740257243E-1));
#6362=CARTESIAN_POINT('',(-1.871063637873E-1,0.E0,6.899058401658E-1));
#6363=CARTESIAN_POINT('',(-1.900741393058E-1,0.E0,6.903216154799E-1));
#6365=CURVE_STYLE('',#4972,POSITIVE_LENGTH_MEASURE(2.E-2),#1);
#6366=PRESENTATION_STYLE_ASSIGNMENT((#6365));
#6367=STYLED_ITEM('',(#6366),#6364);
#6368=DIRECTION('',(0.E0,1.E0,0.E0));
#6369=VECTOR('',#6368,1.E0);
#6370=SURFACE_OF_LINEAR_EXTRUSION('',#6364,#6369);
#6371=ORIENTED_EDGE('',*,*,#4567,.F.);
#6373=ORIENTED_EDGE('',*,*,#6372,.T.);
#6374=ORIENTED_EDGE('',*,*,#3914,.T.);
#6375=ORIENTED_EDGE('',*,*,#6344,.F.);
#6376=EDGE_LOOP('',(#6371,#6373,#6374,#6375));
#6377=FACE_OUTER_BOUND('',#6376,.F.);
#6378=ADVANCED_FACE('',(#6377),#6370,.F.);
#6379=FILL_AREA_STYLE_COLOUR('',#1);
#6380=FILL_AREA_STYLE('',(#6379));
#6381=SURFACE_STYLE_FILL_AREA(#6380);
#6382=SURFACE_SIDE_STYLE('',(#6381));
#6383=SURFACE_STYLE_USAGE(.POSITIVE.,#6382);
#6384=PRESENTATION_STYLE_ASSIGNMENT((#6383));
#6385=STYLED_ITEM('',(#6384),#6378);
#6386=CARTESIAN_POINT('',(-1.832414645496E-1,0.E0,6.371320657612E-1));
#6387=CARTESIAN_POINT('',(-1.826557240579E-1,0.E0,6.356750975543E-1));
#6388=CARTESIAN_POINT('',(-1.758106917952E-1,0.E0,6.217521714465E-1));
#6389=CARTESIAN_POINT('',(-1.495270029565E-1,0.E0,6.072408929875E-1));
#6390=CARTESIAN_POINT('',(-1.154969321869E-1,0.E0,6.174473133820E-1));
#6391=CARTESIAN_POINT('',(-9.920937813626E-2,0.E0,6.561962120151E-1));
#6392=CARTESIAN_POINT('',(-1.302984677512E-1,0.E0,6.831848077419E-1));
#6393=CARTESIAN_POINT('',(-1.496064238744E-1,0.E0,6.845453585832E-1));
#6394=CARTESIAN_POINT('',(-1.510953109716E-1,0.E0,6.845381338652E-1));
#6396=CURVE_STYLE('',#4972,POSITIVE_LENGTH_MEASURE(2.E-2),#1);
#6397=PRESENTATION_STYLE_ASSIGNMENT((#6396));
#6398=STYLED_ITEM('',(#6397),#6395);
#6399=DIRECTION('',(0.E0,1.E0,0.E0));
#6400=VECTOR('',#6399,1.E0);
#6401=SURFACE_OF_LINEAR_EXTRUSION('',#6395,#6400);
#6402=ORIENTED_EDGE('',*,*,#4565,.F.);
#6403=ORIENTED_EDGE('',*,*,#6204,.T.);
#6404=ORIENTED_EDGE('',*,*,#3916,.T.);
#6405=ORIENTED_EDGE('',*,*,#6372,.F.);
#6406=EDGE_LOOP('',(#6402,#6403,#6404,#6405));
#6407=FACE_OUTER_BOUND('',#6406,.F.);
#6408=ADVANCED_FACE('',(#6407),#6401,.F.);
#6409=FILL_AREA_STYLE_COLOUR('',#1);
#6410=FILL_AREA_STYLE('',(#6409));
#6411=SURFACE_STYLE_FILL_AREA(#6410);
#6412=SURFACE_SIDE_STYLE('',(#6411));
#6413=SURFACE_STYLE_USAGE(.POSITIVE.,#6412);
#6414=PRESENTATION_STYLE_ASSIGNMENT((#6413));
#6415=STYLED_ITEM('',(#6414),#6408);
#6416=CARTESIAN_POINT('',(-2.294012218889E-1,0.E0,6.099534888794E-1));
#6417=CARTESIAN_POINT('',(-2.294012218889E-1,0.E0,6.129502472347E-1));
#6418=CARTESIAN_POINT('',(-2.294012218889E-1,0.E0,6.229962797159E-1));
#6419=CARTESIAN_POINT('',(-2.294012218889E-1,0.E0,6.360390705524E-1));
#6420=CARTESIAN_POINT('',(-2.294012218889E-1,0.E0,6.460851030335E-1));
#6421=CARTESIAN_POINT('',(-2.294012218889E-1,0.E0,6.490818613888E-1));
#6423=CURVE_STYLE('',#4972,POSITIVE_LENGTH_MEASURE(2.E-2),#1);
#6424=PRESENTATION_STYLE_ASSIGNMENT((#6423));
#6425=STYLED_ITEM('',(#6424),#6422);
#6426=DIRECTION('',(0.E0,1.E0,0.E0));
#6427=VECTOR('',#6426,1.E0);
#6428=SURFACE_OF_LINEAR_EXTRUSION('',#6422,#6427);
#6429=ORIENTED_EDGE('',*,*,#4602,.F.);
#6431=ORIENTED_EDGE('',*,*,#6430,.T.);
#6432=ORIENTED_EDGE('',*,*,#3920,.T.);
#6434=ORIENTED_EDGE('',*,*,#6433,.F.);
#6435=EDGE_LOOP('',(#6429,#6431,#6432,#6434));
#6436=FACE_OUTER_BOUND('',#6435,.F.);
#6437=ADVANCED_FACE('',(#6436),#6428,.F.);
#6438=FILL_AREA_STYLE_COLOUR('',#1);
#6439=FILL_AREA_STYLE('',(#6438));
#6440=SURFACE_STYLE_FILL_AREA(#6439);
#6441=SURFACE_SIDE_STYLE('',(#6440));
#6442=SURFACE_STYLE_USAGE(.POSITIVE.,#6441);
#6443=PRESENTATION_STYLE_ASSIGNMENT((#6442));
#6444=STYLED_ITEM('',(#6443),#6437);
#6445=CARTESIAN_POINT('',(-3.063380698023E-1,0.E0,7.066248238011E-1));
#6446=CARTESIAN_POINT('',(-3.051527371195E-1,0.E0,7.075455115299E-1));
#6447=CARTESIAN_POINT('',(-2.955158709625E-1,0.E0,7.143484035385E-1));
#6448=CARTESIAN_POINT('',(-2.780633971784E-1,0.E0,7.192272075939E-1));
#6449=CARTESIAN_POINT('',(-2.567774062843E-1,0.E0,7.161559369165E-1));
#6450=CARTESIAN_POINT('',(-2.483728489196E-1,0.E0,7.023833906756E-1));
#6451=CARTESIAN_POINT('',(-2.561562078925E-1,0.E0,6.865247009152E-1));
#6452=CARTESIAN_POINT('',(-2.778347969485E-1,0.E0,6.806955377691E-1));
#6453=CARTESIAN_POINT('',(-3.017347018892E-1,0.E0,6.710940692393E-1));
#6454=CARTESIAN_POINT('',(-3.120725334073E-1,0.E0,6.437972677215E-1));
#6455=CARTESIAN_POINT('',(-2.958631757255E-1,0.E0,6.155339220202E-1));
#6456=CARTESIAN_POINT('',(-2.617185597564E-1,0.E0,6.101404205923E-1));
#6457=CARTESIAN_POINT('',(-2.375553583476E-1,0.E0,6.143765702904E-1));
#6458=CARTESIAN_POINT('',(-2.267351687722E-1,0.E0,6.203449816533E-1));
#6459=CARTESIAN_POINT('',(-2.254389250498E-1,0.E0,6.211337480854E-1));
#6461=CURVE_STYLE('',#4972,POSITIVE_LENGTH_MEASURE(2.E-2),#1);
#6462=PRESENTATION_STYLE_ASSIGNMENT((#6461));
#6463=STYLED_ITEM('',(#6462),#6460);
#6464=DIRECTION('',(0.E0,1.E0,0.E0));
#6465=VECTOR('',#6464,1.E0);
#6466=SURFACE_OF_LINEAR_EXTRUSION('',#6460,#6465);
#6467=ORIENTED_EDGE('',*,*,#4608,.F.);
#6469=ORIENTED_EDGE('',*,*,#6468,.T.);
#6470=ORIENTED_EDGE('',*,*,#3922,.T.);
#6471=ORIENTED_EDGE('',*,*,#6430,.F.);
#6472=EDGE_LOOP('',(#6467,#6469,#6470,#6471));
#6473=FACE_OUTER_BOUND('',#6472,.F.);
#6474=ADVANCED_FACE('',(#6473),#6466,.F.);
#6475=FILL_AREA_STYLE_COLOUR('',#1);
#6476=FILL_AREA_STYLE('',(#6475));
#6477=SURFACE_STYLE_FILL_AREA(#6476);
#6478=SURFACE_SIDE_STYLE('',(#6477));
#6479=SURFACE_STYLE_USAGE(.POSITIVE.,#6478);
#6480=PRESENTATION_STYLE_ASSIGNMENT((#6479));
#6481=STYLED_ITEM('',(#6480),#6474);
#6482=CARTESIAN_POINT('',(-3.026663061342E-1,0.E0,7.381033271275E-1));
#6483=CARTESIAN_POINT('',(-3.026663061342E-1,0.E0,7.351065687722E-1));
#6484=CARTESIAN_POINT('',(-3.026663061342E-1,0.E0,7.254784774448E-1));
#6485=CARTESIAN_POINT('',(-3.026663061342E-1,0.E0,7.128536277622E-1));
#6486=CARTESIAN_POINT('',(-3.026663061342E-1,0.E0,7.032255364348E-1));
#6487=CARTESIAN_POINT('',(-3.026663061342E-1,0.E0,7.002287780795E-1));
#6489=CURVE_STYLE('',#4972,POSITIVE_LENGTH_MEASURE(2.E-2),#1);
#6490=PRESENTATION_STYLE_ASSIGNMENT((#6489));
#6491=STYLED_ITEM('',(#6490),#6488);
#6492=DIRECTION('',(0.E0,1.E0,0.E0));
#6493=VECTOR('',#6492,1.E0);
#6494=SURFACE_OF_LINEAR_EXTRUSION('',#6488,#6493);
#6495=ORIENTED_EDGE('',*,*,#4606,.F.);
#6497=ORIENTED_EDGE('',*,*,#6496,.T.);
#6498=ORIENTED_EDGE('',*,*,#3924,.T.);
#6499=ORIENTED_EDGE('',*,*,#6468,.F.);
#6500=EDGE_LOOP('',(#6495,#6497,#6498,#6499));
#6501=FACE_OUTER_BOUND('',#6500,.F.);
#6502=ADVANCED_FACE('',(#6501),#6494,.F.);
#6503=FILL_AREA_STYLE_COLOUR('',#1);
#6504=FILL_AREA_STYLE('',(#6503));
#6505=SURFACE_STYLE_FILL_AREA(#6504);
#6506=SURFACE_SIDE_STYLE('',(#6505));
#6507=SURFACE_STYLE_USAGE(.POSITIVE.,#6506);
#6508=PRESENTATION_STYLE_ASSIGNMENT((#6507));
#6509=STYLED_ITEM('',(#6508),#6502);
#6510=CARTESIAN_POINT('',(-2.257893431161E-1,0.E0,6.427621928935E-1));
#6511=CARTESIAN_POINT('',(-2.269821505737E-1,0.E0,6.418618305874E-1));
#6512=CARTESIAN_POINT('',(-2.376830827333E-1,0.E0,6.339034184993E-1));
#6513=CARTESIAN_POINT('',(-2.580287395670E-1,0.E0,6.227043848894E-1));
#6514=CARTESIAN_POINT('',(-2.927735868911E-1,0.E0,6.383524469332E-1));
#6515=CARTESIAN_POINT('',(-2.803609050486E-1,0.E0,6.608491625213E-1));
#6516=CARTESIAN_POINT('',(-2.585871107099E-1,0.E0,6.658427665980E-1));
#6517=CARTESIAN_POINT('',(-2.348598266575E-1,0.E0,6.765862717197E-1));
#6518=CARTESIAN_POINT('',(-2.261350206311E-1,0.E0,7.032501572178E-1));
#6519=CARTESIAN_POINT('',(-2.416010769851E-1,0.E0,7.302790880783E-1));
#6520=CARTESIAN_POINT('',(-2.734454228660E-1,0.E0,7.361669400838E-1));
#6521=CARTESIAN_POINT('',(-2.954876287938E-1,0.E0,7.324318521565E-1));
#6522=CARTESIAN_POINT('',(-3.054258899682E-1,0.E0,7.279186795547E-1));
#6523=CARTESIAN_POINT('',(-3.067778505513E-1,0.E0,7.272434159917E-1));
#6525=CURVE_STYLE('',#4972,POSITIVE_LENGTH_MEASURE(2.E-2),#1);
#6526=PRESENTATION_STYLE_ASSIGNMENT((#6525));
#6527=STYLED_ITEM('',(#6526),#6524);
#6528=DIRECTION('',(0.E0,1.E0,0.E0));
#6529=VECTOR('',#6528,1.E0);
#6530=SURFACE_OF_LINEAR_EXTRUSION('',#6524,#6529);
#6531=ORIENTED_EDGE('',*,*,#4604,.F.);
#6532=ORIENTED_EDGE('',*,*,#6433,.T.);
#6533=ORIENTED_EDGE('',*,*,#3926,.T.);
#6534=ORIENTED_EDGE('',*,*,#6496,.F.);
#6535=EDGE_LOOP('',(#6531,#6532,#6533,#6534));
#6536=FACE_OUTER_BOUND('',#6535,.F.);
#6537=ADVANCED_FACE('',(#6536),#6530,.F.);
#6538=FILL_AREA_STYLE_COLOUR('',#1);
#6539=FILL_AREA_STYLE('',(#6538));
#6540=SURFACE_STYLE_FILL_AREA(#6539);
#6541=SURFACE_SIDE_STYLE('',(#6540));
#6542=SURFACE_STYLE_USAGE(.POSITIVE.,#6541);
#6543=PRESENTATION_STYLE_ASSIGNMENT((#6542));
#6544=STYLED_ITEM('',(#6543),#6537);
#6545=CARTESIAN_POINT('',(-3.722817120562E-1,0.E0,6.440453096369E-1));
#6546=CARTESIAN_POINT('',(-3.723001735230E-1,0.E0,6.439812253267E-1));
#6547=CARTESIAN_POINT('',(-3.732417083308E-1,0.E0,6.407129255047E-1));
#6548=CARTESIAN_POINT('',(-3.742017046055E-1,0.E0,6.373805413725E-1));
#6549=CARTESIAN_POINT('',(-3.751432394133E-1,0.E0,6.341122415505E-1));
#6550=CARTESIAN_POINT('',(-3.751617008801E-1,0.E0,6.340481572403E-1));
#6552=CURVE_STYLE('',#4972,POSITIVE_LENGTH_MEASURE(2.E-2),#1);
#6553=PRESENTATION_STYLE_ASSIGNMENT((#6552));
#6554=STYLED_ITEM('',(#6553),#6551);
#6555=DIRECTION('',(0.E0,1.E0,0.E0));
#6556=VECTOR('',#6555,1.E0);
#6557=SURFACE_OF_LINEAR_EXTRUSION('',#6551,#6556);
#6558=ORIENTED_EDGE('',*,*,#4625,.F.);
#6560=ORIENTED_EDGE('',*,*,#6559,.T.);
#6561=ORIENTED_EDGE('',*,*,#3930,.T.);
#6563=ORIENTED_EDGE('',*,*,#6562,.F.);
#6564=EDGE_LOOP('',(#6558,#6560,#6561,#6563));
#6565=FACE_OUTER_BOUND('',#6564,.F.);
#6566=ADVANCED_FACE('',(#6565),#6557,.F.);
#6567=FILL_AREA_STYLE_COLOUR('',#1);
#6568=FILL_AREA_STYLE('',(#6567));
#6569=SURFACE_STYLE_FILL_AREA(#6568);
#6570=SURFACE_SIDE_STYLE('',(#6569));
#6571=SURFACE_STYLE_USAGE(.POSITIVE.,#6570);
#6572=PRESENTATION_STYLE_ASSIGNMENT((#6571));
#6573=STYLED_ITEM('',(#6572),#6566);
#6574=CARTESIAN_POINT('',(-3.388754698980E-1,0.E0,7.401125303693E-1));
#6575=CARTESIAN_POINT('',(-3.398594440109E-1,0.E0,7.372819199077E-1));
#6576=CARTESIAN_POINT('',(-3.510133195304E-1,0.E0,7.051954286867E-1));
#6577=CARTESIAN_POINT('',(-3.631511691628E-1,0.E0,6.702783270041E-1));
#6578=CARTESIAN_POINT('',(-3.743050446823E-1,0.E0,6.381918357830E-1));
#6579=CARTESIAN_POINT('',(-3.752890187951E-1,0.E0,6.353612253214E-1));
#6581=CURVE_STYLE('',#4972,POSITIVE_LENGTH_MEASURE(2.E-2),#1);
#6582=PRESENTATION_STYLE_ASSIGNMENT((#6581));
#6583=STYLED_ITEM('',(#6582),#6580);
#6584=DIRECTION('',(0.E0,1.E0,0.E0));
#6585=VECTOR('',#6584,1.E0);
#6586=SURFACE_OF_LINEAR_EXTRUSION('',#6580,#6585);
#6587=ORIENTED_EDGE('',*,*,#4647,.F.);
#6589=ORIENTED_EDGE('',*,*,#6588,.T.);
#6590=ORIENTED_EDGE('',*,*,#3932,.T.);
#6591=ORIENTED_EDGE('',*,*,#6559,.F.);
#6592=EDGE_LOOP('',(#6587,#6589,#6590,#6591));
#6593=FACE_OUTER_BOUND('',#6592,.F.);
#6594=ADVANCED_FACE('',(#6593),#6586,.F.);
#6595=FILL_AREA_STYLE_COLOUR('',#1);
#6596=FILL_AREA_STYLE('',(#6595));
#6597=SURFACE_STYLE_FILL_AREA(#6596);
#6598=SURFACE_SIDE_STYLE('',(#6597));
#6599=SURFACE_STYLE_USAGE(.POSITIVE.,#6598);
#6600=PRESENTATION_STYLE_ASSIGNMENT((#6599));
#6601=STYLED_ITEM('',(#6600),#6594);
#6602=CARTESIAN_POINT('',(-3.099339419477E-1,0.E0,7.316206989845E-1));
#6603=CARTESIAN_POINT('',(-3.129307003030E-1,0.E0,7.316206989845E-1));
#6604=CARTESIAN_POINT('',(-3.235618503993E-1,0.E0,7.316206989845E-1));
#6605=CARTESIAN_POINT('',(-3.371897588508E-1,0.E0,7.316206989845E-1));
#6606=CARTESIAN_POINT('',(-3.478209089471E-1,0.E0,7.316206989845E-1));
#6607=CARTESIAN_POINT('',(-3.508176673024E-1,0.E0,7.316206989845E-1));
#6609=CURVE_STYLE('',#4972,POSITIVE_LENGTH_MEASURE(2.E-2),#1);
#6610=PRESENTATION_STYLE_ASSIGNMENT((#6609));
#6611=STYLED_ITEM('',(#6610),#6608);
#6612=DIRECTION('',(0.E0,1.E0,0.E0));
#6613=VECTOR('',#6612,1.E0);
#6614=SURFACE_OF_LINEAR_EXTRUSION('',#6608,#6613);
#6615=ORIENTED_EDGE('',*,*,#4645,.F.);
#6617=ORIENTED_EDGE('',*,*,#6616,.T.);
#6618=ORIENTED_EDGE('',*,*,#3934,.T.);
#6619=ORIENTED_EDGE('',*,*,#6588,.F.);
#6620=EDGE_LOOP('',(#6615,#6617,#6618,#6619));
#6621=FACE_OUTER_BOUND('',#6620,.F.);
#6622=ADVANCED_FACE('',(#6621),#6614,.F.);
#6623=FILL_AREA_STYLE_COLOUR('',#1);
#6624=FILL_AREA_STYLE('',(#6623));
#6625=SURFACE_STYLE_FILL_AREA(#6624);
#6626=SURFACE_SIDE_STYLE('',(#6625));
#6627=SURFACE_STYLE_USAGE(.POSITIVE.,#6626);
#6628=PRESENTATION_STYLE_ASSIGNMENT((#6627));
#6629=STYLED_ITEM('',(#6628),#6622);
#6630=CARTESIAN_POINT('',(-3.680197398005E-1,0.E0,6.067317231357E-1));
#6631=CARTESIAN_POINT('',(-3.669233490202E-1,0.E0,6.095207172011E-1));
#6632=CARTESIAN_POINT('',(-3.505581747578E-1,0.E0,6.511503758174E-1));
#6633=CARTESIAN_POINT('',(-3.330966097152E-1,0.E0,6.955690284990E-1));
#6634=CARTESIAN_POINT('',(-3.167314354528E-1,0.E0,7.371986871153E-1));
#6635=CARTESIAN_POINT('',(-3.156350446725E-1,0.E0,7.399876811807E-1));
#6637=CURVE_STYLE('',#4972,POSITIVE_LENGTH_MEASURE(2.E-2),#1);
#6638=PRESENTATION_STYLE_ASSIGNMENT((#6637));
#6639=STYLED_ITEM('',(#6638),#6636);
#6640=DIRECTION('',(0.E0,1.E0,0.E0));
#6641=VECTOR('',#6640,1.E0);
#6642=SURFACE_OF_LINEAR_EXTRUSION('',#6636,#6641);
#6643=ORIENTED_EDGE('',*,*,#4643,.F.);
#6645=ORIENTED_EDGE('',*,*,#6644,.T.);
#6646=ORIENTED_EDGE('',*,*,#3936,.T.);
#6647=ORIENTED_EDGE('',*,*,#6616,.F.);
#6648=EDGE_LOOP('',(#6643,#6645,#6646,#6647));
#6649=FACE_OUTER_BOUND('',#6648,.F.);
#6650=ADVANCED_FACE('',(#6649),#6642,.F.);
#6651=FILL_AREA_STYLE_COLOUR('',#1);
#6652=FILL_AREA_STYLE('',(#6651));
#6653=SURFACE_STYLE_FILL_AREA(#6652);
#6654=SURFACE_SIDE_STYLE('',(#6653));
#6655=SURFACE_STYLE_USAGE(.POSITIVE.,#6654);
#6656=PRESENTATION_STYLE_ASSIGNMENT((#6655));
#6657=STYLED_ITEM('',(#6656),#6650);
#6658=CARTESIAN_POINT('',(-3.522407986423E-1,0.E0,5.855879957548E-1));
#6659=CARTESIAN_POINT('',(-3.534088099797E-1,0.E0,5.883477620775E-1));
#6660=CARTESIAN_POINT('',(-3.575720662520E-1,0.E0,5.981846652699E-1));
#6661=CARTESIAN_POINT('',(-3.629033338618E-1,0.E0,6.107813347849E-1));
#6662=CARTESIAN_POINT('',(-3.670665901342E-1,0.E0,6.206182379772E-1));
#6663=CARTESIAN_POINT('',(-3.682346014715E-1,0.E0,6.233780042999E-1));
#6665=CURVE_STYLE('',#4972,POSITIVE_LENGTH_MEASURE(2.E-2),#1);
#6666=PRESENTATION_STYLE_ASSIGNMENT((#6665));
#6667=STYLED_ITEM('',(#6666),#6664);
#6668=DIRECTION('',(0.E0,1.E0,0.E0));
#6669=VECTOR('',#6668,1.E0);
#6670=SURFACE_OF_LINEAR_EXTRUSION('',#6664,#6669);
#6671=ORIENTED_EDGE('',*,*,#4641,.F.);
#6673=ORIENTED_EDGE('',*,*,#6672,.T.);
#6674=ORIENTED_EDGE('',*,*,#3938,.T.);
#6675=ORIENTED_EDGE('',*,*,#6644,.F.);
#6676=EDGE_LOOP('',(#6671,#6673,#6674,#6675));
#6677=FACE_OUTER_BOUND('',#6676,.F.);
#6678=ADVANCED_FACE('',(#6677),#6670,.F.);
#6679=FILL_AREA_STYLE_COLOUR('',#1);
#6680=FILL_AREA_STYLE('',(#6679));
#6681=SURFACE_STYLE_FILL_AREA(#6680);
#6682=SURFACE_SIDE_STYLE('',(#6681));
#6683=SURFACE_STYLE_USAGE(.POSITIVE.,#6682);
#6684=PRESENTATION_STYLE_ASSIGNMENT((#6683));
#6685=STYLED_ITEM('',(#6684),#6678);
#6686=CARTESIAN_POINT('',(-3.189143533504E-1,0.E0,5.815647856596E-1));
#6687=CARTESIAN_POINT('',(-3.202572085585E-1,0.E0,5.809540868318E-1));
#6688=CARTESIAN_POINT('',(-3.252196808114E-1,0.E0,5.787450146964E-1));
#6689=CARTESIAN_POINT('',(-3.398078787696E-1,0.E0,5.745652104934E-1));
#6690=CARTESIAN_POINT('',(-3.537645387078E-1,0.E0,5.869749509005E-1));
#6691=CARTESIAN_POINT('',(-3.567632911750E-1,0.E0,5.966594135437E-1));
#6692=CARTESIAN_POINT('',(-3.570242765438E-1,0.E0,5.980451361529E-1));
#6694=CURVE_STYLE('',#4972,POSITIVE_LENGTH_MEASURE(2.E-2),#1);
#6695=PRESENTATION_STYLE_ASSIGNMENT((#6694));
#6696=STYLED_ITEM('',(#6695),#6693);
#6697=DIRECTION('',(0.E0,1.E0,0.E0));
#6698=VECTOR('',#6697,1.E0);
#6699=SURFACE_OF_LINEAR_EXTRUSION('',#6693,#6698);
#6700=ORIENTED_EDGE('',*,*,#4639,.F.);
#6702=ORIENTED_EDGE('',*,*,#6701,.T.);
#6703=ORIENTED_EDGE('',*,*,#3940,.T.);
#6704=ORIENTED_EDGE('',*,*,#6672,.F.);
#6705=EDGE_LOOP('',(#6700,#6702,#6703,#6704));
#6706=FACE_OUTER_BOUND('',#6705,.F.);
#6707=ADVANCED_FACE('',(#6706),#6699,.F.);
#6708=FILL_AREA_STYLE_COLOUR('',#1);
#6709=FILL_AREA_STYLE('',(#6708));
#6710=SURFACE_STYLE_FILL_AREA(#6709);
#6711=SURFACE_SIDE_STYLE('',(#6710));
#6712=SURFACE_STYLE_USAGE(.POSITIVE.,#6711);
#6713=PRESENTATION_STYLE_ASSIGNMENT((#6712));
#6714=STYLED_ITEM('',(#6713),#6707);
#6715=CARTESIAN_POINT('',(-3.231454226661E-1,0.E0,5.525283743598E-1));
#6716=CARTESIAN_POINT('',(-3.231454226661E-1,0.E0,5.555251327151E-1));
#6717=CARTESIAN_POINT('',(-3.231454226661E-1,0.E0,5.645959691713E-1));
#6718=CARTESIAN_POINT('',(-3.231454226661E-1,0.E0,5.766635639828E-1));
#6719=CARTESIAN_POINT('',(-3.231454226661E-1,0.E0,5.857344004390E-1));
#6720=CARTESIAN_POINT('',(-3.231454226661E-1,0.E0,5.887311587943E-1));
#6722=CURVE_STYLE('',#4972,POSITIVE_LENGTH_MEASURE(2.E-2),#1);
#6723=PRESENTATION_STYLE_ASSIGNMENT((#6722));
#6724=STYLED_ITEM('',(#6723),#6721);
#6725=DIRECTION('',(0.E0,1.E0,0.E0));
#6726=VECTOR('',#6725,1.E0);
#6727=SURFACE_OF_LINEAR_EXTRUSION('',#6721,#6726);
#6728=ORIENTED_EDGE('',*,*,#4637,.F.);
#6730=ORIENTED_EDGE('',*,*,#6729,.T.);
#6731=ORIENTED_EDGE('',*,*,#3942,.T.);
#6732=ORIENTED_EDGE('',*,*,#6701,.F.);
#6733=EDGE_LOOP('',(#6728,#6730,#6731,#6732));
#6734=FACE_OUTER_BOUND('',#6733,.F.);
#6735=ADVANCED_FACE('',(#6734),#6727,.F.);
#6736=FILL_AREA_STYLE_COLOUR('',#1);
#6737=FILL_AREA_STYLE('',(#6736));
#6738=SURFACE_STYLE_FILL_AREA(#6737);
#6739=SURFACE_SIDE_STYLE('',(#6738));
#6740=SURFACE_STYLE_USAGE(.POSITIVE.,#6739);
#6741=PRESENTATION_STYLE_ASSIGNMENT((#6740));
#6742=STYLED_ITEM('',(#6741),#6735);
#6743=CARTESIAN_POINT('',(-3.785138608909E-1,0.E0,5.984961778780E-1));
#6744=CARTESIAN_POINT('',(-3.783554273635E-1,0.E0,5.980687954881E-1));
#6745=CARTESIAN_POINT('',(-3.715550512612E-1,0.E0,5.803302259906E-1));
#6746=CARTESIAN_POINT('',(-3.510384021874E-1,0.E0,5.566228270682E-1));
#6747=CARTESIAN_POINT('',(-3.269242377607E-1,0.E0,5.603205481516E-1));
#6748=CARTESIAN_POINT('',(-3.222635246926E-1,0.E0,5.617893661107E-1));
#6749=CARTESIAN_POINT('',(-3.218277815368E-1,0.E0,5.619335807666E-1));
#6751=CURVE_STYLE('',#4972,POSITIVE_LENGTH_MEASURE(2.E-2),#1);
#6752=PRESENTATION_STYLE_ASSIGNMENT((#6751));
#6753=STYLED_ITEM('',(#6752),#6750);
#6754=DIRECTION('',(0.E0,1.E0,0.E0));
#6755=VECTOR('',#6754,1.E0);
#6756=SURFACE_OF_LINEAR_EXTRUSION('',#6750,#6755);
#6757=ORIENTED_EDGE('',*,*,#4635,.F.);
#6759=ORIENTED_EDGE('',*,*,#6758,.T.);
#6760=ORIENTED_EDGE('',*,*,#3944,.T.);
#6761=ORIENTED_EDGE('',*,*,#6729,.F.);
#6762=EDGE_LOOP('',(#6757,#6759,#6760,#6761));
#6763=FACE_OUTER_BOUND('',#6762,.F.);
#6764=ADVANCED_FACE('',(#6763),#6756,.F.);
#6765=FILL_AREA_STYLE_COLOUR('',#1);
#6766=FILL_AREA_STYLE('',(#6765));
#6767=SURFACE_STYLE_FILL_AREA(#6766);
#6768=SURFACE_SIDE_STYLE('',(#6767));
#6769=SURFACE_STYLE_USAGE(.POSITIVE.,#6768);
#6770=PRESENTATION_STYLE_ASSIGNMENT((#6769));
#6771=STYLED_ITEM('',(#6770),#6764);
#6772=CARTESIAN_POINT('',(-4.320759332030E-1,0.E0,7.343088964852E-1));
#6773=CARTESIAN_POINT('',(-4.317226336144E-1,0.E0,7.334128306516E-1));
#6774=CARTESIAN_POINT('',(-4.137043545960E-1,0.E0,6.877134731409E-1));
#6775=CARTESIAN_POINT('',(-3.953327759890E-1,0.E0,6.411180497967E-1));
#6776=CARTESIAN_POINT('',(-3.773144969706E-1,0.E0,5.954186922860E-1));
#6777=CARTESIAN_POINT('',(-3.769611973820E-1,0.E0,5.945226264525E-1));
#6779=CURVE_STYLE('',#4972,POSITIVE_LENGTH_MEASURE(2.E-2),#1);
#6780=PRESENTATION_STYLE_ASSIGNMENT((#6779));
#6781=STYLED_ITEM('',(#6780),#6778);
#6782=DIRECTION('',(0.E0,1.E0,0.E0));
#6783=VECTOR('',#6782,1.E0);
#6784=SURFACE_OF_LINEAR_EXTRUSION('',#6778,#6783);
#6785=ORIENTED_EDGE('',*,*,#4633,.F.);
#6787=ORIENTED_EDGE('',*,*,#6786,.T.);
#6788=ORIENTED_EDGE('',*,*,#3946,.T.);
#6789=ORIENTED_EDGE('',*,*,#6758,.F.);
#6790=EDGE_LOOP('',(#6785,#6787,#6788,#6789));
#6791=FACE_OUTER_BOUND('',#6790,.F.);
#6792=ADVANCED_FACE('',(#6791),#6784,.F.);
#6793=FILL_AREA_STYLE_COLOUR('',#1);
#6794=FILL_AREA_STYLE('',(#6793));
#6795=SURFACE_STYLE_FILL_AREA(#6794);
#6796=SURFACE_SIDE_STYLE('',(#6795));
#6797=SURFACE_STYLE_USAGE(.POSITIVE.,#6796);
#6798=PRESENTATION_STYLE_ASSIGNMENT((#6797));
#6799=STYLED_ITEM('',(#6798),#6792);
#6800=CARTESIAN_POINT('',(-4.007943487640E-1,0.E0,7.316206989845E-1));
#6801=CARTESIAN_POINT('',(-4.037911071193E-1,0.E0,7.316206989845E-1));
#6802=CARTESIAN_POINT('',(-4.138650023437E-1,0.E0,7.316206989845E-1));
#6803=CARTESIAN_POINT('',(-4.269356559234E-1,0.E0,7.316206989845E-1));
#6804=CARTESIAN_POINT('',(-4.370095511478E-1,0.E0,7.316206989845E-1));
#6805=CARTESIAN_POINT('',(-4.400063095030E-1,0.E0,7.316206989845E-1));
#6807=CURVE_STYLE('',#4972,POSITIVE_LENGTH_MEASURE(2.E-2),#1);
#6808=PRESENTATION_STYLE_ASSIGNMENT((#6807));
#6809=STYLED_ITEM('',(#6808),#6806);
#6810=DIRECTION('',(0.E0,1.E0,0.E0));
#6811=VECTOR('',#6810,1.E0);
#6812=SURFACE_OF_LINEAR_EXTRUSION('',#6806,#6811);
#6813=ORIENTED_EDGE('',*,*,#4631,.F.);
#6815=ORIENTED_EDGE('',*,*,#6814,.T.);
#6816=ORIENTED_EDGE('',*,*,#3948,.T.);
#6817=ORIENTED_EDGE('',*,*,#6786,.F.);
#6818=EDGE_LOOP('',(#6813,#6815,#6816,#6817));
#6819=FACE_OUTER_BOUND('',#6818,.F.);
#6820=ADVANCED_FACE('',(#6819),#6812,.F.);
#6821=FILL_AREA_STYLE_COLOUR('',#1);
#6822=FILL_AREA_STYLE('',(#6821));
#6823=SURFACE_STYLE_FILL_AREA(#6822);
#6824=SURFACE_SIDE_STYLE('',(#6823));
#6825=SURFACE_STYLE_USAGE(.POSITIVE.,#6824);
#6826=PRESENTATION_STYLE_ASSIGNMENT((#6825));
#6827=STYLED_ITEM('',(#6826),#6820);
#6828=CARTESIAN_POINT('',(-3.748307690385E-1,0.E0,6.352341845947E-1));
#6829=CARTESIAN_POINT('',(-3.758524172928E-1,0.E0,6.380514164781E-1));
#6830=CARTESIAN_POINT('',(-3.875037022232E-1,0.E0,6.701802546080E-1));
#6831=CARTESIAN_POINT('',(-4.001766354080E-1,0.E0,7.051263246213E-1));
#6832=CARTESIAN_POINT('',(-4.118279203385E-1,0.E0,7.372551627512E-1));
#6833=CARTESIAN_POINT('',(-4.128495685928E-1,0.E0,7.400723946345E-1));
#6835=CURVE_STYLE('',#4972,POSITIVE_LENGTH_MEASURE(2.E-2),#1);
#6836=PRESENTATION_STYLE_ASSIGNMENT((#6835));
#6837=STYLED_ITEM('',(#6836),#6834);
#6838=DIRECTION('',(0.E0,1.E0,0.E0));
#6839=VECTOR('',#6838,1.E0);
#6840=SURFACE_OF_LINEAR_EXTRUSION('',#6834,#6839);
#6841=ORIENTED_EDGE('',*,*,#4629,.F.);
#6843=ORIENTED_EDGE('',*,*,#6842,.T.);
#6844=ORIENTED_EDGE('',*,*,#3950,.T.);
#6845=ORIENTED_EDGE('',*,*,#6814,.F.);
#6846=EDGE_LOOP('',(#6841,#6843,#6844,#6845));
#6847=FACE_OUTER_BOUND('',#6846,.F.);
#6848=ADVANCED_FACE('',(#6847),#6840,.F.);
#6849=FILL_AREA_STYLE_COLOUR('',#1);
#6850=FILL_AREA_STYLE('',(#6849));
#6851=SURFACE_STYLE_FILL_AREA(#6850);
#6852=SURFACE_SIDE_STYLE('',(#6851));
#6853=SURFACE_STYLE_USAGE(.POSITIVE.,#6852);
#6854=PRESENTATION_STYLE_ASSIGNMENT((#6853));
#6855=STYLED_ITEM('',(#6854),#6848);
#6856=CARTESIAN_POINT('',(-3.747043067936E-1,0.E0,6.297336638439E-1));
#6857=CARTESIAN_POINT('',(-3.746639944054E-1,0.E0,6.312775982546E-1));
#6858=CARTESIAN_POINT('',(-3.751764573932E-1,0.E0,6.360617778532E-1));
#6859=CARTESIAN_POINT('',(-3.774852947556E-1,0.E0,6.419510383470E-1));
#6860=CARTESIAN_POINT('',(-3.787198976124E-1,0.E0,6.465577698221E-1));
#6861=CARTESIAN_POINT('',(-3.789758923983E-1,0.E0,6.480300540792E-1));
#6863=CURVE_STYLE('',#4972,POSITIVE_LENGTH_MEASURE(2.E-2),#1);
#6864=PRESENTATION_STYLE_ASSIGNMENT((#6863));
#6865=STYLED_ITEM('',(#6864),#6862);
#6866=DIRECTION('',(0.E0,1.E0,0.E0));
#6867=VECTOR('',#6866,1.E0);
#6868=SURFACE_OF_LINEAR_EXTRUSION('',#6862,#6867);
#6869=ORIENTED_EDGE('',*,*,#4627,.F.);
#6870=ORIENTED_EDGE('',*,*,#6562,.T.);
#6871=ORIENTED_EDGE('',*,*,#3952,.T.);
#6872=ORIENTED_EDGE('',*,*,#6842,.F.);
#6873=EDGE_LOOP('',(#6869,#6870,#6871,#6872));
#6874=FACE_OUTER_BOUND('',#6873,.F.);
#6875=ADVANCED_FACE('',(#6874),#6868,.F.);
#6876=FILL_AREA_STYLE_COLOUR('',#1);
#6877=FILL_AREA_STYLE('',(#6876));
#6878=SURFACE_STYLE_FILL_AREA(#6877);
#6879=SURFACE_SIDE_STYLE('',(#6878));
#6880=SURFACE_STYLE_USAGE(.POSITIVE.,#6879);
#6881=PRESENTATION_STYLE_ASSIGNMENT((#6880));
#6882=STYLED_ITEM('',(#6881),#6875);
#6883=CARTESIAN_POINT('',(-5.410181460932E-1,0.E0,6.148479406391E-1));
#6884=DIRECTION('',(-1.E0,0.E0,0.E0));
#6885=DIRECTION('',(0.E0,0.E0,1.E0));
#6886=AXIS2_PLACEMENT_3D('',#6883,#6884,#6885);
#6887=PLANE('',#6886);
#6888=ORIENTED_EDGE('',*,*,#4664,.T.);
#6890=ORIENTED_EDGE('',*,*,#6889,.T.);
#6891=ORIENTED_EDGE('',*,*,#3956,.F.);
#6893=ORIENTED_EDGE('',*,*,#6892,.F.);
#6894=EDGE_LOOP('',(#6888,#6890,#6891,#6893));
#6895=FACE_OUTER_BOUND('',#6894,.F.);
#6896=ADVANCED_FACE('',(#6895),#6887,.T.);
#6897=FILL_AREA_STYLE_COLOUR('',#1);
#6898=FILL_AREA_STYLE('',(#6897));
#6899=SURFACE_STYLE_FILL_AREA(#6898);
#6900=SURFACE_SIDE_STYLE('',(#6899));
#6901=SURFACE_STYLE_USAGE(.POSITIVE.,#6900);
#6902=PRESENTATION_STYLE_ASSIGNMENT((#6901));
#6903=STYLED_ITEM('',(#6902),#6896);
#6904=CARTESIAN_POINT('',(-5.410181460932E-1,0.E0,6.334881160950E-1));
#6905=DIRECTION('',(0.E0,0.E0,1.E0));
#6906=DIRECTION('',(1.E0,0.E0,0.E0));
#6907=AXIS2_PLACEMENT_3D('',#6904,#6905,#6906);
#6908=PLANE('',#6907);
#6909=ORIENTED_EDGE('',*,*,#4686,.F.);
#6911=ORIENTED_EDGE('',*,*,#6910,.T.);
#6912=ORIENTED_EDGE('',*,*,#3958,.T.);
#6913=ORIENTED_EDGE('',*,*,#6889,.F.);
#6914=EDGE_LOOP('',(#6909,#6911,#6912,#6913));
#6915=FACE_OUTER_BOUND('',#6914,.F.);
#6916=ADVANCED_FACE('',(#6915),#6908,.T.);
#6917=FILL_AREA_STYLE_COLOUR('',#1);
#6918=FILL_AREA_STYLE('',(#6917));
#6919=SURFACE_STYLE_FILL_AREA(#6918);
#6920=SURFACE_SIDE_STYLE('',(#6919));
#6921=SURFACE_STYLE_USAGE(.POSITIVE.,#6920);
#6922=PRESENTATION_STYLE_ASSIGNMENT((#6921));
#6923=STYLED_ITEM('',(#6922),#6916);
#6924=CARTESIAN_POINT('',(-4.741893556155E-1,0.E0,6.334881160950E-1));
#6925=DIRECTION('',(-1.E0,0.E0,0.E0));
#6926=DIRECTION('',(0.E0,0.E0,1.E0));
#6927=AXIS2_PLACEMENT_3D('',#6924,#6925,#6926);
#6928=PLANE('',#6927);
#6929=ORIENTED_EDGE('',*,*,#4684,.T.);
#6931=ORIENTED_EDGE('',*,*,#6930,.T.);
#6932=ORIENTED_EDGE('',*,*,#3960,.F.);
#6933=ORIENTED_EDGE('',*,*,#6910,.F.);
#6934=EDGE_LOOP('',(#6929,#6931,#6932,#6933));
#6935=FACE_OUTER_BOUND('',#6934,.F.);
#6936=ADVANCED_FACE('',(#6935),#6928,.T.);
#6937=FILL_AREA_STYLE_COLOUR('',#1);
#6938=FILL_AREA_STYLE('',(#6937));
#6939=SURFACE_STYLE_FILL_AREA(#6938);
#6940=SURFACE_SIDE_STYLE('',(#6939));
#6941=SURFACE_STYLE_USAGE(.POSITIVE.,#6940);
#6942=PRESENTATION_STYLE_ASSIGNMENT((#6941));
#6943=STYLED_ITEM('',(#6942),#6936);
#6944=CARTESIAN_POINT('',(-4.741893556155E-1,0.E0,6.884891719219E-1));
#6945=DIRECTION('',(0.E0,0.E0,-1.E0));
#6946=DIRECTION('',(-1.E0,0.E0,0.E0));
#6947=AXIS2_PLACEMENT_3D('',#6944,#6945,#6946);
#6948=PLANE('',#6947);
#6949=ORIENTED_EDGE('',*,*,#4682,.T.);
#6951=ORIENTED_EDGE('',*,*,#6950,.T.);
#6952=ORIENTED_EDGE('',*,*,#3962,.F.);
#6953=ORIENTED_EDGE('',*,*,#6930,.F.);
#6954=EDGE_LOOP('',(#6949,#6951,#6952,#6953));
#6955=FACE_OUTER_BOUND('',#6954,.F.);
#6956=ADVANCED_FACE('',(#6955),#6948,.T.);
#6957=FILL_AREA_STYLE_COLOUR('',#1);
#6958=FILL_AREA_STYLE('',(#6957));
#6959=SURFACE_STYLE_FILL_AREA(#6958);
#6960=SURFACE_SIDE_STYLE('',(#6959));
#6961=SURFACE_STYLE_USAGE(.POSITIVE.,#6960);
#6962=PRESENTATION_STYLE_ASSIGNMENT((#6961));
#6963=STYLED_ITEM('',(#6962),#6956);
#6964=CARTESIAN_POINT('',(-5.326593230183E-1,0.E0,6.884891719219E-1));
#6965=DIRECTION('',(-1.E0,0.E0,0.E0));
#6966=DIRECTION('',(0.E0,0.E0,1.E0));
#6967=AXIS2_PLACEMENT_3D('',#6964,#6965,#6966);
#6968=PLANE('',#6967);
#6969=ORIENTED_EDGE('',*,*,#4680,.T.);
#6971=ORIENTED_EDGE('',*,*,#6970,.T.);
#6972=ORIENTED_EDGE('',*,*,#3964,.F.);
#6973=ORIENTED_EDGE('',*,*,#6950,.F.);
#6974=EDGE_LOOP('',(#6969,#6971,#6972,#6973));
#6975=FACE_OUTER_BOUND('',#6974,.F.);
#6976=ADVANCED_FACE('',(#6975),#6968,.T.);
#6977=FILL_AREA_STYLE_COLOUR('',#1);
#6978=FILL_AREA_STYLE('',(#6977));
#6979=SURFACE_STYLE_FILL_AREA(#6978);
#6980=SURFACE_SIDE_STYLE('',(#6979));
#6981=SURFACE_STYLE_USAGE(.POSITIVE.,#6980);
#6982=PRESENTATION_STYLE_ASSIGNMENT((#6981));
#6983=STYLED_ITEM('',(#6982),#6976);
#6984=CARTESIAN_POINT('',(-5.326593230183E-1,0.E0,7.072129356080E-1));
#6985=DIRECTION('',(0.E0,0.E0,1.E0));
#6986=DIRECTION('',(1.E0,0.E0,0.E0));
#6987=AXIS2_PLACEMENT_3D('',#6984,#6985,#6986);
#6988=PLANE('',#6987);
#6989=ORIENTED_EDGE('',*,*,#4678,.F.);
#6991=ORIENTED_EDGE('',*,*,#6990,.T.);
#6992=ORIENTED_EDGE('',*,*,#3966,.T.);
#6993=ORIENTED_EDGE('',*,*,#6970,.F.);
#6994=EDGE_LOOP('',(#6989,#6991,#6992,#6993));
#6995=FACE_OUTER_BOUND('',#6994,.F.);
#6996=ADVANCED_FACE('',(#6995),#6988,.T.);
#6997=FILL_AREA_STYLE_COLOUR('',#1);
#6998=FILL_AREA_STYLE('',(#6997));
#6999=SURFACE_STYLE_FILL_AREA(#6998);
#7000=SURFACE_SIDE_STYLE('',(#6999));
#7001=SURFACE_STYLE_USAGE(.POSITIVE.,#7000);
#7002=PRESENTATION_STYLE_ASSIGNMENT((#7001));
#7003=STYLED_ITEM('',(#7002),#6996);
#7004=CARTESIAN_POINT('',(-4.741893556155E-1,0.E0,7.072129356080E-1));
#7005=DIRECTION('',(-1.E0,0.E0,0.E0));
#7006=DIRECTION('',(0.E0,0.E0,1.E0));
#7007=AXIS2_PLACEMENT_3D('',#7004,#7005,#7006);
#7008=PLANE('',#7007);
#7009=ORIENTED_EDGE('',*,*,#4676,.T.);
#7011=ORIENTED_EDGE('',*,*,#7010,.T.);
#7012=ORIENTED_EDGE('',*,*,#3968,.F.);
#7013=ORIENTED_EDGE('',*,*,#6990,.F.);
#7014=EDGE_LOOP('',(#7009,#7011,#7012,#7013));
#7015=FACE_OUTER_BOUND('',#7014,.F.);
#7016=ADVANCED_FACE('',(#7015),#7008,.T.);
#7017=FILL_AREA_STYLE_COLOUR('',#1);
#7018=FILL_AREA_STYLE('',(#7017));
#7019=SURFACE_STYLE_FILL_AREA(#7018);
#7020=SURFACE_SIDE_STYLE('',(#7019));
#7021=SURFACE_STYLE_USAGE(.POSITIVE.,#7020);
#7022=PRESENTATION_STYLE_ASSIGNMENT((#7021));
#7023=STYLED_ITEM('',(#7022),#7016);
#7024=CARTESIAN_POINT('',(-4.741893556155E-1,0.E0,7.595391680527E-1));
#7025=DIRECTION('',(0.E0,0.E0,-1.E0));
#7026=DIRECTION('',(-1.E0,0.E0,0.E0));
#7027=AXIS2_PLACEMENT_3D('',#7024,#7025,#7026);
#7028=PLANE('',#7027);
#7029=ORIENTED_EDGE('',*,*,#4674,.T.);
#7031=ORIENTED_EDGE('',*,*,#7030,.T.);
#7032=ORIENTED_EDGE('',*,*,#3970,.F.);
#7033=ORIENTED_EDGE('',*,*,#7010,.F.);
#7034=EDGE_LOOP('',(#7029,#7031,#7032,#7033));
#7035=FACE_OUTER_BOUND('',#7034,.F.);
#7036=ADVANCED_FACE('',(#7035),#7028,.T.);
#7037=FILL_AREA_STYLE_COLOUR('',#1);
#7038=FILL_AREA_STYLE('',(#7037));
#7039=SURFACE_STYLE_FILL_AREA(#7038);
#7040=SURFACE_SIDE_STYLE('',(#7039));
#7041=SURFACE_STYLE_USAGE(.POSITIVE.,#7040);
#7042=PRESENTATION_STYLE_ASSIGNMENT((#7041));
#7043=STYLED_ITEM('',(#7042),#7036);
#7044=CARTESIAN_POINT('',(-5.372984698245E-1,0.E0,7.595391680527E-1));
#7045=DIRECTION('',(-1.E0,0.E0,0.E0));
#7046=DIRECTION('',(0.E0,0.E0,1.E0));
#7047=AXIS2_PLACEMENT_3D('',#7044,#7045,#7046);
#7048=PLANE('',#7047);
#7049=ORIENTED_EDGE('',*,*,#4672,.T.);
#7051=ORIENTED_EDGE('',*,*,#7050,.T.);
#7052=ORIENTED_EDGE('',*,*,#3972,.F.);
#7053=ORIENTED_EDGE('',*,*,#7030,.F.);
#7054=EDGE_LOOP('',(#7049,#7051,#7052,#7053));
#7055=FACE_OUTER_BOUND('',#7054,.F.);
#7056=ADVANCED_FACE('',(#7055),#7048,.T.);
#7057=FILL_AREA_STYLE_COLOUR('',#1);
#7058=FILL_AREA_STYLE('',(#7057));
#7059=SURFACE_STYLE_FILL_AREA(#7058);
#7060=SURFACE_SIDE_STYLE('',(#7059));
#7061=SURFACE_STYLE_USAGE(.POSITIVE.,#7060);
#7062=PRESENTATION_STYLE_ASSIGNMENT((#7061));
#7063=STYLED_ITEM('',(#7062),#7056);
#7064=CARTESIAN_POINT('',(-5.372984698245E-1,0.E0,7.783465199689E-1));
#7065=DIRECTION('',(0.E0,0.E0,1.E0));
#7066=DIRECTION('',(1.E0,0.E0,0.E0));
#7067=AXIS2_PLACEMENT_3D('',#7064,#7065,#7066);
#7068=PLANE('',#7067);
#7069=ORIENTED_EDGE('',*,*,#4670,.F.);
#7071=ORIENTED_EDGE('',*,*,#7070,.T.);
#7072=ORIENTED_EDGE('',*,*,#3974,.T.);
#7073=ORIENTED_EDGE('',*,*,#7050,.F.);
#7074=EDGE_LOOP('',(#7069,#7071,#7072,#7073));
#7075=FACE_OUTER_BOUND('',#7074,.F.);
#7076=ADVANCED_FACE('',(#7075),#7068,.T.);
#7077=FILL_AREA_STYLE_COLOUR('',#1);
#7078=FILL_AREA_STYLE('',(#7077));
#7079=SURFACE_STYLE_FILL_AREA(#7078);
#7080=SURFACE_SIDE_STYLE('',(#7079));
#7081=SURFACE_STYLE_USAGE(.POSITIVE.,#7080);
#7082=PRESENTATION_STYLE_ASSIGNMENT((#7081));
#7083=STYLED_ITEM('',(#7082),#7076);
#7084=CARTESIAN_POINT('',(-4.530833273534E-1,0.E0,7.783465199689E-1));
#7085=DIRECTION('',(1.E0,0.E0,0.E0));
#7086=DIRECTION('',(0.E0,0.E0,-1.E0));
#7087=AXIS2_PLACEMENT_3D('',#7084,#7085,#7086);
#7088=PLANE('',#7087);
#7089=ORIENTED_EDGE('',*,*,#4668,.F.);
#7091=ORIENTED_EDGE('',*,*,#7090,.T.);
#7092=ORIENTED_EDGE('',*,*,#3976,.T.);
#7093=ORIENTED_EDGE('',*,*,#7070,.F.);
#7094=EDGE_LOOP('',(#7089,#7091,#7092,#7093));
#7095=FACE_OUTER_BOUND('',#7094,.F.);
#7096=ADVANCED_FACE('',(#7095),#7088,.T.);
#7097=FILL_AREA_STYLE_COLOUR('',#1);
#7098=FILL_AREA_STYLE('',(#7097));
#7099=SURFACE_STYLE_FILL_AREA(#7098);
#7100=SURFACE_SIDE_STYLE('',(#7099));
#7101=SURFACE_STYLE_USAGE(.POSITIVE.,#7100);
#7102=PRESENTATION_STYLE_ASSIGNMENT((#7101));
#7103=STYLED_ITEM('',(#7102),#7096);
#7104=CARTESIAN_POINT('',(-4.530833273534E-1,0.E0,6.148479406391E-1));
#7105=DIRECTION('',(0.E0,0.E0,-1.E0));
#7106=DIRECTION('',(-1.E0,0.E0,0.E0));
#7107=AXIS2_PLACEMENT_3D('',#7104,#7105,#7106);
#7108=PLANE('',#7107);
#7109=ORIENTED_EDGE('',*,*,#4666,.T.);
#7110=ORIENTED_EDGE('',*,*,#6892,.T.);
#7111=ORIENTED_EDGE('',*,*,#3978,.F.);
#7112=ORIENTED_EDGE('',*,*,#7090,.F.);
#7113=EDGE_LOOP('',(#7109,#7110,#7111,#7112));
#7114=FACE_OUTER_BOUND('',#7113,.F.);
#7115=ADVANCED_FACE('',(#7114),#7108,.T.);
#7116=FILL_AREA_STYLE_COLOUR('',#1);
#7117=FILL_AREA_STYLE('',(#7116));
#7118=SURFACE_STYLE_FILL_AREA(#7117);
#7119=SURFACE_SIDE_STYLE('',(#7118));
#7120=SURFACE_STYLE_USAGE(.POSITIVE.,#7119);
#7121=PRESENTATION_STYLE_ASSIGNMENT((#7120));
#7122=STYLED_ITEM('',(#7121),#7115);
#7123=CARTESIAN_POINT('',(-6.267006228635E-1,0.E0,7.595391680527E-1));
#7124=CARTESIAN_POINT('',(-6.237038645081E-1,0.E0,7.595391680527E-1));
#7125=CARTESIAN_POINT('',(-6.124736654247E-1,0.E0,7.595391680527E-1));
#7126=CARTESIAN_POINT('',(-5.982467079860E-1,0.E0,7.595391680527E-1));
#7127=CARTESIAN_POINT('',(-5.870165089028E-1,0.E0,7.595391680527E-1));
#7128=CARTESIAN_POINT('',(-5.840197505475E-1,0.E0,7.595391680527E-1));
#7130=CURVE_STYLE('',#4972,POSITIVE_LENGTH_MEASURE(2.E-2),#1);
#7131=PRESENTATION_STYLE_ASSIGNMENT((#7130));
#7132=STYLED_ITEM('',(#7131),#7129);
#7133=DIRECTION('',(0.E0,1.E0,0.E0));
#7134=VECTOR('',#7133,1.E0);
#7135=SURFACE_OF_LINEAR_EXTRUSION('',#7129,#7134);
#7136=ORIENTED_EDGE('',*,*,#4713,.F.);
#7138=ORIENTED_EDGE('',*,*,#7137,.T.);
#7139=ORIENTED_EDGE('',*,*,#4145,.T.);
#7141=ORIENTED_EDGE('',*,*,#7140,.F.);
#7142=EDGE_LOOP('',(#7136,#7138,#7139,#7141));
#7143=FACE_OUTER_BOUND('',#7142,.F.);
#7144=ADVANCED_FACE('',(#7143),#7135,.F.);
#7145=FILL_AREA_STYLE_COLOUR('',#1);
#7146=FILL_AREA_STYLE('',(#7145));
#7147=SURFACE_STYLE_FILL_AREA(#7146);
#7148=SURFACE_SIDE_STYLE('',(#7147));
#7149=SURFACE_STYLE_USAGE(.POSITIVE.,#7148);
#7150=PRESENTATION_STYLE_ASSIGNMENT((#7149));
#7151=STYLED_ITEM('',(#7150),#7144);
#7152=CARTESIAN_POINT('',(-6.121470154184E-1,0.E0,6.336156804261E-1));
#7153=CARTESIAN_POINT('',(-6.136608647951E-1,0.E0,6.335309625216E-1));
#7154=CARTESIAN_POINT('',(-6.321917124364E-1,0.E0,6.330141060781E-1));
#7155=CARTESIAN_POINT('',(-6.718329728366E-1,0.E0,6.438903250625E-1));
#7156=CARTESIAN_POINT('',(-6.884452511193E-1,0.E0,6.976460247148E-1));
#7157=CARTESIAN_POINT('',(-6.712518052792E-1,0.E0,7.508187947072E-1));
#7158=CARTESIAN_POINT('',(-6.325507841057E-1,0.E0,7.599404471020E-1));
#7159=CARTESIAN_POINT('',(-6.146884752855E-1,0.E0,7.595023135647E-1));
#7160=CARTESIAN_POINT('',(-6.132093035310E-1,0.E0,7.594303651755E-1));
#7162=CURVE_STYLE('',#4972,POSITIVE_LENGTH_MEASURE(2.E-2),#1);
#7163=PRESENTATION_STYLE_ASSIGNMENT((#7162));
#7164=STYLED_ITEM('',(#7163),#7161);
#7165=DIRECTION('',(0.E0,1.E0,0.E0));
#7166=VECTOR('',#7165,1.E0);
#7167=SURFACE_OF_LINEAR_EXTRUSION('',#7161,#7166);
#7168=ORIENTED_EDGE('',*,*,#4719,.F.);
#7170=ORIENTED_EDGE('',*,*,#7169,.T.);
#7171=ORIENTED_EDGE('',*,*,#4147,.T.);
#7172=ORIENTED_EDGE('',*,*,#7137,.F.);
#7173=EDGE_LOOP('',(#7168,#7170,#7171,#7172));
#7174=FACE_OUTER_BOUND('',#7173,.F.);
#7175=ADVANCED_FACE('',(#7174),#7167,.F.);
#7176=FILL_AREA_STYLE_COLOUR('',#1);
#7177=FILL_AREA_STYLE('',(#7176));
#7178=SURFACE_STYLE_FILL_AREA(#7177);
#7179=SURFACE_SIDE_STYLE('',(#7178));
#7180=SURFACE_STYLE_USAGE(.POSITIVE.,#7179);
#7181=PRESENTATION_STYLE_ASSIGNMENT((#7180));
#7182=STYLED_ITEM('',(#7181),#7175);
#7183=CARTESIAN_POINT('',(-5.840197505481E-1,0.E0,6.334881160950E-1));
#7184=CARTESIAN_POINT('',(-5.870165089034E-1,0.E0,6.334881160950E-1));
#7185=CARTESIAN_POINT('',(-5.979262864354E-1,0.E0,6.334881160950E-1));
#7186=CARTESIAN_POINT('',(-6.118328223226E-1,0.E0,6.334881160950E-1));
#7187=CARTESIAN_POINT('',(-6.227425998545E-1,0.E0,6.334881160950E-1));
#7188=CARTESIAN_POINT('',(-6.257393582096E-1,0.E0,6.334881160950E-1));
#7190=CURVE_STYLE('',#4972,POSITIVE_LENGTH_MEASURE(2.E-2),#1);
#7191=PRESENTATION_STYLE_ASSIGNMENT((#7190));
#7192=STYLED_ITEM('',(#7191),#7189);
#7193=DIRECTION('',(0.E0,1.E0,0.E0));
#7194=VECTOR('',#7193,1.E0);
#7195=SURFACE_OF_LINEAR_EXTRUSION('',#7189,#7194);
#7196=ORIENTED_EDGE('',*,*,#4717,.F.);
#7198=ORIENTED_EDGE('',*,*,#7197,.T.);
#7199=ORIENTED_EDGE('',*,*,#4149,.T.);
#7200=ORIENTED_EDGE('',*,*,#7169,.F.);
#7201=EDGE_LOOP('',(#7196,#7198,#7199,#7200));
#7202=FACE_OUTER_BOUND('',#7201,.F.);
#7203=ADVANCED_FACE('',(#7202),#7195,.F.);
#7204=FILL_AREA_STYLE_COLOUR('',#1);
#7205=FILL_AREA_STYLE('',(#7204));
#7206=SURFACE_STYLE_FILL_AREA(#7205);
#7207=SURFACE_SIDE_STYLE('',(#7206));
#7208=SURFACE_STYLE_USAGE(.POSITIVE.,#7207);
#7209=PRESENTATION_STYLE_ASSIGNMENT((#7208));
#7210=STYLED_ITEM('',(#7209),#7203);
#7211=CARTESIAN_POINT('',(-5.930100256133E-1,0.E0,7.685294431186E-1));
#7212=CARTESIAN_POINT('',(-5.930100256134E-1,0.E0,7.655326847633E-1));
#7213=CARTESIAN_POINT('',(-5.930100256135E-1,0.E0,7.205189090888E-1));
#7214=CARTESIAN_POINT('',(-5.930100256138E-1,0.E0,6.725083750590E-1));
#7215=CARTESIAN_POINT('',(-5.930100256140E-1,0.E0,6.274945993844E-1));
#7216=CARTESIAN_POINT('',(-5.930100256140E-1,0.E0,6.244978410291E-1));
#7218=CURVE_STYLE('',#4972,POSITIVE_LENGTH_MEASURE(2.E-2),#1);
#7219=PRESENTATION_STYLE_ASSIGNMENT((#7218));
#7220=STYLED_ITEM('',(#7219),#7217);
#7221=DIRECTION('',(0.E0,1.E0,0.E0));
#7222=VECTOR('',#7221,1.E0);
#7223=SURFACE_OF_LINEAR_EXTRUSION('',#7217,#7222);
#7224=ORIENTED_EDGE('',*,*,#4715,.F.);
#7225=ORIENTED_EDGE('',*,*,#7140,.T.);
#7226=ORIENTED_EDGE('',*,*,#4151,.T.);
#7227=ORIENTED_EDGE('',*,*,#7197,.F.);
#7228=EDGE_LOOP('',(#7224,#7225,#7226,#7227));
#7229=FACE_OUTER_BOUND('',#7228,.F.);
#7230=ADVANCED_FACE('',(#7229),#7223,.F.);
#7231=FILL_AREA_STYLE_COLOUR('',#1);
#7232=FILL_AREA_STYLE('',(#7231));
#7233=SURFACE_STYLE_FILL_AREA(#7232);
#7234=SURFACE_SIDE_STYLE('',(#7233));
#7235=SURFACE_STYLE_USAGE(.POSITIVE.,#7234);
#7236=PRESENTATION_STYLE_ASSIGNMENT((#7235));
#7237=STYLED_ITEM('',(#7236),#7230);
#7238=CARTESIAN_POINT('',(-6.258647405571E-1,0.E0,6.148479406391E-1));
#7239=CARTESIAN_POINT('',(-6.228679822020E-1,0.E0,6.148479406391E-1));
#7240=CARTESIAN_POINT('',(-6.048810678004E-1,0.E0,6.148479406391E-1));
#7241=CARTESIAN_POINT('',(-5.838973950435E-1,0.E0,6.148479406391E-1));
#7242=CARTESIAN_POINT('',(-5.659104806419E-1,0.E0,6.148479406391E-1));
#7243=CARTESIAN_POINT('',(-5.629137222866E-1,0.E0,6.148479406391E-1));
#7245=CURVE_STYLE('',#4972,POSITIVE_LENGTH_MEASURE(2.E-2),#1);
#7246=PRESENTATION_STYLE_ASSIGNMENT((#7245));
#7247=STYLED_ITEM('',(#7246),#7244);
#7248=DIRECTION('',(0.E0,1.E0,0.E0));
#7249=VECTOR('',#7248,1.E0);
#7250=SURFACE_OF_LINEAR_EXTRUSION('',#7244,#7249);
#7251=ORIENTED_EDGE('',*,*,#4703,.F.);
#7253=ORIENTED_EDGE('',*,*,#7252,.T.);
#7254=ORIENTED_EDGE('',*,*,#3982,.T.);
#7256=ORIENTED_EDGE('',*,*,#7255,.F.);
#7257=EDGE_LOOP('',(#7251,#7253,#7254,#7256));
#7258=FACE_OUTER_BOUND('',#7257,.F.);
#7259=ADVANCED_FACE('',(#7258),#7250,.F.);
#7260=FILL_AREA_STYLE_COLOUR('',#1);
#7261=FILL_AREA_STYLE('',(#7260));
#7262=SURFACE_STYLE_FILL_AREA(#7261);
#7263=SURFACE_SIDE_STYLE('',(#7262));
#7264=SURFACE_STYLE_USAGE(.POSITIVE.,#7263);
#7265=PRESENTATION_STYLE_ASSIGNMENT((#7264));
#7266=STYLED_ITEM('',(#7265),#7259);
#7267=CARTESIAN_POINT('',(-6.139405603521E-1,0.E0,7.782449926580E-1));
#7268=CARTESIAN_POINT('',(-6.154640334285E-1,0.E0,7.783125228343E-1));
#7269=CARTESIAN_POINT('',(-6.386974743107E-1,0.E0,7.788266496985E-1));
#7270=CARTESIAN_POINT('',(-6.869505917367E-1,0.E0,7.650399478041E-1));
#7271=CARTESIAN_POINT('',(-7.137876399752E-1,0.E0,6.978501224534E-1));
#7272=CARTESIAN_POINT('',(-6.874960383724E-1,0.E0,6.293477734168E-1));
#7273=CARTESIAN_POINT('',(-6.377157296419E-1,0.E0,6.143491488302E-1));
#7274=CARTESIAN_POINT('',(-6.138278397592E-1,0.E0,6.148818113481E-1));
#7275=CARTESIAN_POINT('',(-6.123205701302E-1,0.E0,6.149492812786E-1));
#7277=CURVE_STYLE('',#4972,POSITIVE_LENGTH_MEASURE(2.E-2),#1);
#7278=PRESENTATION_STYLE_ASSIGNMENT((#7277));
#7279=STYLED_ITEM('',(#7278),#7276);
#7280=DIRECTION('',(0.E0,1.E0,0.E0));
#7281=VECTOR('',#7280,1.E0);
#7282=SURFACE_OF_LINEAR_EXTRUSION('',#7276,#7281);
#7283=ORIENTED_EDGE('',*,*,#4709,.F.);
#7285=ORIENTED_EDGE('',*,*,#7284,.T.);
#7286=ORIENTED_EDGE('',*,*,#3984,.T.);
#7287=ORIENTED_EDGE('',*,*,#7252,.F.);
#7288=EDGE_LOOP('',(#7283,#7285,#7286,#7287));
#7289=FACE_OUTER_BOUND('',#7288,.F.);
#7290=ADVANCED_FACE('',(#7289),#7282,.F.);
#7291=FILL_AREA_STYLE_COLOUR('',#1);
#7292=FILL_AREA_STYLE('',(#7291));
#7293=SURFACE_STYLE_FILL_AREA(#7292);
#7294=SURFACE_SIDE_STYLE('',(#7293));
#7295=SURFACE_STYLE_USAGE(.POSITIVE.,#7294);
#7296=PRESENTATION_STYLE_ASSIGNMENT((#7295));
#7297=STYLED_ITEM('',(#7296),#7290);
#7298=CARTESIAN_POINT('',(-5.629137222860E-1,0.E0,7.783465199689E-1));
#7299=CARTESIAN_POINT('',(-5.659104806413E-1,0.E0,7.783465199689E-1));
#7300=CARTESIAN_POINT('',(-5.844546499143E-1,0.E0,7.783465199689E-1));
#7301=CARTESIAN_POINT('',(-6.059955775427E-1,0.E0,7.783465199689E-1));
#7302=CARTESIAN_POINT('',(-6.245397468158E-1,0.E0,7.783465199689E-1));
#7303=CARTESIAN_POINT('',(-6.275365051713E-1,0.E0,7.783465199689E-1));
#7305=CURVE_STYLE('',#4972,POSITIVE_LENGTH_MEASURE(2.E-2),#1);
#7306=PRESENTATION_STYLE_ASSIGNMENT((#7305));
#7307=STYLED_ITEM('',(#7306),#7304);
#7308=DIRECTION('',(0.E0,1.E0,0.E0));
#7309=VECTOR('',#7308,1.E0);
#7310=SURFACE_OF_LINEAR_EXTRUSION('',#7304,#7309);
#7311=ORIENTED_EDGE('',*,*,#4707,.F.);
#7313=ORIENTED_EDGE('',*,*,#7312,.T.);
#7314=ORIENTED_EDGE('',*,*,#3986,.T.);
#7315=ORIENTED_EDGE('',*,*,#7284,.F.);
#7316=EDGE_LOOP('',(#7311,#7313,#7314,#7315));
#7317=FACE_OUTER_BOUND('',#7316,.F.);
#7318=ADVANCED_FACE('',(#7317),#7310,.F.);
#7319=FILL_AREA_STYLE_COLOUR('',#1);
#7320=FILL_AREA_STYLE('',(#7319));
#7321=SURFACE_STYLE_FILL_AREA(#7320);
#7322=SURFACE_SIDE_STYLE('',(#7321));
#7323=SURFACE_STYLE_USAGE(.POSITIVE.,#7322);
#7324=PRESENTATION_STYLE_ASSIGNMENT((#7323));
#7325=STYLED_ITEM('',(#7324),#7318);
#7326=CARTESIAN_POINT('',(-5.719039973525E-1,0.E0,6.058576655733E-1));
#7327=CARTESIAN_POINT('',(-5.719039973525E-1,0.E0,6.088544239285E-1));
#7328=CARTESIAN_POINT('',(-5.719039973523E-1,0.E0,6.663507087271E-1));
#7329=CARTESIAN_POINT('',(-5.719039973521E-1,0.E0,7.268437518810E-1));
#7330=CARTESIAN_POINT('',(-5.719039973519E-1,0.E0,7.843400366795E-1));
#7331=CARTESIAN_POINT('',(-5.719039973519E-1,0.E0,7.873367950348E-1));
#7333=CURVE_STYLE('',#4972,POSITIVE_LENGTH_MEASURE(2.E-2),#1);
#7334=PRESENTATION_STYLE_ASSIGNMENT((#7333));
#7335=STYLED_ITEM('',(#7334),#7332);
#7336=DIRECTION('',(0.E0,1.E0,0.E0));
#7337=VECTOR('',#7336,1.E0);
#7338=SURFACE_OF_LINEAR_EXTRUSION('',#7332,#7337);
#7339=ORIENTED_EDGE('',*,*,#4705,.F.);
#7340=ORIENTED_EDGE('',*,*,#7255,.T.);
#7341=ORIENTED_EDGE('',*,*,#3988,.T.);
#7342=ORIENTED_EDGE('',*,*,#7312,.F.);
#7343=EDGE_LOOP('',(#7339,#7340,#7341,#7342));
#7344=FACE_OUTER_BOUND('',#7343,.F.);
#7345=ADVANCED_FACE('',(#7344),#7338,.F.);
#7346=FILL_AREA_STYLE_COLOUR('',#1);
#7347=FILL_AREA_STYLE('',(#7346));
#7348=SURFACE_STYLE_FILL_AREA(#7347);
#7349=SURFACE_SIDE_STYLE('',(#7348));
#7350=SURFACE_STYLE_USAGE(.POSITIVE.,#7349);
#7351=PRESENTATION_STYLE_ASSIGNMENT((#7350));
#7352=STYLED_ITEM('',(#7351),#7345);
#7353=CARTESIAN_POINT('',(-7.900645078929E-1,0.E0,7.457756500189E-1));
#7354=CARTESIAN_POINT('',(-7.900380492496E-1,0.E0,7.458496589237E-1));
#7355=CARTESIAN_POINT('',(-7.886982056876E-1,0.E0,7.496274995305E-1));
#7356=CARTESIAN_POINT('',(-7.878226846870E-1,0.E0,7.536521590864E-1));
#7357=CARTESIAN_POINT('',(-7.871576487943E-1,0.E0,7.576044522369E-1));
#7358=CARTESIAN_POINT('',(-7.871446811155E-1,0.E0,7.576819488512E-1));
#7360=CURVE_STYLE('',#4972,POSITIVE_LENGTH_MEASURE(2.E-2),#1);
#7361=PRESENTATION_STYLE_ASSIGNMENT((#7360));
#7362=STYLED_ITEM('',(#7361),#7359);
#7363=DIRECTION('',(0.E0,1.E0,0.E0));
#7364=VECTOR('',#7363,1.E0);
#7365=SURFACE_OF_LINEAR_EXTRUSION('',#7359,#7364);
#7366=ORIENTED_EDGE('',*,*,#4754,.F.);
#7368=ORIENTED_EDGE('',*,*,#7367,.T.);
#7369=ORIENTED_EDGE('',*,*,#4168,.T.);
#7371=ORIENTED_EDGE('',*,*,#7370,.F.);
#7372=EDGE_LOOP('',(#7366,#7368,#7369,#7371));
#7373=FACE_OUTER_BOUND('',#7372,.F.);
#7374=ADVANCED_FACE('',(#7373),#7365,.F.);
#7375=FILL_AREA_STYLE_COLOUR('',#1);
#7376=FILL_AREA_STYLE('',(#7375));
#7377=SURFACE_STYLE_FILL_AREA(#7376);
#7378=SURFACE_SIDE_STYLE('',(#7377));
#7379=SURFACE_STYLE_USAGE(.POSITIVE.,#7378);
#7380=PRESENTATION_STYLE_ASSIGNMENT((#7379));
#7381=STYLED_ITEM('',(#7380),#7374);
#7382=CARTESIAN_POINT('',(-8.151800199842E-1,0.E0,6.766814984476E-1));
#7383=CARTESIAN_POINT('',(-8.150153511696E-1,0.E0,6.771345466582E-1));
#7384=CARTESIAN_POINT('',(-8.066172416265E-1,0.E0,7.002400053999E-1));
#7385=CARTESIAN_POINT('',(-7.980544632689E-1,0.E0,7.237985123523E-1));
#7386=CARTESIAN_POINT('',(-7.896563537258E-1,0.E0,7.469039710941E-1));
#7387=CARTESIAN_POINT('',(-7.894916849113E-1,0.E0,7.473570193047E-1));
#7389=CURVE_STYLE('',#4972,POSITIVE_LENGTH_MEASURE(2.E-2),#1);
#7390=PRESENTATION_STYLE_ASSIGNMENT((#7389));
#7391=STYLED_ITEM('',(#7390),#7388);
#7392=DIRECTION('',(0.E0,1.E0,0.E0));
#7393=VECTOR('',#7392,1.E0);
#7394=SURFACE_OF_LINEAR_EXTRUSION('',#7388,#7393);
#7395=ORIENTED_EDGE('',*,*,#4762,.F.);
#7397=ORIENTED_EDGE('',*,*,#7396,.T.);
#7398=ORIENTED_EDGE('',*,*,#4170,.T.);
#7399=ORIENTED_EDGE('',*,*,#7367,.F.);
#7400=EDGE_LOOP('',(#7395,#7397,#7398,#7399));
#7401=FACE_OUTER_BOUND('',#7400,.F.);
#7402=ADVANCED_FACE('',(#7401),#7394,.F.);
#7403=FILL_AREA_STYLE_COLOUR('',#1);
#7404=FILL_AREA_STYLE('',(#7403));
#7405=SURFACE_STYLE_FILL_AREA(#7404);
#7406=SURFACE_SIDE_STYLE('',(#7405));
#7407=SURFACE_STYLE_USAGE(.POSITIVE.,#7406);
#7408=PRESENTATION_STYLE_ASSIGNMENT((#7407));
#7409=STYLED_ITEM('',(#7408),#7402);
#7410=CARTESIAN_POINT('',(-7.508200649930E-1,0.E0,6.780406430794E-1));
#7411=CARTESIAN_POINT('',(-7.538168233483E-1,0.E0,6.780406430794E-1));
#7412=CARTESIAN_POINT('',(-7.751054728641E-1,0.E0,6.780406430794E-1));
#7413=CARTESIAN_POINT('',(-7.993908807352E-1,0.E0,6.780406430794E-1));
#7414=CARTESIAN_POINT('',(-8.206795302510E-1,0.E0,6.780406430794E-1));
#7415=CARTESIAN_POINT('',(-8.236762886063E-1,0.E0,6.780406430794E-1));
#7417=CURVE_STYLE('',#4972,POSITIVE_LENGTH_MEASURE(2.E-2),#1);
#7418=PRESENTATION_STYLE_ASSIGNMENT((#7417));
#7419=STYLED_ITEM('',(#7418),#7416);
#7420=DIRECTION('',(0.E0,1.E0,0.E0));
#7421=VECTOR('',#7420,1.E0);
#7422=SURFACE_OF_LINEAR_EXTRUSION('',#7416,#7421);
#7423=ORIENTED_EDGE('',*,*,#4760,.F.);
#7425=ORIENTED_EDGE('',*,*,#7424,.T.);
#7426=ORIENTED_EDGE('',*,*,#4172,.T.);
#7427=ORIENTED_EDGE('',*,*,#7396,.F.);
#7428=EDGE_LOOP('',(#7423,#7425,#7426,#7427));
#7429=FACE_OUTER_BOUND('',#7428,.F.);
#7430=ADVANCED_FACE('',(#7429),#7422,.F.);
#7431=FILL_AREA_STYLE_COLOUR('',#1);
#7432=FILL_AREA_STYLE('',(#7431));
#7433=SURFACE_STYLE_FILL_AREA(#7432);
#7434=SURFACE_SIDE_STYLE('',(#7433));
#7435=SURFACE_STYLE_USAGE(.POSITIVE.,#7434);
#7436=PRESENTATION_STYLE_ASSIGNMENT((#7435));
#7437=STYLED_ITEM('',(#7436),#7430);
#7438=CARTESIAN_POINT('',(-7.847488886986E-1,0.E0,7.473570193047E-1));
#7439=CARTESIAN_POINT('',(-7.845858916487E-1,0.E0,7.469039710941E-1));
#7440=CARTESIAN_POINT('',(-7.762730421021E-1,0.E0,7.237985123523E-1));
#7441=CARTESIAN_POINT('',(-7.677971955056E-1,0.E0,7.002400053999E-1));
#7442=CARTESIAN_POINT('',(-7.594843459590E-1,0.E0,6.771345466582E-1));
#7443=CARTESIAN_POINT('',(-7.593213489090E-1,0.E0,6.766814984476E-1));
#7445=CURVE_STYLE('',#4972,POSITIVE_LENGTH_MEASURE(2.E-2),#1);
#7446=PRESENTATION_STYLE_ASSIGNMENT((#7445));
#7447=STYLED_ITEM('',(#7446),#7444);
#7448=DIRECTION('',(0.E0,1.E0,0.E0));
#7449=VECTOR('',#7448,1.E0);
#7450=SURFACE_OF_LINEAR_EXTRUSION('',#7444,#7449);
#7451=ORIENTED_EDGE('',*,*,#4758,.F.);
#7453=ORIENTED_EDGE('',*,*,#7452,.T.);
#7454=ORIENTED_EDGE('',*,*,#4174,.T.);
#7455=ORIENTED_EDGE('',*,*,#7424,.F.);
#7456=EDGE_LOOP('',(#7451,#7453,#7454,#7455));
#7457=FACE_OUTER_BOUND('',#7456,.F.);
#7458=ADVANCED_FACE('',(#7457),#7450,.F.);
#7459=FILL_AREA_STYLE_COLOUR('',#1);
#7460=FILL_AREA_STYLE('',(#7459));
#7461=SURFACE_STYLE_FILL_AREA(#7460);
#7462=SURFACE_SIDE_STYLE('',(#7461));
#7463=SURFACE_STYLE_USAGE(.POSITIVE.,#7462);
#7464=PRESENTATION_STYLE_ASSIGNMENT((#7463));
#7465=STYLED_ITEM('',(#7464),#7458);
#7466=CARTESIAN_POINT('',(-7.877856002632E-1,0.E0,7.619053907883E-1));
#7467=CARTESIAN_POINT('',(-7.876203169559E-1,0.E0,7.604239434856E-1));
#7468=CARTESIAN_POINT('',(-7.869068420128E-1,0.E0,7.550397065286E-1));
#7469=CARTESIAN_POINT('',(-7.852951526657E-1,0.E0,7.482122801802E-1));
#7470=CARTESIAN_POINT('',(-7.831387746271E-1,0.E0,7.432161631788E-1));
#7471=CARTESIAN_POINT('',(-7.824662897114E-1,0.E0,7.418746586578E-1));
#7473=CURVE_STYLE('',#4972,POSITIVE_LENGTH_MEASURE(2.E-2),#1);
#7474=PRESENTATION_STYLE_ASSIGNMENT((#7473));
#7475=STYLED_ITEM('',(#7474),#7472);
#7476=DIRECTION('',(0.E0,1.E0,0.E0));
#7477=VECTOR('',#7476,1.E0);
#7478=SURFACE_OF_LINEAR_EXTRUSION('',#7472,#7477);
#7479=ORIENTED_EDGE('',*,*,#4756,.F.);
#7480=ORIENTED_EDGE('',*,*,#7370,.T.);
#7481=ORIENTED_EDGE('',*,*,#4176,.T.);
#7482=ORIENTED_EDGE('',*,*,#7452,.F.);
#7483=EDGE_LOOP('',(#7479,#7480,#7481,#7482));
#7484=FACE_OUTER_BOUND('',#7483,.F.);
#7485=ADVANCED_FACE('',(#7484),#7478,.F.);
#7486=FILL_AREA_STYLE_COLOUR('',#1);
#7487=FILL_AREA_STYLE('',(#7486));
#7488=SURFACE_STYLE_FILL_AREA(#7487);
#7489=SURFACE_SIDE_STYLE('',(#7488));
#7490=SURFACE_STYLE_USAGE(.POSITIVE.,#7489);
#7491=PRESENTATION_STYLE_ASSIGNMENT((#7490));
#7492=STYLED_ITEM('',(#7491),#7485);
#7493=CARTESIAN_POINT('',(-8.612028639489E-1,0.E0,6.148479406391E-1));
#7494=DIRECTION('',(-9.345104387413E-1,0.E0,3.559357243710E-1));
#7495=DIRECTION('',(3.559357243710E-1,0.E0,9.345104387413E-1));
#7496=AXIS2_PLACEMENT_3D('',#7493,#7494,#7495);
#7497=PLANE('',#7496);
#7498=ORIENTED_EDGE('',*,*,#4736,.F.);
#7500=ORIENTED_EDGE('',*,*,#7499,.T.);
#7501=ORIENTED_EDGE('',*,*,#3992,.T.);
#7503=ORIENTED_EDGE('',*,*,#7502,.F.);
#7504=EDGE_LOOP('',(#7498,#7500,#7501,#7503));
#7505=FACE_OUTER_BOUND('',#7504,.F.);
#7506=ADVANCED_FACE('',(#7505),#7497,.T.);
#7507=FILL_AREA_STYLE_COLOUR('',#1);
#7508=FILL_AREA_STYLE('',(#7507));
#7509=SURFACE_STYLE_FILL_AREA(#7508);
#7510=SURFACE_SIDE_STYLE('',(#7509));
#7511=SURFACE_STYLE_USAGE(.POSITIVE.,#7510);
#7512=PRESENTATION_STYLE_ASSIGNMENT((#7511));
#7513=STYLED_ITEM('',(#7512),#7506);
#7514=CARTESIAN_POINT('',(-7.989296320460E-1,0.E0,7.783465199689E-1));
#7515=DIRECTION('',(0.E0,0.E0,1.E0));
#7516=DIRECTION('',(1.E0,0.E0,0.E0));
#7517=AXIS2_PLACEMENT_3D('',#7514,#7515,#7516);
#7518=PLANE('',#7517);
#7519=ORIENTED_EDGE('',*,*,#4750,.F.);
#7521=ORIENTED_EDGE('',*,*,#7520,.T.);
#7522=ORIENTED_EDGE('',*,*,#3994,.T.);
#7523=ORIENTED_EDGE('',*,*,#7499,.F.);
#7524=EDGE_LOOP('',(#7519,#7521,#7522,#7523));
#7525=FACE_OUTER_BOUND('',#7524,.F.);
#7526=ADVANCED_FACE('',(#7525),#7518,.T.);
#7527=FILL_AREA_STYLE_COLOUR('',#1);
#7528=FILL_AREA_STYLE('',(#7527));
#7529=SURFACE_STYLE_FILL_AREA(#7528);
#7530=SURFACE_SIDE_STYLE('',(#7529));
#7531=SURFACE_STYLE_USAGE(.POSITIVE.,#7530);
#7532=PRESENTATION_STYLE_ASSIGNMENT((#7531));
#7533=STYLED_ITEM('',(#7532),#7526);
#7534=CARTESIAN_POINT('',(-7.763608097460E-1,0.E0,7.783465199689E-1));
#7535=DIRECTION('',(9.345104387424E-1,0.E0,3.559357243682E-1));
#7536=DIRECTION('',(3.559357243682E-1,0.E0,-9.345104387424E-1));
#7537=AXIS2_PLACEMENT_3D('',#7534,#7535,#7536);
#7538=PLANE('',#7537);
#7539=ORIENTED_EDGE('',*,*,#4748,.F.);
#7541=ORIENTED_EDGE('',*,*,#7540,.T.);
#7542=ORIENTED_EDGE('',*,*,#3996,.T.);
#7543=ORIENTED_EDGE('',*,*,#7520,.F.);
#7544=EDGE_LOOP('',(#7539,#7541,#7542,#7543));
#7545=FACE_OUTER_BOUND('',#7544,.F.);
#7546=ADVANCED_FACE('',(#7545),#7538,.T.);
#7547=FILL_AREA_STYLE_COLOUR('',#1);
#7548=FILL_AREA_STYLE('',(#7547));
#7549=SURFACE_STYLE_FILL_AREA(#7548);
#7550=SURFACE_SIDE_STYLE('',(#7549));
#7551=SURFACE_STYLE_USAGE(.POSITIVE.,#7550);
#7552=PRESENTATION_STYLE_ASSIGNMENT((#7551));
#7553=STYLED_ITEM('',(#7552),#7546);
#7554=CARTESIAN_POINT('',(-7.140875778437E-1,0.E0,6.148479406391E-1));
#7555=DIRECTION('',(0.E0,0.E0,-1.E0));
#7556=DIRECTION('',(-1.E0,0.E0,0.E0));
#7557=AXIS2_PLACEMENT_3D('',#7554,#7555,#7556);
#7558=PLANE('',#7557);
#7559=ORIENTED_EDGE('',*,*,#4746,.T.);
#7561=ORIENTED_EDGE('',*,*,#7560,.T.);
#7562=ORIENTED_EDGE('',*,*,#3998,.F.);
#7563=ORIENTED_EDGE('',*,*,#7540,.F.);
#7564=EDGE_LOOP('',(#7559,#7561,#7562,#7563));
#7565=FACE_OUTER_BOUND('',#7564,.F.);
#7566=ADVANCED_FACE('',(#7565),#7558,.T.);
#7567=FILL_AREA_STYLE_COLOUR('',#1);
#7568=FILL_AREA_STYLE('',(#7567));
#7569=SURFACE_STYLE_FILL_AREA(#7568);
#7570=SURFACE_SIDE_STYLE('',(#7569));
#7571=SURFACE_STYLE_USAGE(.POSITIVE.,#7570);
#7572=PRESENTATION_STYLE_ASSIGNMENT((#7571));
#7573=STYLED_ITEM('',(#7572),#7566);
#7574=CARTESIAN_POINT('',(-7.374086942197E-1,0.E0,6.148479406391E-1));
#7575=DIRECTION('',(-9.434452330623E-1,0.E0,-3.315284184079E-1));
#7576=DIRECTION('',(-3.315284184079E-1,0.E0,9.434452330623E-1));
#7577=AXIS2_PLACEMENT_3D('',#7574,#7575,#7576);
#7578=PLANE('',#7577);
#7579=ORIENTED_EDGE('',*,*,#4744,.T.);
#7581=ORIENTED_EDGE('',*,*,#7580,.T.);
#7582=ORIENTED_EDGE('',*,*,#4000,.F.);
#7583=ORIENTED_EDGE('',*,*,#7560,.F.);
#7584=EDGE_LOOP('',(#7579,#7581,#7582,#7583));
#7585=FACE_OUTER_BOUND('',#7584,.F.);
#7586=ADVANCED_FACE('',(#7585),#7578,.T.);
#7587=FILL_AREA_STYLE_COLOUR('',#1);
#7588=FILL_AREA_STYLE('',(#7587));
#7589=SURFACE_STYLE_FILL_AREA(#7588);
#7590=SURFACE_SIDE_STYLE('',(#7589));
#7591=SURFACE_STYLE_USAGE(.POSITIVE.,#7590);
#7592=PRESENTATION_STYLE_ASSIGNMENT((#7591));
#7593=STYLED_ITEM('',(#7592),#7586);
#7594=CARTESIAN_POINT('',(-7.531232816017E-1,0.E0,6.595676440850E-1));
#7595=DIRECTION('',(0.E0,0.E0,-1.E0));
#7596=DIRECTION('',(-1.E0,0.E0,0.E0));
#7597=AXIS2_PLACEMENT_3D('',#7594,#7595,#7596);
#7598=PLANE('',#7597);
#7599=ORIENTED_EDGE('',*,*,#4742,.T.);
#7601=ORIENTED_EDGE('',*,*,#7600,.T.);
#7602=ORIENTED_EDGE('',*,*,#4002,.F.);
#7603=ORIENTED_EDGE('',*,*,#7580,.F.);
#7604=EDGE_LOOP('',(#7599,#7601,#7602,#7603));
#7605=FACE_OUTER_BOUND('',#7604,.F.);
#7606=ADVANCED_FACE('',(#7605),#7598,.T.);
#7607=FILL_AREA_STYLE_COLOUR('',#1);
#7608=FILL_AREA_STYLE('',(#7607));
#7609=SURFACE_STYLE_FILL_AREA(#7608);
#7610=SURFACE_SIDE_STYLE('',(#7609));
#7611=SURFACE_STYLE_USAGE(.POSITIVE.,#7610);
#7612=PRESENTATION_STYLE_ASSIGNMENT((#7611));
#7613=STYLED_ITEM('',(#7612),#7606);
#7614=CARTESIAN_POINT('',(-8.212058955403E-1,0.E0,6.595676440850E-1));
#7615=DIRECTION('',(9.369753459537E-1,0.E0,-3.493954794714E-1));
#7616=DIRECTION('',(-3.493954794714E-1,0.E0,-9.369753459537E-1));
#7617=AXIS2_PLACEMENT_3D('',#7614,#7615,#7616);
#7618=PLANE('',#7617);
#7619=ORIENTED_EDGE('',*,*,#4740,.T.);
#7621=ORIENTED_EDGE('',*,*,#7620,.T.);
#7622=ORIENTED_EDGE('',*,*,#4004,.F.);
#7623=ORIENTED_EDGE('',*,*,#7600,.F.);
#7624=EDGE_LOOP('',(#7619,#7621,#7622,#7623));
#7625=FACE_OUTER_BOUND('',#7624,.F.);
#7626=ADVANCED_FACE('',(#7625),#7618,.T.);
#7627=FILL_AREA_STYLE_COLOUR('',#1);
#7628=FILL_AREA_STYLE('',(#7627));
#7629=SURFACE_STYLE_FILL_AREA(#7628);
#7630=SURFACE_SIDE_STYLE('',(#7629));
#7631=SURFACE_STYLE_USAGE(.POSITIVE.,#7630);
#7632=PRESENTATION_STYLE_ASSIGNMENT((#7631));
#7633=STYLED_ITEM('',(#7632),#7626);
#7634=CARTESIAN_POINT('',(-8.378817475729E-1,0.E0,6.148479406391E-1));
#7635=DIRECTION('',(0.E0,0.E0,-1.E0));
#7636=DIRECTION('',(-1.E0,0.E0,0.E0));
#7637=AXIS2_PLACEMENT_3D('',#7634,#7635,#7636);
#7638=PLANE('',#7637);
#7639=ORIENTED_EDGE('',*,*,#4738,.T.);
#7640=ORIENTED_EDGE('',*,*,#7502,.T.);
#7641=ORIENTED_EDGE('',*,*,#4006,.F.);
#7642=ORIENTED_EDGE('',*,*,#7620,.F.);
#7643=EDGE_LOOP('',(#7639,#7640,#7641,#7642));
#7644=FACE_OUTER_BOUND('',#7643,.F.);
#7645=ADVANCED_FACE('',(#7644),#7638,.T.);
#7646=FILL_AREA_STYLE_COLOUR('',#1);
#7647=FILL_AREA_STYLE('',(#7646));
#7648=SURFACE_STYLE_FILL_AREA(#7647);
#7649=SURFACE_SIDE_STYLE('',(#7648));
#7650=SURFACE_STYLE_USAGE(.POSITIVE.,#7649);
#7651=PRESENTATION_STYLE_ASSIGNMENT((#7650));
#7652=STYLED_ITEM('',(#7651),#7645);
#7653=CARTESIAN_POINT('',(2.470100331573E-1,0.E0,9.245267721736E-1));
#7654=CARTESIAN_POINT('',(2.475542071809E-1,0.E0,9.261258525622E-1));
#7655=CARTESIAN_POINT('',(2.604689116373E-1,0.E0,9.626621728060E-1));
#7656=CARTESIAN_POINT('',(3.165046833900E-1,0.E0,1.044726675671E0));
#7657=CARTESIAN_POINT('',(4.618382455940E-1,0.E0,1.100548700735E0));
#7658=CARTESIAN_POINT('',(5.941347027596E-1,0.E0,1.057469169867E0));
#7659=CARTESIAN_POINT('',(6.467533010841E-1,0.E0,1.003026912972E0));
#7660=CARTESIAN_POINT('',(6.622505791470E-1,0.E0,9.824135555717E-1));
#7661=CARTESIAN_POINT('',(6.632538088664E-1,0.E0,9.810567402088E-1));
#7663=CURVE_STYLE('',#4972,POSITIVE_LENGTH_MEASURE(2.E-2),#1);
#7664=PRESENTATION_STYLE_ASSIGNMENT((#7663));
#7665=STYLED_ITEM('',(#7664),#7662);
#7666=DIRECTION('',(0.E0,1.E0,0.E0));
#7667=VECTOR('',#7666,1.E0);
#7668=SURFACE_OF_LINEAR_EXTRUSION('',#7662,#7667);
#7669=ORIENTED_EDGE('',*,*,#4779,.F.);
#7671=ORIENTED_EDGE('',*,*,#7670,.T.);
#7672=ORIENTED_EDGE('',*,*,#4010,.T.);
#7674=ORIENTED_EDGE('',*,*,#7673,.F.);
#7675=EDGE_LOOP('',(#7669,#7671,#7672,#7674));
#7676=FACE_OUTER_BOUND('',#7675,.F.);
#7677=ADVANCED_FACE('',(#7676),#7668,.T.);
#7678=FILL_AREA_STYLE_COLOUR('',#1);
#7679=FILL_AREA_STYLE('',(#7678));
#7680=SURFACE_STYLE_FILL_AREA(#7679);
#7681=SURFACE_SIDE_STYLE('',(#7680));
#7682=SURFACE_STYLE_USAGE(.POSITIVE.,#7681);
#7683=PRESENTATION_STYLE_ASSIGNMENT((#7682));
#7684=STYLED_ITEM('',(#7683),#7677);
#7685=CARTESIAN_POINT('',(6.545412099855E-1,0.E0,9.843873273887E-1));
#7686=CARTESIAN_POINT('',(6.564300434982E-1,0.E0,9.846273442002E-1));
#7687=CARTESIAN_POINT('',(6.671916096778E-1,0.E0,9.860021924440E-1));
#7688=CARTESIAN_POINT('',(7.260140020673E-1,0.E0,9.925963227103E-1));
#7689=CARTESIAN_POINT('',(8.352404022308E-1,0.E0,9.457506542529E-1));
#7690=CARTESIAN_POINT('',(8.940907352144E-1,0.E0,8.018050232722E-1));
#7691=CARTESIAN_POINT('',(8.432415833826E-1,0.E0,6.695392965538E-1));
#7692=CARTESIAN_POINT('',(7.667008828553E-1,0.E0,6.246132831061E-1));
#7693=CARTESIAN_POINT('',(7.297557934576E-1,0.E0,6.156840977052E-1));
#7694=CARTESIAN_POINT('',(7.279048615898E-1,0.E0,6.152670713935E-1));
#7696=CURVE_STYLE('',#4972,POSITIVE_LENGTH_MEASURE(2.E-2),#1);
#7697=PRESENTATION_STYLE_ASSIGNMENT((#7696));
#7698=STYLED_ITEM('',(#7697),#7695);
#7699=DIRECTION('',(0.E0,1.E0,0.E0));
#7700=VECTOR('',#7699,1.E0);
#7701=SURFACE_OF_LINEAR_EXTRUSION('',#7695,#7700);
#7702=ORIENTED_EDGE('',*,*,#4809,.F.);
#7704=ORIENTED_EDGE('',*,*,#7703,.T.);
#7705=ORIENTED_EDGE('',*,*,#4012,.T.);
#7706=ORIENTED_EDGE('',*,*,#7670,.F.);
#7707=EDGE_LOOP('',(#7702,#7704,#7705,#7706));
#7708=FACE_OUTER_BOUND('',#7707,.F.);
#7709=ADVANCED_FACE('',(#7708),#7701,.T.);
#7710=FILL_AREA_STYLE_COLOUR('',#1);
#7711=FILL_AREA_STYLE('',(#7710));
#7712=SURFACE_STYLE_FILL_AREA(#7711);
#7713=SURFACE_SIDE_STYLE('',(#7712));
#7714=SURFACE_STYLE_USAGE(.POSITIVE.,#7713);
#7715=PRESENTATION_STYLE_ASSIGNMENT((#7714));
#7716=STYLED_ITEM('',(#7715),#7709);
#7717=CARTESIAN_POINT('',(7.348076162117E-1,0.E0,6.212307622091E-1));
#7718=CARTESIAN_POINT('',(7.343984847488E-1,0.E0,6.196831920880E-1));
#7719=CARTESIAN_POINT('',(7.211881446274E-1,0.E0,5.748933777962E-1));
#7720=CARTESIAN_POINT('',(6.118588680246E-1,0.E0,4.904566317210E-1));
#7721=CARTESIAN_POINT('',(5.046997631483E-1,0.E0,6.030472379642E-1));
#7722=CARTESIAN_POINT('',(5.068219895776E-1,0.E0,6.631587729605E-1));
#7723=CARTESIAN_POINT('',(5.067418164389E-1,0.E0,6.686492297123E-1));
#7724=CARTESIAN_POINT('',(5.066654597483E-1,0.E0,6.702645178980E-1));
#7726=CURVE_STYLE('',#4972,POSITIVE_LENGTH_MEASURE(2.E-2),#1);
#7727=PRESENTATION_STYLE_ASSIGNMENT((#7726));
#7728=STYLED_ITEM('',(#7727),#7725);
#7729=DIRECTION('',(0.E0,1.E0,0.E0));
#7730=VECTOR('',#7729,1.E0);
#7731=SURFACE_OF_LINEAR_EXTRUSION('',#7725,#7730);
#7732=ORIENTED_EDGE('',*,*,#4807,.F.);
#7734=ORIENTED_EDGE('',*,*,#7733,.T.);
#7735=ORIENTED_EDGE('',*,*,#4014,.T.);
#7736=ORIENTED_EDGE('',*,*,#7703,.F.);
#7737=EDGE_LOOP('',(#7732,#7734,#7735,#7736));
#7738=FACE_OUTER_BOUND('',#7737,.F.);
#7739=ADVANCED_FACE('',(#7738),#7731,.T.);
#7740=FILL_AREA_STYLE_COLOUR('',#1);
#7741=FILL_AREA_STYLE('',(#7740));
#7742=SURFACE_STYLE_FILL_AREA(#7741);
#7743=SURFACE_SIDE_STYLE('',(#7742));
#7744=SURFACE_STYLE_USAGE(.POSITIVE.,#7743);
#7745=PRESENTATION_STYLE_ASSIGNMENT((#7744));
#7746=STYLED_ITEM('',(#7745),#7739);
#7747=CARTESIAN_POINT('',(5.147135978475E-1,0.E0,6.612278571841E-1));
#7748=CARTESIAN_POINT('',(5.120641789184E-1,0.E0,6.626282642601E-1));
#7749=CARTESIAN_POINT('',(4.551667116978E-1,0.E0,6.927026382405E-1));
#7750=CARTESIAN_POINT('',(3.956198255481E-1,0.E0,7.241774192968E-1));
#7751=CARTESIAN_POINT('',(3.387223583275E-1,0.E0,7.542517932772E-1));
#7752=CARTESIAN_POINT('',(3.360729393985E-1,0.E0,7.556522003532E-1));
#7754=CURVE_STYLE('',#4972,POSITIVE_LENGTH_MEASURE(2.E-2),#1);
#7755=PRESENTATION_STYLE_ASSIGNMENT((#7754));
#7756=STYLED_ITEM('',(#7755),#7753);
#7757=DIRECTION('',(0.E0,1.E0,0.E0));
#7758=VECTOR('',#7757,1.E0);
#7759=SURFACE_OF_LINEAR_EXTRUSION('',#7753,#7758);
#7760=ORIENTED_EDGE('',*,*,#4805,.F.);
#7762=ORIENTED_EDGE('',*,*,#7761,.T.);
#7763=ORIENTED_EDGE('',*,*,#4016,.T.);
#7764=ORIENTED_EDGE('',*,*,#7733,.F.);
#7765=EDGE_LOOP('',(#7760,#7762,#7763,#7764));
#7766=FACE_OUTER_BOUND('',#7765,.F.);
#7767=ADVANCED_FACE('',(#7766),#7759,.T.);
#7768=FILL_AREA_STYLE_COLOUR('',#1);
#7769=FILL_AREA_STYLE('',(#7768));
#7770=SURFACE_STYLE_FILL_AREA(#7769);
#7771=SURFACE_SIDE_STYLE('',(#7770));
#7772=SURFACE_STYLE_USAGE(.POSITIVE.,#7771);
#7773=PRESENTATION_STYLE_ASSIGNMENT((#7772));
#7774=STYLED_ITEM('',(#7773),#7767);
#7775=CARTESIAN_POINT('',(3.394821587021E-1,0.E0,7.436906837389E-1));
#7776=CARTESIAN_POINT('',(3.409951711966E-1,0.E0,7.462774488676E-1));
#7777=CARTESIAN_POINT('',(3.545202456147E-1,0.E0,7.694009795697E-1));
#7778=CARTESIAN_POINT('',(3.695583325273E-1,0.E0,7.951112754006E-1));
#7779=CARTESIAN_POINT('',(3.830834069454E-1,0.E0,8.182348061027E-1));
#7780=CARTESIAN_POINT('',(3.845964194399E-1,0.E0,8.208215712315E-1));
#7782=CURVE_STYLE('',#4972,POSITIVE_LENGTH_MEASURE(2.E-2),#1);
#7783=PRESENTATION_STYLE_ASSIGNMENT((#7782));
#7784=STYLED_ITEM('',(#7783),#7781);
#7785=DIRECTION('',(0.E0,1.E0,0.E0));
#7786=VECTOR('',#7785,1.E0);
#7787=SURFACE_OF_LINEAR_EXTRUSION('',#7781,#7786);
#7788=ORIENTED_EDGE('',*,*,#4803,.F.);
#7790=ORIENTED_EDGE('',*,*,#7789,.T.);
#7791=ORIENTED_EDGE('',*,*,#4018,.T.);
#7792=ORIENTED_EDGE('',*,*,#7761,.F.);
#7793=EDGE_LOOP('',(#7788,#7790,#7791,#7792));
#7794=FACE_OUTER_BOUND('',#7793,.F.);
#7795=ADVANCED_FACE('',(#7794),#7787,.T.);
#7796=FILL_AREA_STYLE_COLOUR('',#1);
#7797=FILL_AREA_STYLE('',(#7796));
#7798=SURFACE_STYLE_FILL_AREA(#7797);
#7799=SURFACE_SIDE_STYLE('',(#7798));
#7800=SURFACE_STYLE_USAGE(.POSITIVE.,#7799);
#7801=PRESENTATION_STYLE_ASSIGNMENT((#7800));
#7802=STYLED_ITEM('',(#7801),#7795);
#7803=CARTESIAN_POINT('',(3.720888620554E-1,0.E0,8.172239356135E-1));
#7804=CARTESIAN_POINT('',(3.747450353558E-1,0.E0,8.158363823574E-1));
#7805=CARTESIAN_POINT('',(4.293243391140E-1,0.E0,7.873248049557E-1));
#7806=CARTESIAN_POINT('',(4.865598161726E-1,0.E0,7.574256742980E-1));
#7807=CARTESIAN_POINT('',(5.411391199309E-1,0.E0,7.289140968964E-1));
#7808=CARTESIAN_POINT('',(5.437952932312E-1,0.E0,7.275265436403E-1));
#7810=CURVE_STYLE('',#4972,POSITIVE_LENGTH_MEASURE(2.E-2),#1);
#7811=PRESENTATION_STYLE_ASSIGNMENT((#7810));
#7812=STYLED_ITEM('',(#7811),#7809);
#7813=DIRECTION('',(0.E0,1.E0,0.E0));
#7814=VECTOR('',#7813,1.E0);
#7815=SURFACE_OF_LINEAR_EXTRUSION('',#7809,#7814);
#7816=ORIENTED_EDGE('',*,*,#4801,.F.);
#7818=ORIENTED_EDGE('',*,*,#7817,.T.);
#7819=ORIENTED_EDGE('',*,*,#4020,.T.);
#7820=ORIENTED_EDGE('',*,*,#7789,.F.);
#7821=EDGE_LOOP('',(#7816,#7818,#7819,#7820));
#7822=FACE_OUTER_BOUND('',#7821,.F.);
#7823=ADVANCED_FACE('',(#7822),#7815,.T.);
#7824=FILL_AREA_STYLE_COLOUR('',#1);
#7825=FILL_AREA_STYLE('',(#7824));
#7826=SURFACE_STYLE_FILL_AREA(#7825);
#7827=SURFACE_SIDE_STYLE('',(#7826));
#7828=SURFACE_STYLE_USAGE(.POSITIVE.,#7827);
#7829=PRESENTATION_STYLE_ASSIGNMENT((#7828));
#7830=STYLED_ITEM('',(#7829),#7823);
#7831=CARTESIAN_POINT('',(5.328491407235E-1,0.E0,7.280512952677E-1));
#7832=CARTESIAN_POINT('',(5.338110046633E-1,0.E0,7.292830103376E-1));
#7833=CARTESIAN_POINT('',(5.549659244121E-1,0.E0,7.551239957118E-1));
#7834=CARTESIAN_POINT('',(6.356754442587E-1,0.E0,7.944135662312E-1));
#7835=CARTESIAN_POINT('',(7.185575495167E-1,0.E0,7.350622797228E-1));
#7836=CARTESIAN_POINT('',(7.333233339233E-1,0.E0,6.915480539407E-1));
#7837=CARTESIAN_POINT('',(7.337834541992E-1,0.E0,6.900633076267E-1));
#7839=CURVE_STYLE('',#4972,POSITIVE_LENGTH_MEASURE(2.E-2),#1);
#7840=PRESENTATION_STYLE_ASSIGNMENT((#7839));
#7841=STYLED_ITEM('',(#7840),#7838);
#7842=DIRECTION('',(0.E0,1.E0,0.E0));
#7843=VECTOR('',#7842,1.E0);
#7844=SURFACE_OF_LINEAR_EXTRUSION('',#7838,#7843);
#7845=ORIENTED_EDGE('',*,*,#4799,.F.);
#7847=ORIENTED_EDGE('',*,*,#7846,.T.);
#7848=ORIENTED_EDGE('',*,*,#4022,.T.);
#7849=ORIENTED_EDGE('',*,*,#7817,.F.);
#7850=EDGE_LOOP('',(#7845,#7847,#7848,#7849));
#7851=FACE_OUTER_BOUND('',#7850,.F.);
#7852=ADVANCED_FACE('',(#7851),#7844,.T.);
#7853=FILL_AREA_STYLE_COLOUR('',#1);
#7854=FILL_AREA_STYLE('',(#7853));
#7855=SURFACE_STYLE_FILL_AREA(#7854);
#7856=SURFACE_SIDE_STYLE('',(#7855));
#7857=SURFACE_STYLE_USAGE(.POSITIVE.,#7856);
#7858=PRESENTATION_STYLE_ASSIGNMENT((#7857));
#7859=STYLED_ITEM('',(#7858),#7852);
#7860=CARTESIAN_POINT('',(7.278983053891E-1,0.E0,6.926137504168E-1));
#7861=CARTESIAN_POINT('',(7.293673340225E-1,0.E0,6.932001908058E-1));
#7862=CARTESIAN_POINT('',(7.697684306615E-1,0.E0,7.105038004565E-1));
#7863=CARTESIAN_POINT('',(8.453937940672E-1,0.E0,8.146485068119E-1));
#7864=CARTESIAN_POINT('',(7.191150177319E-1,0.E0,9.374600426381E-1));
#7865=CARTESIAN_POINT('',(6.408800628870E-1,0.E0,9.106806461517E-1));
#7866=CARTESIAN_POINT('',(6.214728753158E-1,0.E0,8.985946738498E-1));
#7867=CARTESIAN_POINT('',(6.201499899689E-1,0.E0,8.977410758124E-1));
#7869=CURVE_STYLE('',#4972,POSITIVE_LENGTH_MEASURE(2.E-2),#1);
#7870=PRESENTATION_STYLE_ASSIGNMENT((#7869));
#7871=STYLED_ITEM('',(#7870),#7868);
#7872=DIRECTION('',(0.E0,1.E0,0.E0));
#7873=VECTOR('',#7872,1.E0);
#7874=SURFACE_OF_LINEAR_EXTRUSION('',#7868,#7873);
#7875=ORIENTED_EDGE('',*,*,#4797,.F.);
#7877=ORIENTED_EDGE('',*,*,#7876,.T.);
#7878=ORIENTED_EDGE('',*,*,#4024,.T.);
#7879=ORIENTED_EDGE('',*,*,#7846,.F.);
#7880=EDGE_LOOP('',(#7875,#7877,#7878,#7879));
#7881=FACE_OUTER_BOUND('',#7880,.F.);
#7882=ADVANCED_FACE('',(#7881),#7874,.T.);
#7883=FILL_AREA_STYLE_COLOUR('',#1);
#7884=FILL_AREA_STYLE('',(#7883));
#7885=SURFACE_STYLE_FILL_AREA(#7884);
#7886=SURFACE_SIDE_STYLE('',(#7885));
#7887=SURFACE_STYLE_USAGE(.POSITIVE.,#7886);
#7888=PRESENTATION_STYLE_ASSIGNMENT((#7887));
#7889=STYLED_ITEM('',(#7888),#7882);
#7890=CARTESIAN_POINT('',(6.256345857489E-1,0.E0,8.956590694536E-1));
#7891=CARTESIAN_POINT('',(6.251779272857E-1,0.E0,8.971925032463E-1));
#7892=CARTESIAN_POINT('',(6.053527704667E-1,0.E0,9.594089954924E-1));
#7893=CARTESIAN_POINT('',(4.592506524247E-1,0.E0,1.073018488291E0));
#7894=CARTESIAN_POINT('',(3.122141662315E-1,0.E0,9.372151974646E-1));
#7895=CARTESIAN_POINT('',(3.053299782707E-1,0.E0,8.633523114942E-1));
#7896=CARTESIAN_POINT('',(3.052159207211E-1,0.E0,8.617614849969E-1));
#7898=CURVE_STYLE('',#4972,POSITIVE_LENGTH_MEASURE(2.E-2),#1);
#7899=PRESENTATION_STYLE_ASSIGNMENT((#7898));
#7900=STYLED_ITEM('',(#7899),#7897);
#7901=DIRECTION('',(0.E0,1.E0,0.E0));
#7902=VECTOR('',#7901,1.E0);
#7903=SURFACE_OF_LINEAR_EXTRUSION('',#7897,#7902);
#7904=ORIENTED_EDGE('',*,*,#4795,.F.);
#7906=ORIENTED_EDGE('',*,*,#7905,.T.);
#7907=ORIENTED_EDGE('',*,*,#4026,.T.);
#7908=ORIENTED_EDGE('',*,*,#7876,.F.);
#7909=EDGE_LOOP('',(#7904,#7906,#7907,#7908));
#7910=FACE_OUTER_BOUND('',#7909,.F.);
#7911=ADVANCED_FACE('',(#7910),#7903,.T.);
#7912=FILL_AREA_STYLE_COLOUR('',#1);
#7913=FILL_AREA_STYLE('',(#7912));
#7914=SURFACE_STYLE_FILL_AREA(#7913);
#7915=SURFACE_SIDE_STYLE('',(#7914));
#7916=SURFACE_STYLE_USAGE(.POSITIVE.,#7915);
#7917=PRESENTATION_STYLE_ASSIGNMENT((#7916));
#7918=STYLED_ITEM('',(#7917),#7911);
#7919=CARTESIAN_POINT('',(3.105312845961E-1,0.E0,8.666735615156E-1));
#7920=CARTESIAN_POINT('',(3.089010261539E-1,0.E0,8.665647870685E-1));
#7921=CARTESIAN_POINT('',(3.041729627581E-1,0.E0,8.664758928166E-1));
#7922=CARTESIAN_POINT('',(2.568903169674E-1,0.E0,8.681879671898E-1));
#7923=CARTESIAN_POINT('',(1.605321742525E-1,0.E0,7.785294135741E-1));
#7924=CARTESIAN_POINT('',(2.500538139122E-1,0.E0,6.864538114186E-1));
#7925=CARTESIAN_POINT('',(2.926024828461E-1,0.E0,6.850188390324E-1));
#7926=CARTESIAN_POINT('',(2.942033882019E-1,0.E0,6.850308132805E-1));
#7928=CURVE_STYLE('',#4972,POSITIVE_LENGTH_MEASURE(2.E-2),#1);
#7929=PRESENTATION_STYLE_ASSIGNMENT((#7928));
#7930=STYLED_ITEM('',(#7929),#7927);
#7931=DIRECTION('',(0.E0,1.E0,0.E0));
#7932=VECTOR('',#7931,1.E0);
#7933=SURFACE_OF_LINEAR_EXTRUSION('',#7927,#7932);
#7934=ORIENTED_EDGE('',*,*,#4793,.F.);
#7936=ORIENTED_EDGE('',*,*,#7935,.T.);
#7937=ORIENTED_EDGE('',*,*,#4028,.T.);
#7938=ORIENTED_EDGE('',*,*,#7905,.F.);
#7939=EDGE_LOOP('',(#7934,#7936,#7937,#7938));
#7940=FACE_OUTER_BOUND('',#7939,.F.);
#7941=ADVANCED_FACE('',(#7940),#7933,.T.);
#7942=FILL_AREA_STYLE_COLOUR('',#1);
#7943=FILL_AREA_STYLE('',(#7942));
#7944=SURFACE_STYLE_FILL_AREA(#7943);
#7945=SURFACE_SIDE_STYLE('',(#7944));
#7946=SURFACE_STYLE_USAGE(.POSITIVE.,#7945);
#7947=PRESENTATION_STYLE_ASSIGNMENT((#7946));
#7948=STYLED_ITEM('',(#7947),#7941);
#7949=CARTESIAN_POINT('',(2.883394849501E-1,0.E0,6.851908319573E-1));
#7950=CARTESIAN_POINT('',(2.886882224034E-1,0.E0,6.851908319573E-1));
#7951=CARTESIAN_POINT('',(3.064738325219E-1,0.E0,6.851908319573E-1));
#7952=CARTESIAN_POINT('',(3.246081800936E-1,0.E0,6.851908319573E-1));
#7953=CARTESIAN_POINT('',(3.423937902121E-1,0.E0,6.851908319573E-1));
#7954=CARTESIAN_POINT('',(3.427425276654E-1,0.E0,6.851908319573E-1));
#7956=CURVE_STYLE('',#4972,POSITIVE_LENGTH_MEASURE(2.E-2),#1);
#7957=PRESENTATION_STYLE_ASSIGNMENT((#7956));
#7958=STYLED_ITEM('',(#7957),#7955);
#7959=DIRECTION('',(0.E0,1.E0,0.E0));
#7960=VECTOR('',#7959,1.E0);
#7961=SURFACE_OF_LINEAR_EXTRUSION('',#7955,#7960);
#7962=ORIENTED_EDGE('',*,*,#4791,.F.);
#7964=ORIENTED_EDGE('',*,*,#7963,.T.);
#7965=ORIENTED_EDGE('',*,*,#4030,.T.);
#7966=ORIENTED_EDGE('',*,*,#7935,.F.);
#7967=EDGE_LOOP('',(#7962,#7964,#7965,#7966));
#7968=FACE_OUTER_BOUND('',#7967,.F.);
#7969=ADVANCED_FACE('',(#7968),#7961,.T.);
#7970=FILL_AREA_STYLE_COLOUR('',#1);
#7971=FILL_AREA_STYLE('',(#7970));
#7972=SURFACE_STYLE_FILL_AREA(#7971);
#7973=SURFACE_SIDE_STYLE('',(#7972));
#7974=SURFACE_STYLE_USAGE(.POSITIVE.,#7973);
#7975=PRESENTATION_STYLE_ASSIGNMENT((#7974));
#7976=STYLED_ITEM('',(#7975),#7969);
#7977=CARTESIAN_POINT('',(3.367517010037E-1,0.E0,6.866892367068E-1));
#7978=CARTESIAN_POINT('',(3.384559474157E-1,0.E0,6.855607107467E-1));
#7979=CARTESIAN_POINT('',(3.424967167963E-1,0.E0,6.846473298874E-1));
#7980=CARTESIAN_POINT('',(3.628255537217E-1,0.E0,6.917454446613E-1));
#7981=CARTESIAN_POINT('',(4.029523296101E-1,0.E0,6.496795728821E-1));
#7982=CARTESIAN_POINT('',(3.656945027268E-1,0.E0,6.136451848261E-1));
#7983=CARTESIAN_POINT('',(3.477795610730E-1,0.E0,6.142326342244E-1));
#7984=CARTESIAN_POINT('',(3.462046162345E-1,0.E0,6.144525401540E-1));
#7986=CURVE_STYLE('',#4972,POSITIVE_LENGTH_MEASURE(2.E-2),#1);
#7987=PRESENTATION_STYLE_ASSIGNMENT((#7986));
#7988=STYLED_ITEM('',(#7987),#7985);
#7989=DIRECTION('',(0.E0,1.E0,0.E0));
#7990=VECTOR('',#7989,1.E0);
#7991=SURFACE_OF_LINEAR_EXTRUSION('',#7985,#7990);
#7992=ORIENTED_EDGE('',*,*,#4789,.F.);
#7994=ORIENTED_EDGE('',*,*,#7993,.T.);
#7995=ORIENTED_EDGE('',*,*,#4032,.T.);
#7996=ORIENTED_EDGE('',*,*,#7963,.F.);
#7997=EDGE_LOOP('',(#7992,#7994,#7995,#7996));
#7998=FACE_OUTER_BOUND('',#7997,.F.);
#7999=ADVANCED_FACE('',(#7998),#7991,.T.);
#8000=FILL_AREA_STYLE_COLOUR('',#1);
#8001=FILL_AREA_STYLE('',(#8000));
#8002=SURFACE_STYLE_FILL_AREA(#8001);
#8003=SURFACE_SIDE_STYLE('',(#8002));
#8004=SURFACE_STYLE_USAGE(.POSITIVE.,#8003);
#8005=PRESENTATION_STYLE_ASSIGNMENT((#8004));
#8006=STYLED_ITEM('',(#8005),#7999);
#8007=CARTESIAN_POINT('',(3.522281330052E-1,0.E0,6.142809008556E-1));
#8008=CARTESIAN_POINT('',(3.518173978415E-1,0.E0,6.142809008556E-1));
#8009=CARTESIAN_POINT('',(3.308699044952E-1,0.E0,6.142809008556E-1));
#8010=CARTESIAN_POINT('',(3.095116759852E-1,0.E0,6.142809008556E-1));
#8011=CARTESIAN_POINT('',(2.885641826389E-1,0.E0,6.142809008556E-1));
#8012=CARTESIAN_POINT('',(2.881534474752E-1,0.E0,6.142809008556E-1));
#8014=CURVE_STYLE('',#4972,POSITIVE_LENGTH_MEASURE(2.E-2),#1);
#8015=PRESENTATION_STYLE_ASSIGNMENT((#8014));
#8016=STYLED_ITEM('',(#8015),#8013);
#8017=DIRECTION('',(0.E0,1.E0,0.E0));
#8018=VECTOR('',#8017,1.E0);
#8019=SURFACE_OF_LINEAR_EXTRUSION('',#8013,#8018);
#8020=ORIENTED_EDGE('',*,*,#4787,.F.);
#8022=ORIENTED_EDGE('',*,*,#8021,.T.);
#8023=ORIENTED_EDGE('',*,*,#4034,.T.);
#8024=ORIENTED_EDGE('',*,*,#7993,.F.);
#8025=EDGE_LOOP('',(#8020,#8022,#8023,#8024));
#8026=FACE_OUTER_BOUND('',#8025,.F.);
#8027=ADVANCED_FACE('',(#8026),#8019,.T.);
#8028=FILL_AREA_STYLE_COLOUR('',#1);
#8029=FILL_AREA_STYLE('',(#8028));
#8030=SURFACE_STYLE_FILL_AREA(#8029);
#8031=SURFACE_SIDE_STYLE('',(#8030));
#8032=SURFACE_STYLE_USAGE(.POSITIVE.,#8031);
#8033=PRESENTATION_STYLE_ASSIGNMENT((#8032));
#8034=STYLED_ITEM('',(#8033),#8027);
#8035=CARTESIAN_POINT('',(2.894554002795E-1,0.E0,6.142809008556E-1));
#8036=CARTESIAN_POINT('',(2.894321511750E-1,0.E0,6.142809008556E-1));
#8037=CARTESIAN_POINT('',(2.882464468493E-1,0.E0,6.142809008556E-1));
#8038=CARTESIAN_POINT('',(2.870374934191E-1,0.E0,6.142809008556E-1));
#8039=CARTESIAN_POINT('',(2.858517890933E-1,0.E0,6.142809008556E-1));
#8040=CARTESIAN_POINT('',(2.858285399889E-1,0.E0,6.142809008556E-1));
#8042=CURVE_STYLE('',#4972,POSITIVE_LENGTH_MEASURE(2.E-2),#1);
#8043=PRESENTATION_STYLE_ASSIGNMENT((#8042));
#8044=STYLED_ITEM('',(#8043),#8041);
#8045=DIRECTION('',(0.E0,1.E0,0.E0));
#8046=VECTOR('',#8045,1.E0);
#8047=SURFACE_OF_LINEAR_EXTRUSION('',#8041,#8046);
#8048=ORIENTED_EDGE('',*,*,#4785,.F.);
#8050=ORIENTED_EDGE('',*,*,#8049,.T.);
#8051=ORIENTED_EDGE('',*,*,#4036,.T.);
#8052=ORIENTED_EDGE('',*,*,#8021,.F.);
#8053=EDGE_LOOP('',(#8048,#8050,#8051,#8052));
#8054=FACE_OUTER_BOUND('',#8053,.F.);
#8055=ADVANCED_FACE('',(#8054),#8047,.T.);
#8056=FILL_AREA_STYLE_COLOUR('',#1);
#8057=FILL_AREA_STYLE('',(#8056));
#8058=SURFACE_STYLE_FILL_AREA(#8057);
#8059=SURFACE_SIDE_STYLE('',(#8058));
#8060=SURFACE_STYLE_USAGE(.POSITIVE.,#8059);
#8061=PRESENTATION_STYLE_ASSIGNMENT((#8060));
#8062=STYLED_ITEM('',(#8061),#8055);
#8063=CARTESIAN_POINT('',(2.859680346154E-1,0.E0,6.142809008556E-1));
#8064=CARTESIAN_POINT('',(2.859447855110E-1,0.E0,6.142809008556E-1));
#8065=CARTESIAN_POINT('',(2.847590811850E-1,0.E0,6.142809008556E-1));
#8066=CARTESIAN_POINT('',(2.835501277546E-1,0.E0,6.142809008556E-1));
#8067=CARTESIAN_POINT('',(2.823644234287E-1,0.E0,6.142809008556E-1));
#8068=CARTESIAN_POINT('',(2.823411743243E-1,0.E0,6.142809008556E-1));
#8070=CURVE_STYLE('',#4972,POSITIVE_LENGTH_MEASURE(2.E-2),#1);
#8071=PRESENTATION_STYLE_ASSIGNMENT((#8070));
#8072=STYLED_ITEM('',(#8071),#8069);
#8073=DIRECTION('',(0.E0,1.E0,0.E0));
#8074=VECTOR('',#8073,1.E0);
#8075=SURFACE_OF_LINEAR_EXTRUSION('',#8069,#8074);
#8076=ORIENTED_EDGE('',*,*,#4783,.F.);
#8078=ORIENTED_EDGE('',*,*,#8077,.T.);
#8079=ORIENTED_EDGE('',*,*,#4038,.T.);
#8080=ORIENTED_EDGE('',*,*,#8049,.F.);
#8081=EDGE_LOOP('',(#8076,#8078,#8079,#8080));
#8082=FACE_OUTER_BOUND('',#8081,.F.);
#8083=ADVANCED_FACE('',(#8082),#8075,.T.);
#8084=FILL_AREA_STYLE_COLOUR('',#1);
#8085=FILL_AREA_STYLE('',(#8084));
#8086=SURFACE_STYLE_FILL_AREA(#8085);
#8087=SURFACE_SIDE_STYLE('',(#8086));
#8088=SURFACE_STYLE_USAGE(.POSITIVE.,#8087);
#8089=PRESENTATION_STYLE_ASSIGNMENT((#8088));
#8090=STYLED_ITEM('',(#8089),#8083);
#8091=CARTESIAN_POINT('',(2.870705700948E-1,0.E0,6.139573851416E-1));
#8092=CARTESIAN_POINT('',(2.855171271634E-1,0.E0,6.140398475449E-1));
#8093=CARTESIAN_POINT('',(2.447536756558E-1,0.E0,6.168727838389E-1));
#8094=CARTESIAN_POINT('',(1.655110354870E-1,0.E0,6.564691933866E-1));
#8095=CARTESIAN_POINT('',(1.045866175304E-1,0.E0,8.007087996829E-1));
#8096=CARTESIAN_POINT('',(1.892842566791E-1,0.E0,9.117959067907E-1));
#8097=CARTESIAN_POINT('',(2.516679255161E-1,0.E0,9.302138273308E-1));
#8098=CARTESIAN_POINT('',(2.531597288867E-1,0.E0,9.306232512392E-1));
#8100=CURVE_STYLE('',#4972,POSITIVE_LENGTH_MEASURE(2.E-2),#1);
#8101=PRESENTATION_STYLE_ASSIGNMENT((#8100));
#8102=STYLED_ITEM('',(#8101),#8099);
#8103=DIRECTION('',(0.E0,1.E0,0.E0));
#8104=VECTOR('',#8103,1.E0);
#8105=SURFACE_OF_LINEAR_EXTRUSION('',#8099,#8104);
#8106=ORIENTED_EDGE('',*,*,#4781,.F.);
#8107=ORIENTED_EDGE('',*,*,#7673,.T.);
#8108=ORIENTED_EDGE('',*,*,#4040,.T.);
#8109=ORIENTED_EDGE('',*,*,#8077,.F.);
#8110=EDGE_LOOP('',(#8106,#8107,#8108,#8109));
#8111=FACE_OUTER_BOUND('',#8110,.F.);
#8112=ADVANCED_FACE('',(#8111),#8105,.T.);
#8113=FILL_AREA_STYLE_COLOUR('',#1);
#8114=FILL_AREA_STYLE('',(#8113));
#8115=SURFACE_STYLE_FILL_AREA(#8114);
#8116=SURFACE_SIDE_STYLE('',(#8115));
#8117=SURFACE_STYLE_USAGE(.POSITIVE.,#8116);
#8118=PRESENTATION_STYLE_ASSIGNMENT((#8117));
#8119=STYLED_ITEM('',(#8118),#8112);
#8120=CARTESIAN_POINT('',(0.E0,0.E0,1.5E-1));
#8121=DIRECTION('',(0.E0,0.E0,-1.E0));
#8122=DIRECTION('',(-9.999999976606E-1,6.840215469032E-5,0.E0));
#8123=AXIS2_PLACEMENT_3D('',#8120,#8121,#8122);
#8124=TOROIDAL_SURFACE('',#8123,1.841421356237E0,1.5E-1);
#8125=ORIENTED_EDGE('',*,*,#3728,.T.);
#8127=ORIENTED_EDGE('',*,*,#8126,.T.);
#8129=ORIENTED_EDGE('',*,*,#8128,.F.);
#8131=ORIENTED_EDGE('',*,*,#8130,.F.);
#8132=EDGE_LOOP('',(#8125,#8127,#8129,#8131));
#8133=FACE_OUTER_BOUND('',#8132,.F.);
#8134=ADVANCED_FACE('',(#8133),#8124,.T.);
#8135=FILL_AREA_STYLE_COLOUR('',#10);
#8136=FILL_AREA_STYLE('',(#8135));
#8137=SURFACE_STYLE_FILL_AREA(#8136);
#8138=SURFACE_SIDE_STYLE('',(#8137));
#8139=SURFACE_STYLE_USAGE(.POSITIVE.,#8138);
#8140=PRESENTATION_STYLE_ASSIGNMENT((#8139));
#8141=STYLED_ITEM('',(#8140),#8134);
#8142=CARTESIAN_POINT('',(0.E0,0.E0,1.5E-1));
#8143=DIRECTION('',(0.E0,0.E0,-1.E0));
#8144=DIRECTION('',(9.999999976606E-1,-6.840215469E-5,0.E0));
#8145=AXIS2_PLACEMENT_3D('',#8142,#8143,#8144);
#8146=TOROIDAL_SURFACE('',#8145,1.841421356237E0,1.5E-1);
#8147=ORIENTED_EDGE('',*,*,#3730,.T.);
#8148=ORIENTED_EDGE('',*,*,#8130,.T.);
#8150=ORIENTED_EDGE('',*,*,#8149,.F.);
#8151=ORIENTED_EDGE('',*,*,#8126,.F.);
#8152=EDGE_LOOP('',(#8147,#8148,#8150,#8151));
#8153=FACE_OUTER_BOUND('',#8152,.F.);
#8154=ADVANCED_FACE('',(#8153),#8146,.T.);
#8155=FILL_AREA_STYLE_COLOUR('',#10);
#8156=FILL_AREA_STYLE('',(#8155));
#8157=SURFACE_STYLE_FILL_AREA(#8156);
#8158=SURFACE_SIDE_STYLE('',(#8157));
#8159=SURFACE_STYLE_USAGE(.POSITIVE.,#8158);
#8160=PRESENTATION_STYLE_ASSIGNMENT((#8159));
#8161=STYLED_ITEM('',(#8160),#8154);
#8162=CARTESIAN_POINT('',(0.E0,0.E0,1.E-1));
#8163=DIRECTION('',(0.E0,0.E0,-1.E0));
#8164=DIRECTION('',(-1.E0,0.E0,0.E0));
#8165=AXIS2_PLACEMENT_3D('',#8162,#8163,#8164);
#8166=PLANE('',#8165);
#8167=ORIENTED_EDGE('',*,*,#8128,.T.);
#8168=ORIENTED_EDGE('',*,*,#8149,.T.);
#8169=EDGE_LOOP('',(#8167,#8168));
#8170=FACE_OUTER_BOUND('',#8169,.F.);
#8172=ORIENTED_EDGE('',*,*,#8171,.T.);
#8174=ORIENTED_EDGE('',*,*,#8173,.T.);
#8175=EDGE_LOOP('',(#8172,#8174));
#8176=FACE_BOUND('',#8175,.F.);
#8178=ORIENTED_EDGE('',*,*,#8177,.T.);
#8180=ORIENTED_EDGE('',*,*,#8179,.T.);
#8182=ORIENTED_EDGE('',*,*,#8181,.T.);
#8184=ORIENTED_EDGE('',*,*,#8183,.T.);
#8186=ORIENTED_EDGE('',*,*,#8185,.T.);
#8188=ORIENTED_EDGE('',*,*,#8187,.T.);
#8190=ORIENTED_EDGE('',*,*,#8189,.T.);
#8192=ORIENTED_EDGE('',*,*,#8191,.T.);
#8193=EDGE_LOOP('',(#8178,#8180,#8182,#8184,#8186,#8188,#8190,#8192));
#8194=FACE_BOUND('',#8193,.F.);
#8196=ORIENTED_EDGE('',*,*,#8195,.F.);
#8198=ORIENTED_EDGE('',*,*,#8197,.T.);
#8200=ORIENTED_EDGE('',*,*,#8199,.T.);
#8202=ORIENTED_EDGE('',*,*,#8201,.T.);
#8204=ORIENTED_EDGE('',*,*,#8203,.T.);
#8206=ORIENTED_EDGE('',*,*,#8205,.T.);
#8208=ORIENTED_EDGE('',*,*,#8207,.T.);
#8210=ORIENTED_EDGE('',*,*,#8209,.T.);
#8212=ORIENTED_EDGE('',*,*,#8211,.T.);
#8214=ORIENTED_EDGE('',*,*,#8213,.T.);
#8216=ORIENTED_EDGE('',*,*,#8215,.T.);
#8218=ORIENTED_EDGE('',*,*,#8217,.T.);
#8220=ORIENTED_EDGE('',*,*,#8219,.T.);
#8221=EDGE_LOOP('',(#8196,#8198,#8200,#8202,#8204,#8206,#8208,#8210,#8212,#8214,
#8216,#8218,#8220));
#8222=FACE_BOUND('',#8221,.F.);
#8223=ADVANCED_FACE('',(#8170,#8176,#8194,#8222),#8166,.T.);
#8224=FILL_AREA_STYLE_COLOUR('',#6);
#8225=FILL_AREA_STYLE('',(#8224));
#8226=SURFACE_STYLE_FILL_AREA(#8225);
#8227=SURFACE_SIDE_STYLE('',(#8226));
#8228=SURFACE_STYLE_USAGE(.POSITIVE.,#8227);
#8229=PRESENTATION_STYLE_ASSIGNMENT((#8228));
#8230=STYLED_ITEM('',(#8229),#8223);
#8231=CARTESIAN_POINT('',(0.E0,0.E0,1.E-1));
#8232=DIRECTION('',(0.E0,0.E0,-1.E0));
#8233=DIRECTION('',(-1.E0,0.E0,0.E0));
#8234=AXIS2_PLACEMENT_3D('',#8231,#8232,#8233);
#8235=PLANE('',#8234);
#8237=ORIENTED_EDGE('',*,*,#8236,.T.);
#8239=ORIENTED_EDGE('',*,*,#8238,.T.);
#8241=ORIENTED_EDGE('',*,*,#8240,.T.);
#8242=EDGE_LOOP('',(#8237,#8239,#8241));
#8243=FACE_OUTER_BOUND('',#8242,.F.);
#8244=ADVANCED_FACE('',(#8243),#8235,.T.);
#8245=FILL_AREA_STYLE_COLOUR('',#6);
#8246=FILL_AREA_STYLE('',(#8245));
#8247=SURFACE_STYLE_FILL_AREA(#8246);
#8248=SURFACE_SIDE_STYLE('',(#8247));
#8249=SURFACE_STYLE_USAGE(.POSITIVE.,#8248);
#8250=PRESENTATION_STYLE_ASSIGNMENT((#8249));
#8251=STYLED_ITEM('',(#8250),#8244);
#8252=CARTESIAN_POINT('',(7.E-1,-5.5E-1,1.E-1));
#8253=DIRECTION('',(0.E0,0.E0,-1.E0));
#8254=DIRECTION('',(1.E0,0.E0,0.E0));
#8255=AXIS2_PLACEMENT_3D('',#8252,#8253,#8254);
#8256=CYLINDRICAL_SURFACE('',#8255,5.E-1);
#8257=ORIENTED_EDGE('',*,*,#8171,.F.);
#8259=ORIENTED_EDGE('',*,*,#8258,.T.);
#8261=ORIENTED_EDGE('',*,*,#8260,.T.);
#8263=ORIENTED_EDGE('',*,*,#8262,.F.);
#8264=EDGE_LOOP('',(#8257,#8259,#8261,#8263));
#8265=FACE_OUTER_BOUND('',#8264,.F.);
#8266=ADVANCED_FACE('',(#8265),#8256,.F.);
#8267=FILL_AREA_STYLE_COLOUR('',#6);
#8268=FILL_AREA_STYLE('',(#8267));
#8269=SURFACE_STYLE_FILL_AREA(#8268);
#8270=SURFACE_SIDE_STYLE('',(#8269));
#8271=SURFACE_STYLE_USAGE(.POSITIVE.,#8270);
#8272=PRESENTATION_STYLE_ASSIGNMENT((#8271));
#8273=STYLED_ITEM('',(#8272),#8266);
#8274=CARTESIAN_POINT('',(7.E-1,-5.5E-1,1.E-1));
#8275=DIRECTION('',(0.E0,0.E0,-1.E0));
#8276=DIRECTION('',(1.E0,0.E0,0.E0));
#8277=AXIS2_PLACEMENT_3D('',#8274,#8275,#8276);
#8278=CYLINDRICAL_SURFACE('',#8277,5.E-1);
#8279=ORIENTED_EDGE('',*,*,#8173,.F.);
#8280=ORIENTED_EDGE('',*,*,#8262,.T.);
#8282=ORIENTED_EDGE('',*,*,#8281,.T.);
#8283=ORIENTED_EDGE('',*,*,#8258,.F.);
#8284=EDGE_LOOP('',(#8279,#8280,#8282,#8283));
#8285=FACE_OUTER_BOUND('',#8284,.F.);
#8286=ADVANCED_FACE('',(#8285),#8278,.F.);
#8287=FILL_AREA_STYLE_COLOUR('',#6);
#8288=FILL_AREA_STYLE('',(#8287));
#8289=SURFACE_STYLE_FILL_AREA(#8288);
#8290=SURFACE_SIDE_STYLE('',(#8289));
#8291=SURFACE_STYLE_USAGE(.POSITIVE.,#8290);
#8292=PRESENTATION_STYLE_ASSIGNMENT((#8291));
#8293=STYLED_ITEM('',(#8292),#8286);
#8294=CARTESIAN_POINT('',(0.E0,0.E0,4.E-1));
#8295=DIRECTION('',(0.E0,0.E0,-1.E0));
#8296=DIRECTION('',(1.E0,0.E0,0.E0));
#8297=AXIS2_PLACEMENT_3D('',#8294,#8295,#8296);
#8298=PLANE('',#8297);
#8300=ORIENTED_EDGE('',*,*,#8299,.F.);
#8302=ORIENTED_EDGE('',*,*,#8301,.F.);
#8303=EDGE_LOOP('',(#8300,#8302));
#8304=FACE_OUTER_BOUND('',#8303,.F.);
#8306=ORIENTED_EDGE('',*,*,#8305,.T.);
#8308=ORIENTED_EDGE('',*,*,#8307,.T.);
#8309=EDGE_LOOP('',(#8306,#8308));
#8310=FACE_BOUND('',#8309,.F.);
#8311=ADVANCED_FACE('',(#8304,#8310),#8298,.T.);
#8312=FILL_AREA_STYLE_COLOUR('',#6);
#8313=FILL_AREA_STYLE('',(#8312));
#8314=SURFACE_STYLE_FILL_AREA(#8313);
#8315=SURFACE_SIDE_STYLE('',(#8314));
#8316=SURFACE_STYLE_USAGE(.POSITIVE.,#8315);
#8317=PRESENTATION_STYLE_ASSIGNMENT((#8316));
#8318=STYLED_ITEM('',(#8317),#8311);
#8319=CARTESIAN_POINT('',(0.E0,0.E0,4.E-1));
#8320=DIRECTION('',(0.E0,0.E0,-1.E0));
#8321=DIRECTION('',(1.E0,0.E0,0.E0));
#8322=AXIS2_PLACEMENT_3D('',#8319,#8320,#8321);
#8323=PLANE('',#8322);
#8324=ORIENTED_EDGE('',*,*,#8260,.F.);
#8325=ORIENTED_EDGE('',*,*,#8281,.F.);
#8326=EDGE_LOOP('',(#8324,#8325));
#8327=FACE_OUTER_BOUND('',#8326,.F.);
#8329=ORIENTED_EDGE('',*,*,#8328,.T.);
#8331=ORIENTED_EDGE('',*,*,#8330,.T.);
#8332=EDGE_LOOP('',(#8329,#8331));
#8333=FACE_BOUND('',#8332,.F.);
#8334=ADVANCED_FACE('',(#8327,#8333),#8323,.T.);
#8335=FILL_AREA_STYLE_COLOUR('',#6);
#8336=FILL_AREA_STYLE('',(#8335));
#8337=SURFACE_STYLE_FILL_AREA(#8336);
#8338=SURFACE_SIDE_STYLE('',(#8337));
#8339=SURFACE_STYLE_USAGE(.POSITIVE.,#8338);
#8340=PRESENTATION_STYLE_ASSIGNMENT((#8339));
#8341=STYLED_ITEM('',(#8340),#8334);
#8342=CARTESIAN_POINT('',(-7.E-1,-5.5E-1,1.E-1));
#8343=DIRECTION('',(0.E0,0.E0,-1.E0));
#8344=DIRECTION('',(1.E0,0.E0,0.E0));
#8345=AXIS2_PLACEMENT_3D('',#8342,#8343,#8344);
#8346=CYLINDRICAL_SURFACE('',#8345,5.E-1);
#8348=ORIENTED_EDGE('',*,*,#8347,.T.);
#8350=ORIENTED_EDGE('',*,*,#8349,.T.);
#8352=ORIENTED_EDGE('',*,*,#8351,.T.);
#8353=ORIENTED_EDGE('',*,*,#8299,.T.);
#8354=EDGE_LOOP('',(#8348,#8350,#8352,#8353));
#8355=FACE_OUTER_BOUND('',#8354,.F.);
#8356=ADVANCED_FACE('',(#8355),#8346,.F.);
#8357=FILL_AREA_STYLE_COLOUR('',#6);
#8358=FILL_AREA_STYLE('',(#8357));
#8359=SURFACE_STYLE_FILL_AREA(#8358);
#8360=SURFACE_SIDE_STYLE('',(#8359));
#8361=SURFACE_STYLE_USAGE(.POSITIVE.,#8360);
#8362=PRESENTATION_STYLE_ASSIGNMENT((#8361));
#8363=STYLED_ITEM('',(#8362),#8356);
#8364=CARTESIAN_POINT('',(-7.E-1,-5.5E-1,1.E-1));
#8365=DIRECTION('',(0.E0,0.E0,-1.E0));
#8366=DIRECTION('',(1.E0,0.E0,0.E0));
#8367=AXIS2_PLACEMENT_3D('',#8364,#8365,#8366);
#8368=CYLINDRICAL_SURFACE('',#8367,5.E-1);
#8369=ORIENTED_EDGE('',*,*,#8351,.F.);
#8371=ORIENTED_EDGE('',*,*,#8370,.T.);
#8372=ORIENTED_EDGE('',*,*,#8347,.F.);
#8373=ORIENTED_EDGE('',*,*,#8301,.T.);
#8374=EDGE_LOOP('',(#8369,#8371,#8372,#8373));
#8375=FACE_OUTER_BOUND('',#8374,.F.);
#8376=ADVANCED_FACE('',(#8375),#8368,.F.);
#8377=FILL_AREA_STYLE_COLOUR('',#6);
#8378=FILL_AREA_STYLE('',(#8377));
#8379=SURFACE_STYLE_FILL_AREA(#8378);
#8380=SURFACE_SIDE_STYLE('',(#8379));
#8381=SURFACE_STYLE_USAGE(.POSITIVE.,#8380);
#8382=PRESENTATION_STYLE_ASSIGNMENT((#8381));
#8383=STYLED_ITEM('',(#8382),#8376);
#8384=CARTESIAN_POINT('',(0.E0,0.E0,9.E-2));
#8385=DIRECTION('',(0.E0,0.E0,-1.E0));
#8386=DIRECTION('',(1.E0,0.E0,0.E0));
#8387=AXIS2_PLACEMENT_3D('',#8384,#8385,#8386);
#8388=PLANE('',#8387);
#8390=ORIENTED_EDGE('',*,*,#8389,.T.);
#8392=ORIENTED_EDGE('',*,*,#8391,.F.);
#8394=ORIENTED_EDGE('',*,*,#8393,.T.);
#8395=EDGE_LOOP('',(#8390,#8392,#8394));
#8396=FACE_OUTER_BOUND('',#8395,.F.);
#8397=ORIENTED_EDGE('',*,*,#8370,.F.);
#8398=ORIENTED_EDGE('',*,*,#8349,.F.);
#8399=EDGE_LOOP('',(#8397,#8398));
#8400=FACE_BOUND('',#8399,.F.);
#8401=ADVANCED_FACE('',(#8396,#8400),#8388,.T.);
#8402=FILL_AREA_STYLE_COLOUR('',#4);
#8403=FILL_AREA_STYLE('',(#8402));
#8404=SURFACE_STYLE_FILL_AREA(#8403);
#8405=SURFACE_SIDE_STYLE('',(#8404));
#8406=SURFACE_STYLE_USAGE(.POSITIVE.,#8405);
#8407=PRESENTATION_STYLE_ASSIGNMENT((#8406));
#8408=STYLED_ITEM('',(#8407),#8401);
#8409=CARTESIAN_POINT('',(-4.386E-1,3.5E-3,1.E-1));
#8410=DIRECTION('',(-1.E0,0.E0,0.E0));
#8411=DIRECTION('',(0.E0,1.E0,0.E0));
#8412=AXIS2_PLACEMENT_3D('',#8409,#8410,#8411);
#8413=PLANE('',#8412);
#8414=ORIENTED_EDGE('',*,*,#8389,.F.);
#8416=ORIENTED_EDGE('',*,*,#8415,.T.);
#8418=ORIENTED_EDGE('',*,*,#8417,.T.);
#8420=ORIENTED_EDGE('',*,*,#8419,.F.);
#8421=ORIENTED_EDGE('',*,*,#8197,.F.);
#8423=ORIENTED_EDGE('',*,*,#8422,.T.);
#8424=EDGE_LOOP('',(#8414,#8416,#8418,#8420,#8421,#8423));
#8425=FACE_OUTER_BOUND('',#8424,.F.);
#8426=ADVANCED_FACE('',(#8425),#8413,.T.);
#8427=FILL_AREA_STYLE_COLOUR('',#11);
#8428=FILL_AREA_STYLE('',(#8427));
#8429=SURFACE_STYLE_FILL_AREA(#8428);
#8430=SURFACE_SIDE_STYLE('',(#8429));
#8431=SURFACE_STYLE_USAGE(.POSITIVE.,#8430);
#8432=PRESENTATION_STYLE_ASSIGNMENT((#8431));
#8433=STYLED_ITEM('',(#8432),#8426);
#8434=CARTESIAN_POINT('',(-3.386E-1,3.5E-3,1.E-1));
#8435=DIRECTION('',(0.E0,-1.E0,0.E0));
#8436=DIRECTION('',(-1.E0,0.E0,0.E0));
#8437=AXIS2_PLACEMENT_3D('',#8434,#8435,#8436);
#8438=PLANE('',#8437);
#8439=ORIENTED_EDGE('',*,*,#8393,.F.);
#8441=ORIENTED_EDGE('',*,*,#8440,.F.);
#8442=ORIENTED_EDGE('',*,*,#8219,.F.);
#8444=ORIENTED_EDGE('',*,*,#8443,.T.);
#8446=ORIENTED_EDGE('',*,*,#8445,.T.);
#8447=ORIENTED_EDGE('',*,*,#8415,.F.);
#8448=EDGE_LOOP('',(#8439,#8441,#8442,#8444,#8446,#8447));
#8449=FACE_OUTER_BOUND('',#8448,.F.);
#8450=ADVANCED_FACE('',(#8449),#8438,.T.);
#8451=FILL_AREA_STYLE_COLOUR('',#11);
#8452=FILL_AREA_STYLE('',(#8451));
#8453=SURFACE_STYLE_FILL_AREA(#8452);
#8454=SURFACE_SIDE_STYLE('',(#8453));
#8455=SURFACE_STYLE_USAGE(.POSITIVE.,#8454);
#8456=PRESENTATION_STYLE_ASSIGNMENT((#8455));
#8457=STYLED_ITEM('',(#8456),#8450);
#8458=CARTESIAN_POINT('',(-7.E-1,-5.5E-1,1.E-1));
#8459=DIRECTION('',(0.E0,0.E0,-1.E0));
#8460=DIRECTION('',(1.E0,0.E0,0.E0));
#8461=AXIS2_PLACEMENT_3D('',#8458,#8459,#8460);
#8462=CYLINDRICAL_SURFACE('',#8461,6.2E-1);
#8463=ORIENTED_EDGE('',*,*,#8195,.T.);
#8464=ORIENTED_EDGE('',*,*,#8440,.T.);
#8465=ORIENTED_EDGE('',*,*,#8391,.T.);
#8466=ORIENTED_EDGE('',*,*,#8422,.F.);
#8467=EDGE_LOOP('',(#8463,#8464,#8465,#8466));
#8468=FACE_OUTER_BOUND('',#8467,.F.);
#8469=ADVANCED_FACE('',(#8468),#8462,.T.);
#8470=FILL_AREA_STYLE_COLOUR('',#4);
#8471=FILL_AREA_STYLE('',(#8470));
#8472=SURFACE_STYLE_FILL_AREA(#8471);
#8473=SURFACE_SIDE_STYLE('',(#8472));
#8474=SURFACE_STYLE_USAGE(.POSITIVE.,#8473);
#8475=PRESENTATION_STYLE_ASSIGNMENT((#8474));
#8476=STYLED_ITEM('',(#8475),#8469);
#8477=CARTESIAN_POINT('',(-3.386E-1,3.035E-1,1.E-1));
#8478=DIRECTION('',(1.E0,0.E0,0.E0));
#8479=DIRECTION('',(0.E0,-1.E0,0.E0));
#8480=AXIS2_PLACEMENT_3D('',#8477,#8478,#8479);
#8481=PLANE('',#8480);
#8482=ORIENTED_EDGE('',*,*,#8217,.F.);
#8484=ORIENTED_EDGE('',*,*,#8483,.T.);
#8486=ORIENTED_EDGE('',*,*,#8485,.T.);
#8487=ORIENTED_EDGE('',*,*,#8443,.F.);
#8488=EDGE_LOOP('',(#8482,#8484,#8486,#8487));
#8489=FACE_OUTER_BOUND('',#8488,.F.);
#8490=ADVANCED_FACE('',(#8489),#8481,.T.);
#8491=FILL_AREA_STYLE_COLOUR('',#11);
#8492=FILL_AREA_STYLE('',(#8491));
#8493=SURFACE_STYLE_FILL_AREA(#8492);
#8494=SURFACE_SIDE_STYLE('',(#8493));
#8495=SURFACE_STYLE_USAGE(.POSITIVE.,#8494);
#8496=PRESENTATION_STYLE_ASSIGNMENT((#8495));
#8497=STYLED_ITEM('',(#8496),#8490);
#8498=CARTESIAN_POINT('',(-3.86E-2,3.035E-1,1.E-1));
#8499=DIRECTION('',(0.E0,-1.E0,0.E0));
#8500=DIRECTION('',(-1.E0,0.E0,0.E0));
#8501=AXIS2_PLACEMENT_3D('',#8498,#8499,#8500);
#8502=PLANE('',#8501);
#8503=ORIENTED_EDGE('',*,*,#8215,.F.);
#8505=ORIENTED_EDGE('',*,*,#8504,.T.);
#8507=ORIENTED_EDGE('',*,*,#8506,.T.);
#8508=ORIENTED_EDGE('',*,*,#8483,.F.);
#8509=EDGE_LOOP('',(#8503,#8505,#8507,#8508));
#8510=FACE_OUTER_BOUND('',#8509,.F.);
#8511=ADVANCED_FACE('',(#8510),#8502,.T.);
#8512=FILL_AREA_STYLE_COLOUR('',#11);
#8513=FILL_AREA_STYLE('',(#8512));
#8514=SURFACE_STYLE_FILL_AREA(#8513);
#8515=SURFACE_SIDE_STYLE('',(#8514));
#8516=SURFACE_STYLE_USAGE(.POSITIVE.,#8515);
#8517=PRESENTATION_STYLE_ASSIGNMENT((#8516));
#8518=STYLED_ITEM('',(#8517),#8511);
#8519=CARTESIAN_POINT('',(-3.86E-2,4.035E-1,1.E-1));
#8520=DIRECTION('',(1.E0,0.E0,0.E0));
#8521=DIRECTION('',(0.E0,-1.E0,0.E0));
#8522=AXIS2_PLACEMENT_3D('',#8519,#8520,#8521);
#8523=PLANE('',#8522);
#8524=ORIENTED_EDGE('',*,*,#8213,.F.);
#8526=ORIENTED_EDGE('',*,*,#8525,.T.);
#8528=ORIENTED_EDGE('',*,*,#8527,.T.);
#8529=ORIENTED_EDGE('',*,*,#8504,.F.);
#8530=EDGE_LOOP('',(#8524,#8526,#8528,#8529));
#8531=FACE_OUTER_BOUND('',#8530,.F.);
#8532=ADVANCED_FACE('',(#8531),#8523,.T.);
#8533=FILL_AREA_STYLE_COLOUR('',#11);
#8534=FILL_AREA_STYLE('',(#8533));
#8535=SURFACE_STYLE_FILL_AREA(#8534);
#8536=SURFACE_SIDE_STYLE('',(#8535));
#8537=SURFACE_STYLE_USAGE(.POSITIVE.,#8536);
#8538=PRESENTATION_STYLE_ASSIGNMENT((#8537));
#8539=STYLED_ITEM('',(#8538),#8532);
#8540=CARTESIAN_POINT('',(-3.386E-1,4.035E-1,1.E-1));
#8541=DIRECTION('',(0.E0,1.E0,0.E0));
#8542=DIRECTION('',(1.E0,0.E0,0.E0));
#8543=AXIS2_PLACEMENT_3D('',#8540,#8541,#8542);
#8544=PLANE('',#8543);
#8545=ORIENTED_EDGE('',*,*,#8211,.F.);
#8547=ORIENTED_EDGE('',*,*,#8546,.T.);
#8549=ORIENTED_EDGE('',*,*,#8548,.T.);
#8550=ORIENTED_EDGE('',*,*,#8525,.F.);
#8551=EDGE_LOOP('',(#8545,#8547,#8549,#8550));
#8552=FACE_OUTER_BOUND('',#8551,.F.);
#8553=ADVANCED_FACE('',(#8552),#8544,.T.);
#8554=FILL_AREA_STYLE_COLOUR('',#11);
#8555=FILL_AREA_STYLE('',(#8554));
#8556=SURFACE_STYLE_FILL_AREA(#8555);
#8557=SURFACE_SIDE_STYLE('',(#8556));
#8558=SURFACE_STYLE_USAGE(.POSITIVE.,#8557);
#8559=PRESENTATION_STYLE_ASSIGNMENT((#8558));
#8560=STYLED_ITEM('',(#8559),#8553);
#8561=CARTESIAN_POINT('',(-3.386E-1,7.035E-1,1.E-1));
#8562=DIRECTION('',(1.E0,0.E0,0.E0));
#8563=DIRECTION('',(0.E0,-1.E0,0.E0));
#8564=AXIS2_PLACEMENT_3D('',#8561,#8562,#8563);
#8565=PLANE('',#8564);
#8566=ORIENTED_EDGE('',*,*,#8209,.F.);
#8568=ORIENTED_EDGE('',*,*,#8567,.T.);
#8570=ORIENTED_EDGE('',*,*,#8569,.T.);
#8571=ORIENTED_EDGE('',*,*,#8546,.F.);
#8572=EDGE_LOOP('',(#8566,#8568,#8570,#8571));
#8573=FACE_OUTER_BOUND('',#8572,.F.);
#8574=ADVANCED_FACE('',(#8573),#8565,.T.);
#8575=FILL_AREA_STYLE_COLOUR('',#11);
#8576=FILL_AREA_STYLE('',(#8575));
#8577=SURFACE_STYLE_FILL_AREA(#8576);
#8578=SURFACE_SIDE_STYLE('',(#8577));
#8579=SURFACE_STYLE_USAGE(.POSITIVE.,#8578);
#8580=PRESENTATION_STYLE_ASSIGNMENT((#8579));
#8581=STYLED_ITEM('',(#8580),#8574);
#8582=CARTESIAN_POINT('',(-4.386E-1,7.035E-1,1.E-1));
#8583=DIRECTION('',(0.E0,1.E0,0.E0));
#8584=DIRECTION('',(1.E0,0.E0,0.E0));
#8585=AXIS2_PLACEMENT_3D('',#8582,#8583,#8584);
#8586=PLANE('',#8585);
#8587=ORIENTED_EDGE('',*,*,#8207,.F.);
#8589=ORIENTED_EDGE('',*,*,#8588,.T.);
#8591=ORIENTED_EDGE('',*,*,#8590,.T.);
#8592=ORIENTED_EDGE('',*,*,#8567,.F.);
#8593=EDGE_LOOP('',(#8587,#8589,#8591,#8592));
#8594=FACE_OUTER_BOUND('',#8593,.F.);
#8595=ADVANCED_FACE('',(#8594),#8586,.T.);
#8596=FILL_AREA_STYLE_COLOUR('',#11);
#8597=FILL_AREA_STYLE('',(#8596));
#8598=SURFACE_STYLE_FILL_AREA(#8597);
#8599=SURFACE_SIDE_STYLE('',(#8598));
#8600=SURFACE_STYLE_USAGE(.POSITIVE.,#8599);
#8601=PRESENTATION_STYLE_ASSIGNMENT((#8600));
#8602=STYLED_ITEM('',(#8601),#8595);
#8603=CARTESIAN_POINT('',(-4.386E-1,4.035E-1,1.E-1));
#8604=DIRECTION('',(-1.E0,0.E0,0.E0));
#8605=DIRECTION('',(0.E0,1.E0,0.E0));
#8606=AXIS2_PLACEMENT_3D('',#8603,#8604,#8605);
#8607=PLANE('',#8606);
#8608=ORIENTED_EDGE('',*,*,#8205,.F.);
#8610=ORIENTED_EDGE('',*,*,#8609,.T.);
#8612=ORIENTED_EDGE('',*,*,#8611,.T.);
#8613=ORIENTED_EDGE('',*,*,#8588,.F.);
#8614=EDGE_LOOP('',(#8608,#8610,#8612,#8613));
#8615=FACE_OUTER_BOUND('',#8614,.F.);
#8616=ADVANCED_FACE('',(#8615),#8607,.T.);
#8617=FILL_AREA_STYLE_COLOUR('',#11);
#8618=FILL_AREA_STYLE('',(#8617));
#8619=SURFACE_STYLE_FILL_AREA(#8618);
#8620=SURFACE_SIDE_STYLE('',(#8619));
#8621=SURFACE_STYLE_USAGE(.POSITIVE.,#8620);
#8622=PRESENTATION_STYLE_ASSIGNMENT((#8621));
#8623=STYLED_ITEM('',(#8622),#8616);
#8624=CARTESIAN_POINT('',(-7.386E-1,4.035E-1,1.E-1));
#8625=DIRECTION('',(0.E0,1.E0,0.E0));
#8626=DIRECTION('',(1.E0,0.E0,0.E0));
#8627=AXIS2_PLACEMENT_3D('',#8624,#8625,#8626);
#8628=PLANE('',#8627);
#8629=ORIENTED_EDGE('',*,*,#8203,.F.);
#8631=ORIENTED_EDGE('',*,*,#8630,.T.);
#8633=ORIENTED_EDGE('',*,*,#8632,.T.);
#8634=ORIENTED_EDGE('',*,*,#8609,.F.);
#8635=EDGE_LOOP('',(#8629,#8631,#8633,#8634));
#8636=FACE_OUTER_BOUND('',#8635,.F.);
#8637=ADVANCED_FACE('',(#8636),#8628,.T.);
#8638=FILL_AREA_STYLE_COLOUR('',#11);
#8639=FILL_AREA_STYLE('',(#8638));
#8640=SURFACE_STYLE_FILL_AREA(#8639);
#8641=SURFACE_SIDE_STYLE('',(#8640));
#8642=SURFACE_STYLE_USAGE(.POSITIVE.,#8641);
#8643=PRESENTATION_STYLE_ASSIGNMENT((#8642));
#8644=STYLED_ITEM('',(#8643),#8637);
#8645=CARTESIAN_POINT('',(-7.386E-1,3.035E-1,1.E-1));
#8646=DIRECTION('',(-1.E0,0.E0,0.E0));
#8647=DIRECTION('',(0.E0,1.E0,0.E0));
#8648=AXIS2_PLACEMENT_3D('',#8645,#8646,#8647);
#8649=PLANE('',#8648);
#8650=ORIENTED_EDGE('',*,*,#8201,.F.);
#8652=ORIENTED_EDGE('',*,*,#8651,.T.);
#8654=ORIENTED_EDGE('',*,*,#8653,.T.);
#8655=ORIENTED_EDGE('',*,*,#8630,.F.);
#8656=EDGE_LOOP('',(#8650,#8652,#8654,#8655));
#8657=FACE_OUTER_BOUND('',#8656,.F.);
#8658=ADVANCED_FACE('',(#8657),#8649,.T.);
#8659=FILL_AREA_STYLE_COLOUR('',#11);
#8660=FILL_AREA_STYLE('',(#8659));
#8661=SURFACE_STYLE_FILL_AREA(#8660);
#8662=SURFACE_SIDE_STYLE('',(#8661));
#8663=SURFACE_STYLE_USAGE(.POSITIVE.,#8662);
#8664=PRESENTATION_STYLE_ASSIGNMENT((#8663));
#8665=STYLED_ITEM('',(#8664),#8658);
#8666=CARTESIAN_POINT('',(-4.386E-1,3.035E-1,1.E-1));
#8667=DIRECTION('',(0.E0,-1.E0,0.E0));
#8668=DIRECTION('',(-1.E0,0.E0,0.E0));
#8669=AXIS2_PLACEMENT_3D('',#8666,#8667,#8668);
#8670=PLANE('',#8669);
#8671=ORIENTED_EDGE('',*,*,#8199,.F.);
#8672=ORIENTED_EDGE('',*,*,#8419,.T.);
#8674=ORIENTED_EDGE('',*,*,#8673,.T.);
#8675=ORIENTED_EDGE('',*,*,#8651,.F.);
#8676=EDGE_LOOP('',(#8671,#8672,#8674,#8675));
#8677=FACE_OUTER_BOUND('',#8676,.F.);
#8678=ADVANCED_FACE('',(#8677),#8670,.T.);
#8679=FILL_AREA_STYLE_COLOUR('',#11);
#8680=FILL_AREA_STYLE('',(#8679));
#8681=SURFACE_STYLE_FILL_AREA(#8680);
#8682=SURFACE_SIDE_STYLE('',(#8681));
#8683=SURFACE_STYLE_USAGE(.POSITIVE.,#8682);
#8684=PRESENTATION_STYLE_ASSIGNMENT((#8683));
#8685=STYLED_ITEM('',(#8684),#8678);
#8686=CARTESIAN_POINT('',(0.E0,0.E0,8.E-2));
#8687=DIRECTION('',(0.E0,0.E0,-1.E0));
#8688=DIRECTION('',(1.E0,0.E0,0.E0));
#8689=AXIS2_PLACEMENT_3D('',#8686,#8687,#8688);
#8690=PLANE('',#8689);
#8691=ORIENTED_EDGE('',*,*,#8417,.F.);
#8692=ORIENTED_EDGE('',*,*,#8445,.F.);
#8693=ORIENTED_EDGE('',*,*,#8485,.F.);
#8694=ORIENTED_EDGE('',*,*,#8506,.F.);
#8695=ORIENTED_EDGE('',*,*,#8527,.F.);
#8696=ORIENTED_EDGE('',*,*,#8548,.F.);
#8697=ORIENTED_EDGE('',*,*,#8569,.F.);
#8698=ORIENTED_EDGE('',*,*,#8590,.F.);
#8699=ORIENTED_EDGE('',*,*,#8611,.F.);
#8700=ORIENTED_EDGE('',*,*,#8632,.F.);
#8701=ORIENTED_EDGE('',*,*,#8653,.F.);
#8702=ORIENTED_EDGE('',*,*,#8673,.F.);
#8703=EDGE_LOOP('',(#8691,#8692,#8693,#8694,#8695,#8696,#8697,#8698,#8699,#8700,
#8701,#8702));
#8704=FACE_OUTER_BOUND('',#8703,.F.);
#8705=ADVANCED_FACE('',(#8704),#8690,.T.);
#8706=FILL_AREA_STYLE_COLOUR('',#11);
#8707=FILL_AREA_STYLE('',(#8706));
#8708=SURFACE_STYLE_FILL_AREA(#8707);
#8709=SURFACE_SIDE_STYLE('',(#8708));
#8710=SURFACE_STYLE_USAGE(.POSITIVE.,#8709);
#8711=PRESENTATION_STYLE_ASSIGNMENT((#8710));
#8712=STYLED_ITEM('',(#8711),#8705);
#8713=CARTESIAN_POINT('',(0.E0,0.E0,8.E-2));
#8714=DIRECTION('',(0.E0,0.E0,-1.E0));
#8715=DIRECTION('',(1.E0,0.E0,0.E0));
#8716=AXIS2_PLACEMENT_3D('',#8713,#8714,#8715);
#8717=PLANE('',#8716);
#8719=ORIENTED_EDGE('',*,*,#8718,.F.);
#8721=ORIENTED_EDGE('',*,*,#8720,.F.);
#8723=ORIENTED_EDGE('',*,*,#8722,.F.);
#8725=ORIENTED_EDGE('',*,*,#8724,.F.);
#8727=ORIENTED_EDGE('',*,*,#8726,.F.);
#8729=ORIENTED_EDGE('',*,*,#8728,.F.);
#8731=ORIENTED_EDGE('',*,*,#8730,.F.);
#8733=ORIENTED_EDGE('',*,*,#8732,.F.);
#8734=EDGE_LOOP('',(#8719,#8721,#8723,#8725,#8727,#8729,#8731,#8733));
#8735=FACE_OUTER_BOUND('',#8734,.F.);
#8737=ORIENTED_EDGE('',*,*,#8736,.F.);
#8739=ORIENTED_EDGE('',*,*,#8738,.F.);
#8741=ORIENTED_EDGE('',*,*,#8740,.F.);
#8742=EDGE_LOOP('',(#8737,#8739,#8741));
#8743=FACE_BOUND('',#8742,.F.);
#8744=ADVANCED_FACE('',(#8735,#8743),#8717,.T.);
#8745=FILL_AREA_STYLE_COLOUR('',#11);
#8746=FILL_AREA_STYLE('',(#8745));
#8747=SURFACE_STYLE_FILL_AREA(#8746);
#8748=SURFACE_SIDE_STYLE('',(#8747));
#8749=SURFACE_STYLE_USAGE(.POSITIVE.,#8748);
#8750=PRESENTATION_STYLE_ASSIGNMENT((#8749));
#8751=STYLED_ITEM('',(#8750),#8744);
#8752=CARTESIAN_POINT('',(4.7135E-1,1.283E-1,1.E-1));
#8753=DIRECTION('',(0.E0,-1.E0,0.E0));
#8754=DIRECTION('',(-1.E0,0.E0,0.E0));
#8755=AXIS2_PLACEMENT_3D('',#8752,#8753,#8754);
#8756=PLANE('',#8755);
#8757=ORIENTED_EDGE('',*,*,#8177,.F.);
#8759=ORIENTED_EDGE('',*,*,#8758,.T.);
#8760=ORIENTED_EDGE('',*,*,#8718,.T.);
#8762=ORIENTED_EDGE('',*,*,#8761,.F.);
#8763=EDGE_LOOP('',(#8757,#8759,#8760,#8762));
#8764=FACE_OUTER_BOUND('',#8763,.F.);
#8765=ADVANCED_FACE('',(#8764),#8756,.T.);
#8766=FILL_AREA_STYLE_COLOUR('',#11);
#8767=FILL_AREA_STYLE('',(#8766));
#8768=SURFACE_STYLE_FILL_AREA(#8767);
#8769=SURFACE_SIDE_STYLE('',(#8768));
#8770=SURFACE_STYLE_USAGE(.POSITIVE.,#8769);
#8771=PRESENTATION_STYLE_ASSIGNMENT((#8770));
#8772=STYLED_ITEM('',(#8771),#8765);
#8773=CARTESIAN_POINT('',(7.650499824941E-1,1.0094E0,1.E-1));
#8774=DIRECTION('',(9.486833037051E-1,-3.162277490531E-1,0.E0));
#8775=DIRECTION('',(-3.162277490531E-1,-9.486833037051E-1,0.E0));
#8776=AXIS2_PLACEMENT_3D('',#8773,#8774,#8775);
#8777=PLANE('',#8776);
#8778=ORIENTED_EDGE('',*,*,#8191,.F.);
#8780=ORIENTED_EDGE('',*,*,#8779,.T.);
#8781=ORIENTED_EDGE('',*,*,#8720,.T.);
#8782=ORIENTED_EDGE('',*,*,#8758,.F.);
#8783=EDGE_LOOP('',(#8778,#8780,#8781,#8782));
#8784=FACE_OUTER_BOUND('',#8783,.F.);
#8785=ADVANCED_FACE('',(#8784),#8777,.T.);
#8786=FILL_AREA_STYLE_COLOUR('',#11);
#8787=FILL_AREA_STYLE('',(#8786));
#8788=SURFACE_STYLE_FILL_AREA(#8787);
#8789=SURFACE_SIDE_STYLE('',(#8788));
#8790=SURFACE_STYLE_USAGE(.POSITIVE.,#8789);
#8791=PRESENTATION_STYLE_ASSIGNMENT((#8790));
#8792=STYLED_ITEM('',(#8791),#8785);
#8793=CARTESIAN_POINT('',(6.549124824941E-1,1.0094E0,1.E-1));
#8794=DIRECTION('',(0.E0,1.E0,0.E0));
#8795=DIRECTION('',(1.E0,0.E0,0.E0));
#8796=AXIS2_PLACEMENT_3D('',#8793,#8794,#8795);
#8797=PLANE('',#8796);
#8798=ORIENTED_EDGE('',*,*,#8189,.F.);
#8800=ORIENTED_EDGE('',*,*,#8799,.T.);
#8801=ORIENTED_EDGE('',*,*,#8722,.T.);
#8802=ORIENTED_EDGE('',*,*,#8779,.F.);
#8803=EDGE_LOOP('',(#8798,#8800,#8801,#8802));
#8804=FACE_OUTER_BOUND('',#8803,.F.);
#8805=ADVANCED_FACE('',(#8804),#8797,.T.);
#8806=FILL_AREA_STYLE_COLOUR('',#11);
#8807=FILL_AREA_STYLE('',(#8806));
#8808=SURFACE_STYLE_FILL_AREA(#8807);
#8809=SURFACE_SIDE_STYLE('',(#8808));
#8810=SURFACE_STYLE_USAGE(.POSITIVE.,#8809);
#8811=PRESENTATION_STYLE_ASSIGNMENT((#8810));
#8812=STYLED_ITEM('',(#8811),#8805);
#8813=CARTESIAN_POINT('',(5.814875E-1,7.844382984310E-1,1.E-1));
#8814=DIRECTION('',(-9.506452246141E-1,3.102799653834E-1,0.E0));
#8815=DIRECTION('',(3.102799653834E-1,9.506452246141E-1,0.E0));
#8816=AXIS2_PLACEMENT_3D('',#8813,#8814,#8815);
#8817=PLANE('',#8816);
#8818=ORIENTED_EDGE('',*,*,#8187,.F.);
#8820=ORIENTED_EDGE('',*,*,#8819,.T.);
#8821=ORIENTED_EDGE('',*,*,#8724,.T.);
#8822=ORIENTED_EDGE('',*,*,#8799,.F.);
#8823=EDGE_LOOP('',(#8818,#8820,#8821,#8822));
#8824=FACE_OUTER_BOUND('',#8823,.F.);
#8825=ADVANCED_FACE('',(#8824),#8817,.T.);
#8826=FILL_AREA_STYLE_COLOUR('',#11);
#8827=FILL_AREA_STYLE('',(#8826));
#8828=SURFACE_STYLE_FILL_AREA(#8827);
#8829=SURFACE_SIDE_STYLE('',(#8828));
#8830=SURFACE_STYLE_USAGE(.POSITIVE.,#8829);
#8831=PRESENTATION_STYLE_ASSIGNMENT((#8830));
#8832=STYLED_ITEM('',(#8831),#8825);
#8833=CARTESIAN_POINT('',(2.143624956235E-1,7.844382984310E-1,1.E-1));
#8834=DIRECTION('',(0.E0,1.E0,0.E0));
#8835=DIRECTION('',(1.E0,0.E0,0.E0));
#8836=AXIS2_PLACEMENT_3D('',#8833,#8834,#8835);
#8837=PLANE('',#8836);
#8838=ORIENTED_EDGE('',*,*,#8185,.F.);
#8840=ORIENTED_EDGE('',*,*,#8839,.T.);
#8841=ORIENTED_EDGE('',*,*,#8726,.T.);
#8842=ORIENTED_EDGE('',*,*,#8819,.F.);
#8843=EDGE_LOOP('',(#8838,#8840,#8841,#8842));
#8844=FACE_OUTER_BOUND('',#8843,.F.);
#8845=ADVANCED_FACE('',(#8844),#8837,.T.);
#8846=FILL_AREA_STYLE_COLOUR('',#11);
#8847=FILL_AREA_STYLE('',(#8846));
#8848=SURFACE_STYLE_FILL_AREA(#8847);
#8849=SURFACE_SIDE_STYLE('',(#8848));
#8850=SURFACE_STYLE_USAGE(.POSITIVE.,#8849);
#8851=PRESENTATION_STYLE_ASSIGNMENT((#8850));
#8852=STYLED_ITEM('',(#8851),#8845);
#8853=CARTESIAN_POINT('',(1.409375E-1,1.0094E0,1.E-1));
#8854=DIRECTION('',(9.506452082487E-1,3.102800155243E-1,0.E0));
#8855=DIRECTION('',(3.102800155243E-1,-9.506452082487E-1,0.E0));
#8856=AXIS2_PLACEMENT_3D('',#8853,#8854,#8855);
#8857=PLANE('',#8856);
#8858=ORIENTED_EDGE('',*,*,#8183,.F.);
#8860=ORIENTED_EDGE('',*,*,#8859,.T.);
#8861=ORIENTED_EDGE('',*,*,#8728,.T.);
#8862=ORIENTED_EDGE('',*,*,#8839,.F.);
#8863=EDGE_LOOP('',(#8858,#8860,#8861,#8862));
#8864=FACE_OUTER_BOUND('',#8863,.F.);
#8865=ADVANCED_FACE('',(#8864),#8857,.T.);
#8866=FILL_AREA_STYLE_COLOUR('',#11);
#8867=FILL_AREA_STYLE('',(#8866));
#8868=SURFACE_STYLE_FILL_AREA(#8867);
#8869=SURFACE_SIDE_STYLE('',(#8868));
#8870=SURFACE_STYLE_USAGE(.POSITIVE.,#8869);
#8871=PRESENTATION_STYLE_ASSIGNMENT((#8870));
#8872=STYLED_ITEM('',(#8871),#8865);
#8873=CARTESIAN_POINT('',(3.08E-2,1.0094E0,1.E-1));
#8874=DIRECTION('',(0.E0,1.E0,0.E0));
#8875=DIRECTION('',(1.E0,0.E0,0.E0));
#8876=AXIS2_PLACEMENT_3D('',#8873,#8874,#8875);
#8877=PLANE('',#8876);
#8878=ORIENTED_EDGE('',*,*,#8181,.F.);
#8880=ORIENTED_EDGE('',*,*,#8879,.T.);
#8881=ORIENTED_EDGE('',*,*,#8730,.T.);
#8882=ORIENTED_EDGE('',*,*,#8859,.F.);
#8883=EDGE_LOOP('',(#8878,#8880,#8881,#8882));
#8884=FACE_OUTER_BOUND('',#8883,.F.);
#8885=ADVANCED_FACE('',(#8884),#8877,.T.);
#8886=FILL_AREA_STYLE_COLOUR('',#11);
#8887=FILL_AREA_STYLE('',(#8886));
#8888=SURFACE_STYLE_FILL_AREA(#8887);
#8889=SURFACE_SIDE_STYLE('',(#8888));
#8890=SURFACE_STYLE_USAGE(.POSITIVE.,#8889);
#8891=PRESENTATION_STYLE_ASSIGNMENT((#8890));
#8892=STYLED_ITEM('',(#8891),#8885);
#8893=CARTESIAN_POINT('',(3.245000087529E-1,1.283E-1,1.E-1));
#8894=DIRECTION('',(-9.486832952232E-1,-3.162277744987E-1,0.E0));
#8895=DIRECTION('',(-3.162277744987E-1,9.486832952232E-1,0.E0));
#8896=AXIS2_PLACEMENT_3D('',#8893,#8894,#8895);
#8897=PLANE('',#8896);
#8898=ORIENTED_EDGE('',*,*,#8179,.F.);
#8899=ORIENTED_EDGE('',*,*,#8761,.T.);
#8900=ORIENTED_EDGE('',*,*,#8732,.T.);
#8901=ORIENTED_EDGE('',*,*,#8879,.F.);
#8902=EDGE_LOOP('',(#8898,#8899,#8900,#8901));
#8903=FACE_OUTER_BOUND('',#8902,.F.);
#8904=ADVANCED_FACE('',(#8903),#8897,.T.);
#8905=FILL_AREA_STYLE_COLOUR('',#11);
#8906=FILL_AREA_STYLE('',(#8905));
#8907=SURFACE_STYLE_FILL_AREA(#8906);
#8908=SURFACE_SIDE_STYLE('',(#8907));
#8909=SURFACE_STYLE_USAGE(.POSITIVE.,#8908);
#8910=PRESENTATION_STYLE_ASSIGNMENT((#8909));
#8911=STYLED_ITEM('',(#8910),#8904);
#8912=CARTESIAN_POINT('',(3.979249912471E-1,2.032872251034E-1,1.E-1));
#8913=DIRECTION('',(-9.506451918075E-1,3.102800658973E-1,0.E0));
#8914=DIRECTION('',(3.102800658973E-1,9.506451918075E-1,0.E0));
#8915=AXIS2_PLACEMENT_3D('',#8912,#8913,#8914);
#8916=PLANE('',#8915);
#8917=ORIENTED_EDGE('',*,*,#8236,.F.);
#8919=ORIENTED_EDGE('',*,*,#8918,.T.);
#8920=ORIENTED_EDGE('',*,*,#8736,.T.);
#8922=ORIENTED_EDGE('',*,*,#8921,.F.);
#8923=EDGE_LOOP('',(#8917,#8919,#8920,#8922));
#8924=FACE_OUTER_BOUND('',#8923,.F.);
#8925=ADVANCED_FACE('',(#8924),#8916,.T.);
#8926=FILL_AREA_STYLE_COLOUR('',#11);
#8927=FILL_AREA_STYLE('',(#8926));
#8928=SURFACE_STYLE_FILL_AREA(#8927);
#8929=SURFACE_SIDE_STYLE('',(#8928));
#8930=SURFACE_STYLE_USAGE(.POSITIVE.,#8929);
#8931=PRESENTATION_STYLE_ASSIGNMENT((#8930));
#8932=STYLED_ITEM('',(#8931),#8925);
#8933=CARTESIAN_POINT('',(2.327187543765E-1,7.094510733277E-1,1.E-1));
#8934=DIRECTION('',(9.506452136281E-1,3.102799990428E-1,0.E0));
#8935=DIRECTION('',(3.102799990428E-1,-9.506452136281E-1,0.E0));
#8936=AXIS2_PLACEMENT_3D('',#8933,#8934,#8935);
#8937=PLANE('',#8936);
#8938=ORIENTED_EDGE('',*,*,#8240,.F.);
#8940=ORIENTED_EDGE('',*,*,#8939,.T.);
#8941=ORIENTED_EDGE('',*,*,#8738,.T.);
#8942=ORIENTED_EDGE('',*,*,#8918,.F.);
#8943=EDGE_LOOP('',(#8938,#8940,#8941,#8942));
#8944=FACE_OUTER_BOUND('',#8943,.F.);
#8945=ADVANCED_FACE('',(#8944),#8937,.T.);
#8946=FILL_AREA_STYLE_COLOUR('',#11);
#8947=FILL_AREA_STYLE('',(#8946));
#8948=SURFACE_STYLE_FILL_AREA(#8947);
#8949=SURFACE_SIDE_STYLE('',(#8948));
#8950=SURFACE_STYLE_USAGE(.POSITIVE.,#8949);
#8951=PRESENTATION_STYLE_ASSIGNMENT((#8950));
#8952=STYLED_ITEM('',(#8951),#8945);
#8953=CARTESIAN_POINT('',(5.631312675059E-1,7.094510733277E-1,1.E-1));
#8954=DIRECTION('',(0.E0,-1.E0,0.E0));
#8955=DIRECTION('',(-1.E0,0.E0,0.E0));
#8956=AXIS2_PLACEMENT_3D('',#8953,#8954,#8955);
#8957=PLANE('',#8956);
#8958=ORIENTED_EDGE('',*,*,#8238,.F.);
#8959=ORIENTED_EDGE('',*,*,#8921,.T.);
#8960=ORIENTED_EDGE('',*,*,#8740,.T.);
#8961=ORIENTED_EDGE('',*,*,#8939,.F.);
#8962=EDGE_LOOP('',(#8958,#8959,#8960,#8961));
#8963=FACE_OUTER_BOUND('',#8962,.F.);
#8964=ADVANCED_FACE('',(#8963),#8957,.T.);
#8965=FILL_AREA_STYLE_COLOUR('',#11);
#8966=FILL_AREA_STYLE('',(#8965));
#8967=SURFACE_STYLE_FILL_AREA(#8966);
#8968=SURFACE_SIDE_STYLE('',(#8967));
#8969=SURFACE_STYLE_USAGE(.POSITIVE.,#8968);
#8970=PRESENTATION_STYLE_ASSIGNMENT((#8969));
#8971=STYLED_ITEM('',(#8970),#8964);
#8972=CARTESIAN_POINT('',(-7.E-1,-5.5E-1,4.E-1));
#8973=DIRECTION('',(0.E0,0.E0,-1.E0));
#8974=DIRECTION('',(1.E0,0.E0,0.E0));
#8975=AXIS2_PLACEMENT_3D('',#8972,#8973,#8974);
#8976=CYLINDRICAL_SURFACE('',#8975,4.9E-1);
#8977=ORIENTED_EDGE('',*,*,#8305,.F.);
#8979=ORIENTED_EDGE('',*,*,#8978,.T.);
#8981=ORIENTED_EDGE('',*,*,#8980,.T.);
#8983=ORIENTED_EDGE('',*,*,#8982,.F.);
#8984=EDGE_LOOP('',(#8977,#8979,#8981,#8983));
#8985=FACE_OUTER_BOUND('',#8984,.F.);
#8986=ADVANCED_FACE('',(#8985),#8976,.T.);
#8987=FILL_AREA_STYLE_COLOUR('',#10);
#8988=FILL_AREA_STYLE('',(#8987));
#8989=SURFACE_STYLE_FILL_AREA(#8988);
#8990=SURFACE_SIDE_STYLE('',(#8989));
#8991=SURFACE_STYLE_USAGE(.POSITIVE.,#8990);
#8992=PRESENTATION_STYLE_ASSIGNMENT((#8991));
#8993=STYLED_ITEM('',(#8992),#8986);
#8994=CARTESIAN_POINT('',(-7.E-1,-5.5E-1,4.E-1));
#8995=DIRECTION('',(0.E0,0.E0,-1.E0));
#8996=DIRECTION('',(1.E0,0.E0,0.E0));
#8997=AXIS2_PLACEMENT_3D('',#8994,#8995,#8996);
#8998=CYLINDRICAL_SURFACE('',#8997,4.9E-1);
#8999=ORIENTED_EDGE('',*,*,#8307,.F.);
#9000=ORIENTED_EDGE('',*,*,#8982,.T.);
#9002=ORIENTED_EDGE('',*,*,#9001,.T.);
#9003=ORIENTED_EDGE('',*,*,#8978,.F.);
#9004=EDGE_LOOP('',(#8999,#9000,#9002,#9003));
#9005=FACE_OUTER_BOUND('',#9004,.F.);
#9006=ADVANCED_FACE('',(#9005),#8998,.T.);
#9007=FILL_AREA_STYLE_COLOUR('',#10);
#9008=FILL_AREA_STYLE('',(#9007));
#9009=SURFACE_STYLE_FILL_AREA(#9008);
#9010=SURFACE_SIDE_STYLE('',(#9009));
#9011=SURFACE_STYLE_USAGE(.POSITIVE.,#9010);
#9012=PRESENTATION_STYLE_ASSIGNMENT((#9011));
#9013=STYLED_ITEM('',(#9012),#9006);
#9014=CARTESIAN_POINT('',(0.E0,0.E0,1.E-1));
#9015=DIRECTION('',(0.E0,0.E0,-1.E0));
#9016=DIRECTION('',(-1.E0,0.E0,0.E0));
#9017=AXIS2_PLACEMENT_3D('',#9014,#9015,#9016);
#9018=PLANE('',#9017);
#9019=ORIENTED_EDGE('',*,*,#8980,.F.);
#9020=ORIENTED_EDGE('',*,*,#9001,.F.);
#9021=EDGE_LOOP('',(#9019,#9020));
#9022=FACE_OUTER_BOUND('',#9021,.F.);
#9024=ORIENTED_EDGE('',*,*,#9023,.T.);
#9026=ORIENTED_EDGE('',*,*,#9025,.T.);
#9027=EDGE_LOOP('',(#9024,#9026));
#9028=FACE_BOUND('',#9027,.F.);
#9029=ADVANCED_FACE('',(#9022,#9028),#9018,.T.);
#9030=FILL_AREA_STYLE_COLOUR('',#10);
#9031=FILL_AREA_STYLE('',(#9030));
#9032=SURFACE_STYLE_FILL_AREA(#9031);
#9033=SURFACE_SIDE_STYLE('',(#9032));
#9034=SURFACE_STYLE_USAGE(.POSITIVE.,#9033);
#9035=PRESENTATION_STYLE_ASSIGNMENT((#9034));
#9036=STYLED_ITEM('',(#9035),#9029);
#9037=CARTESIAN_POINT('',(0.E0,0.E0,1.E-1));
#9038=DIRECTION('',(0.E0,0.E0,-1.E0));
#9039=DIRECTION('',(-1.E0,0.E0,0.E0));
#9040=AXIS2_PLACEMENT_3D('',#9037,#9038,#9039);
#9041=PLANE('',#9040);
#9043=ORIENTED_EDGE('',*,*,#9042,.F.);
#9045=ORIENTED_EDGE('',*,*,#9044,.F.);
#9046=EDGE_LOOP('',(#9043,#9045));
#9047=FACE_OUTER_BOUND('',#9046,.F.);
#9049=ORIENTED_EDGE('',*,*,#9048,.T.);
#9051=ORIENTED_EDGE('',*,*,#9050,.T.);
#9052=EDGE_LOOP('',(#9049,#9051));
#9053=FACE_BOUND('',#9052,.F.);
#9054=ADVANCED_FACE('',(#9047,#9053),#9041,.T.);
#9055=FILL_AREA_STYLE_COLOUR('',#10);
#9056=FILL_AREA_STYLE('',(#9055));
#9057=SURFACE_STYLE_FILL_AREA(#9056);
#9058=SURFACE_SIDE_STYLE('',(#9057));
#9059=SURFACE_STYLE_USAGE(.POSITIVE.,#9058);
#9060=PRESENTATION_STYLE_ASSIGNMENT((#9059));
#9061=STYLED_ITEM('',(#9060),#9054);
#9062=CARTESIAN_POINT('',(7.E-1,-5.5E-1,4.E-1));
#9063=DIRECTION('',(0.E0,0.E0,-1.E0));
#9064=DIRECTION('',(1.E0,0.E0,0.E0));
#9065=AXIS2_PLACEMENT_3D('',#9062,#9063,#9064);
#9066=CYLINDRICAL_SURFACE('',#9065,4.9E-1);
#9067=ORIENTED_EDGE('',*,*,#8328,.F.);
#9069=ORIENTED_EDGE('',*,*,#9068,.T.);
#9070=ORIENTED_EDGE('',*,*,#9042,.T.);
#9072=ORIENTED_EDGE('',*,*,#9071,.F.);
#9073=EDGE_LOOP('',(#9067,#9069,#9070,#9072));
#9074=FACE_OUTER_BOUND('',#9073,.F.);
#9075=ADVANCED_FACE('',(#9074),#9066,.T.);
#9076=FILL_AREA_STYLE_COLOUR('',#10);
#9077=FILL_AREA_STYLE('',(#9076));
#9078=SURFACE_STYLE_FILL_AREA(#9077);
#9079=SURFACE_SIDE_STYLE('',(#9078));
#9080=SURFACE_STYLE_USAGE(.POSITIVE.,#9079);
#9081=PRESENTATION_STYLE_ASSIGNMENT((#9080));
#9082=STYLED_ITEM('',(#9081),#9075);
#9083=CARTESIAN_POINT('',(7.E-1,-5.5E-1,4.E-1));
#9084=DIRECTION('',(0.E0,0.E0,-1.E0));
#9085=DIRECTION('',(1.E0,0.E0,0.E0));
#9086=AXIS2_PLACEMENT_3D('',#9083,#9084,#9085);
#9087=CYLINDRICAL_SURFACE('',#9086,4.9E-1);
#9088=ORIENTED_EDGE('',*,*,#8330,.F.);
#9089=ORIENTED_EDGE('',*,*,#9071,.T.);
#9090=ORIENTED_EDGE('',*,*,#9044,.T.);
#9091=ORIENTED_EDGE('',*,*,#9068,.F.);
#9092=EDGE_LOOP('',(#9088,#9089,#9090,#9091));
#9093=FACE_OUTER_BOUND('',#9092,.F.);
#9094=ADVANCED_FACE('',(#9093),#9087,.T.);
#9095=FILL_AREA_STYLE_COLOUR('',#10);
#9096=FILL_AREA_STYLE('',(#9095));
#9097=SURFACE_STYLE_FILL_AREA(#9096);
#9098=SURFACE_SIDE_STYLE('',(#9097));
#9099=SURFACE_STYLE_USAGE(.POSITIVE.,#9098);
#9100=PRESENTATION_STYLE_ASSIGNMENT((#9099));
#9101=STYLED_ITEM('',(#9100),#9094);
#9102=CARTESIAN_POINT('',(-7.E-1,-5.5E-1,1.E-1));
#9103=DIRECTION('',(0.E0,0.E0,-1.E0));
#9104=DIRECTION('',(1.E0,0.E0,0.E0));
#9105=AXIS2_PLACEMENT_3D('',#9102,#9103,#9104);
#9106=CYLINDRICAL_SURFACE('',#9105,3.E-1);
#9107=ORIENTED_EDGE('',*,*,#9023,.F.);
#9109=ORIENTED_EDGE('',*,*,#9108,.T.);
#9111=ORIENTED_EDGE('',*,*,#9110,.T.);
#9113=ORIENTED_EDGE('',*,*,#9112,.F.);
#9114=EDGE_LOOP('',(#9107,#9109,#9111,#9113));
#9115=FACE_OUTER_BOUND('',#9114,.F.);
#9116=ADVANCED_FACE('',(#9115),#9106,.T.);
#9117=FILL_AREA_STYLE_COLOUR('',#10);
#9118=FILL_AREA_STYLE('',(#9117));
#9119=SURFACE_STYLE_FILL_AREA(#9118);
#9120=SURFACE_SIDE_STYLE('',(#9119));
#9121=SURFACE_STYLE_USAGE(.POSITIVE.,#9120);
#9122=PRESENTATION_STYLE_ASSIGNMENT((#9121));
#9123=STYLED_ITEM('',(#9122),#9116);
#9124=CARTESIAN_POINT('',(-7.E-1,-5.5E-1,1.E-1));
#9125=DIRECTION('',(0.E0,0.E0,-1.E0));
#9126=DIRECTION('',(1.E0,0.E0,0.E0));
#9127=AXIS2_PLACEMENT_3D('',#9124,#9125,#9126);
#9128=CYLINDRICAL_SURFACE('',#9127,3.E-1);
#9129=ORIENTED_EDGE('',*,*,#9025,.F.);
#9130=ORIENTED_EDGE('',*,*,#9112,.T.);
#9132=ORIENTED_EDGE('',*,*,#9131,.T.);
#9133=ORIENTED_EDGE('',*,*,#9108,.F.);
#9134=EDGE_LOOP('',(#9129,#9130,#9132,#9133));
#9135=FACE_OUTER_BOUND('',#9134,.F.);
#9136=ADVANCED_FACE('',(#9135),#9128,.T.);
#9137=FILL_AREA_STYLE_COLOUR('',#10);
#9138=FILL_AREA_STYLE('',(#9137));
#9139=SURFACE_STYLE_FILL_AREA(#9138);
#9140=SURFACE_SIDE_STYLE('',(#9139));
#9141=SURFACE_STYLE_USAGE(.POSITIVE.,#9140);
#9142=PRESENTATION_STYLE_ASSIGNMENT((#9141));
#9143=STYLED_ITEM('',(#9142),#9136);
#9144=CARTESIAN_POINT('',(0.E0,0.E0,-1.E-1));
#9145=DIRECTION('',(0.E0,0.E0,-1.E0));
#9146=DIRECTION('',(1.E0,0.E0,0.E0));
#9147=AXIS2_PLACEMENT_3D('',#9144,#9145,#9146);
#9148=PLANE('',#9147);
#9149=ORIENTED_EDGE('',*,*,#9110,.F.);
#9150=ORIENTED_EDGE('',*,*,#9131,.F.);
#9151=EDGE_LOOP('',(#9149,#9150));
#9152=FACE_OUTER_BOUND('',#9151,.F.);
#9154=ORIENTED_EDGE('',*,*,#9153,.T.);
#9156=ORIENTED_EDGE('',*,*,#9155,.T.);
#9157=EDGE_LOOP('',(#9154,#9156));
#9158=FACE_BOUND('',#9157,.F.);
#9159=ADVANCED_FACE('',(#9152,#9158),#9148,.T.);
#9160=FILL_AREA_STYLE_COLOUR('',#10);
#9161=FILL_AREA_STYLE('',(#9160));
#9162=SURFACE_STYLE_FILL_AREA(#9161);
#9163=SURFACE_SIDE_STYLE('',(#9162));
#9164=SURFACE_STYLE_USAGE(.POSITIVE.,#9163);
#9165=PRESENTATION_STYLE_ASSIGNMENT((#9164));
#9166=STYLED_ITEM('',(#9165),#9159);
#9167=CARTESIAN_POINT('',(0.E0,0.E0,-1.E-1));
#9168=DIRECTION('',(0.E0,0.E0,-1.E0));
#9169=DIRECTION('',(1.E0,0.E0,0.E0));
#9170=AXIS2_PLACEMENT_3D('',#9167,#9168,#9169);
#9171=PLANE('',#9170);
#9173=ORIENTED_EDGE('',*,*,#9172,.F.);
#9175=ORIENTED_EDGE('',*,*,#9174,.F.);
#9176=EDGE_LOOP('',(#9173,#9175));
#9177=FACE_OUTER_BOUND('',#9176,.F.);
#9179=ORIENTED_EDGE('',*,*,#9178,.T.);
#9181=ORIENTED_EDGE('',*,*,#9180,.T.);
#9182=EDGE_LOOP('',(#9179,#9181));
#9183=FACE_BOUND('',#9182,.F.);
#9184=ADVANCED_FACE('',(#9177,#9183),#9171,.T.);
#9185=FILL_AREA_STYLE_COLOUR('',#10);
#9186=FILL_AREA_STYLE('',(#9185));
#9187=SURFACE_STYLE_FILL_AREA(#9186);
#9188=SURFACE_SIDE_STYLE('',(#9187));
#9189=SURFACE_STYLE_USAGE(.POSITIVE.,#9188);
#9190=PRESENTATION_STYLE_ASSIGNMENT((#9189));
#9191=STYLED_ITEM('',(#9190),#9184);
#9192=CARTESIAN_POINT('',(7.E-1,-5.5E-1,1.E-1));
#9193=DIRECTION('',(0.E0,0.E0,-1.E0));
#9194=DIRECTION('',(1.E0,0.E0,0.E0));
#9195=AXIS2_PLACEMENT_3D('',#9192,#9193,#9194);
#9196=CYLINDRICAL_SURFACE('',#9195,3.E-1);
#9197=ORIENTED_EDGE('',*,*,#9048,.F.);
#9199=ORIENTED_EDGE('',*,*,#9198,.T.);
#9200=ORIENTED_EDGE('',*,*,#9172,.T.);
#9202=ORIENTED_EDGE('',*,*,#9201,.F.);
#9203=EDGE_LOOP('',(#9197,#9199,#9200,#9202));
#9204=FACE_OUTER_BOUND('',#9203,.F.);
#9205=ADVANCED_FACE('',(#9204),#9196,.T.);
#9206=FILL_AREA_STYLE_COLOUR('',#10);
#9207=FILL_AREA_STYLE('',(#9206));
#9208=SURFACE_STYLE_FILL_AREA(#9207);
#9209=SURFACE_SIDE_STYLE('',(#9208));
#9210=SURFACE_STYLE_USAGE(.POSITIVE.,#9209);
#9211=PRESENTATION_STYLE_ASSIGNMENT((#9210));
#9212=STYLED_ITEM('',(#9211),#9205);
#9213=CARTESIAN_POINT('',(7.E-1,-5.5E-1,1.E-1));
#9214=DIRECTION('',(0.E0,0.E0,-1.E0));
#9215=DIRECTION('',(1.E0,0.E0,0.E0));
#9216=AXIS2_PLACEMENT_3D('',#9213,#9214,#9215);
#9217=CYLINDRICAL_SURFACE('',#9216,3.E-1);
#9218=ORIENTED_EDGE('',*,*,#9050,.F.);
#9219=ORIENTED_EDGE('',*,*,#9201,.T.);
#9220=ORIENTED_EDGE('',*,*,#9174,.T.);
#9221=ORIENTED_EDGE('',*,*,#9198,.F.);
#9222=EDGE_LOOP('',(#9218,#9219,#9220,#9221));
#9223=FACE_OUTER_BOUND('',#9222,.F.);
#9224=ADVANCED_FACE('',(#9223),#9217,.T.);
#9225=FILL_AREA_STYLE_COLOUR('',#10);
#9226=FILL_AREA_STYLE('',(#9225));
#9227=SURFACE_STYLE_FILL_AREA(#9226);
#9228=SURFACE_SIDE_STYLE('',(#9227));
#9229=SURFACE_STYLE_USAGE(.POSITIVE.,#9228);
#9230=PRESENTATION_STYLE_ASSIGNMENT((#9229));
#9231=STYLED_ITEM('',(#9230),#9224);
#9232=CARTESIAN_POINT('',(-7.E-1,-5.5E-1,1.E-1));
#9233=DIRECTION('',(0.E0,0.E0,-1.E0));
#9234=DIRECTION('',(1.E0,0.E0,0.E0));
#9235=AXIS2_PLACEMENT_3D('',#9232,#9233,#9234);
#9236=CYLINDRICAL_SURFACE('',#9235,2.E-1);
#9237=ORIENTED_EDGE('',*,*,#9153,.F.);
#9239=ORIENTED_EDGE('',*,*,#9238,.T.);
#9241=ORIENTED_EDGE('',*,*,#9240,.T.);
#9243=ORIENTED_EDGE('',*,*,#9242,.F.);
#9244=EDGE_LOOP('',(#9237,#9239,#9241,#9243));
#9245=FACE_OUTER_BOUND('',#9244,.F.);
#9246=ADVANCED_FACE('',(#9245),#9236,.T.);
#9247=FILL_AREA_STYLE_COLOUR('',#10);
#9248=FILL_AREA_STYLE('',(#9247));
#9249=SURFACE_STYLE_FILL_AREA(#9248);
#9250=SURFACE_SIDE_STYLE('',(#9249));
#9251=SURFACE_STYLE_USAGE(.POSITIVE.,#9250);
#9252=PRESENTATION_STYLE_ASSIGNMENT((#9251));
#9253=STYLED_ITEM('',(#9252),#9246);
#9254=CARTESIAN_POINT('',(-7.E-1,-5.5E-1,1.E-1));
#9255=DIRECTION('',(0.E0,0.E0,-1.E0));
#9256=DIRECTION('',(1.E0,0.E0,0.E0));
#9257=AXIS2_PLACEMENT_3D('',#9254,#9255,#9256);
#9258=CYLINDRICAL_SURFACE('',#9257,2.E-1);
#9259=ORIENTED_EDGE('',*,*,#9155,.F.);
#9260=ORIENTED_EDGE('',*,*,#9242,.T.);
#9262=ORIENTED_EDGE('',*,*,#9261,.T.);
#9263=ORIENTED_EDGE('',*,*,#9238,.F.);
#9264=EDGE_LOOP('',(#9259,#9260,#9262,#9263));
#9265=FACE_OUTER_BOUND('',#9264,.F.);
#9266=ADVANCED_FACE('',(#9265),#9258,.T.);
#9267=FILL_AREA_STYLE_COLOUR('',#10);
#9268=FILL_AREA_STYLE('',(#9267));
#9269=SURFACE_STYLE_FILL_AREA(#9268);
#9270=SURFACE_SIDE_STYLE('',(#9269));
#9271=SURFACE_STYLE_USAGE(.POSITIVE.,#9270);
#9272=PRESENTATION_STYLE_ASSIGNMENT((#9271));
#9273=STYLED_ITEM('',(#9272),#9266);
#9274=CARTESIAN_POINT('',(0.E0,0.E0,-3.E0));
#9275=DIRECTION('',(0.E0,0.E0,-1.E0));
#9276=DIRECTION('',(1.E0,0.E0,0.E0));
#9277=AXIS2_PLACEMENT_3D('',#9274,#9275,#9276);
#9278=PLANE('',#9277);
#9279=ORIENTED_EDGE('',*,*,#9240,.F.);
#9280=ORIENTED_EDGE('',*,*,#9261,.F.);
#9281=EDGE_LOOP('',(#9279,#9280));
#9282=FACE_OUTER_BOUND('',#9281,.F.);
#9283=ADVANCED_FACE('',(#9282),#9278,.T.);
#9284=FILL_AREA_STYLE_COLOUR('',#10);
#9285=FILL_AREA_STYLE('',(#9284));
#9286=SURFACE_STYLE_FILL_AREA(#9285);
#9287=SURFACE_SIDE_STYLE('',(#9286));
#9288=SURFACE_STYLE_USAGE(.POSITIVE.,#9287);
#9289=PRESENTATION_STYLE_ASSIGNMENT((#9288));
#9290=STYLED_ITEM('',(#9289),#9283);
#9291=CARTESIAN_POINT('',(0.E0,0.E0,-3.E0));
#9292=DIRECTION('',(0.E0,0.E0,-1.E0));
#9293=DIRECTION('',(1.E0,0.E0,0.E0));
#9294=AXIS2_PLACEMENT_3D('',#9291,#9292,#9293);
#9295=PLANE('',#9294);
#9297=ORIENTED_EDGE('',*,*,#9296,.F.);
#9299=ORIENTED_EDGE('',*,*,#9298,.F.);
#9300=EDGE_LOOP('',(#9297,#9299));
#9301=FACE_OUTER_BOUND('',#9300,.F.);
#9302=ADVANCED_FACE('',(#9301),#9295,.T.);
#9303=FILL_AREA_STYLE_COLOUR('',#10);
#9304=FILL_AREA_STYLE('',(#9303));
#9305=SURFACE_STYLE_FILL_AREA(#9304);
#9306=SURFACE_SIDE_STYLE('',(#9305));
#9307=SURFACE_STYLE_USAGE(.POSITIVE.,#9306);
#9308=PRESENTATION_STYLE_ASSIGNMENT((#9307));
#9309=STYLED_ITEM('',(#9308),#9302);
#9310=CARTESIAN_POINT('',(7.E-1,-5.5E-1,1.E-1));
#9311=DIRECTION('',(0.E0,0.E0,-1.E0));
#9312=DIRECTION('',(1.E0,0.E0,0.E0));
#9313=AXIS2_PLACEMENT_3D('',#9310,#9311,#9312);
#9314=CYLINDRICAL_SURFACE('',#9313,2.E-1);
#9315=ORIENTED_EDGE('',*,*,#9178,.F.);
#9317=ORIENTED_EDGE('',*,*,#9316,.T.);
#9318=ORIENTED_EDGE('',*,*,#9296,.T.);
#9320=ORIENTED_EDGE('',*,*,#9319,.F.);
#9321=EDGE_LOOP('',(#9315,#9317,#9318,#9320));
#9322=FACE_OUTER_BOUND('',#9321,.F.);
#9323=ADVANCED_FACE('',(#9322),#9314,.T.);
#9324=FILL_AREA_STYLE_COLOUR('',#10);
#9325=FILL_AREA_STYLE('',(#9324));
#9326=SURFACE_STYLE_FILL_AREA(#9325);
#9327=SURFACE_SIDE_STYLE('',(#9326));
#9328=SURFACE_STYLE_USAGE(.POSITIVE.,#9327);
#9329=PRESENTATION_STYLE_ASSIGNMENT((#9328));
#9330=STYLED_ITEM('',(#9329),#9323);
#9331=CARTESIAN_POINT('',(7.E-1,-5.5E-1,1.E-1));
#9332=DIRECTION('',(0.E0,0.E0,-1.E0));
#9333=DIRECTION('',(1.E0,0.E0,0.E0));
#9334=AXIS2_PLACEMENT_3D('',#9331,#9332,#9333);
#9335=CYLINDRICAL_SURFACE('',#9334,2.E-1);
#9336=ORIENTED_EDGE('',*,*,#9180,.F.);
#9337=ORIENTED_EDGE('',*,*,#9319,.T.);
#9338=ORIENTED_EDGE('',*,*,#9298,.T.);
#9339=ORIENTED_EDGE('',*,*,#9316,.F.);
#9340=EDGE_LOOP('',(#9336,#9337,#9338,#9339));
#9341=FACE_OUTER_BOUND('',#9340,.F.);
#9342=ADVANCED_FACE('',(#9341),#9335,.T.);
#9343=FILL_AREA_STYLE_COLOUR('',#10);
#9344=FILL_AREA_STYLE('',(#9343));
#9345=SURFACE_STYLE_FILL_AREA(#9344);
#9346=SURFACE_SIDE_STYLE('',(#9345));
#9347=SURFACE_STYLE_USAGE(.POSITIVE.,#9346);
#9348=PRESENTATION_STYLE_ASSIGNMENT((#9347));
#9349=STYLED_ITEM('',(#9348),#9342);
#9353=DIMENSIONAL_EXPONENTS(0.E0,0.E0,0.E0,0.E0,0.E0,0.E0,0.E0);
#9355=PLANE_ANGLE_MEASURE_WITH_UNIT(PLANE_ANGLE_MEASURE(1.745329251994E-2),
#9354);
#9356=(CONVERSION_BASED_UNIT('DEGREE',#9355)NAMED_UNIT(*)PLANE_ANGLE_UNIT());
#9358=UNCERTAINTY_MEASURE_WITH_UNIT(LENGTH_MEASURE(7.491596212389E-4),#9352,
'closure',
'Maximum model space distance between geometric entities at asserted connectivities');
#9359=(GEOMETRIC_REPRESENTATION_CONTEXT(3)GLOBAL_UNCERTAINTY_ASSIGNED_CONTEXT((
#9358))GLOBAL_UNIT_ASSIGNED_CONTEXT((#9352,#9356,#9357))REPRESENTATION_CONTEXT(
'ID1','3'));
#9361=MECHANICAL_DESIGN_GEOMETRIC_PRESENTATION_REPRESENTATION('',(#3741,#3763,
#3783,#4051,#4070,#4093,#4118,#4139,#4162,#4187,#4209,#4233,#4253,#4272,#4294,
#4314,#4331,#4353,#4380,#4403,#4442,#4475,#4518,#4557,#4596,#4619,#4658,#4697,
#4730,#4773,#4825,#4844,#4865,#4885,#4905,#4925,#4945,#4964,#4975,#4994,#5009,
#5027,#5037,#5055,#5070,#5087,#5108,#5128,#5148,#5168,#5188,#5208,#5228,#5248,
#5268,#5288,#5308,#5327,#5337,#5356,#5369,#5387,#5397,#5415,#5425,#5442,#5452,
#5471,#5484,#5502,#5512,#5530,#5540,#5557,#5567,#5586,#5596,#5614,#5624,#5642,
#5652,#5670,#5680,#5697,#5718,#5738,#5758,#5778,#5798,#5818,#5838,#5857,#5878,
#5898,#5918,#5938,#5958,#5978,#5998,#6018,#6038,#6058,#6078,#6097,#6107,#6126,
#6136,#6154,#6169,#6186,#6196,#6215,#6225,#6243,#6253,#6271,#6282,#6300,#6310,
#6328,#6339,#6357,#6367,#6385,#6398,#6415,#6425,#6444,#6463,#6481,#6491,#6509,
#6527,#6544,#6554,#6573,#6583,#6601,#6611,#6629,#6639,#6657,#6667,#6685,#6696,
#6714,#6724,#6742,#6753,#6771,#6781,#6799,#6809,#6827,#6837,#6855,#6865,#6882,
#6903,#6923,#6943,#6963,#6983,#7003,#7023,#7043,#7063,#7083,#7103,#7122,#7132,
#7151,#7164,#7182,#7192,#7210,#7220,#7237,#7247,#7266,#7279,#7297,#7307,#7325,
#7335,#7352,#7362,#7381,#7391,#7409,#7419,#7437,#7447,#7465,#7475,#7492,#7513,
#7533,#7553,#7573,#7593,#7613,#7633,#7652,#7665,#7684,#7698,#7716,#7728,#7746,
#7756,#7774,#7784,#7802,#7812,#7830,#7841,#7859,#7871,#7889,#7900,#7918,#7930,
#7948,#7958,#7976,#7988,#8006,#8016,#8034,#8044,#8062,#8072,#8090,#8102,#8119,
#8141,#8161,#8230,#8251,#8273,#8293,#8318,#8341,#8363,#8383,#8408,#8433,#8457,
#8476,#8497,#8518,#8539,#8560,#8581,#8602,#8623,#8644,#8665,#8685,#8712,#8751,
#8772,#8792,#8812,#8832,#8852,#8872,#8892,#8911,#8932,#8952,#8971,#8993,#9013,
#9036,#9061,#9082,#9101,#9123,#9143,#9166,#9191,#9212,#9231,#9253,#9273,#9290,
#9309,#9330,#9349),#9359);
#9362=APPLICATION_CONTEXT(
'CONFIGURATION CONTROLLED 3D DESIGNS OF MECHANICAL PARTS AND ASSEMBLIES');
#9363=APPLICATION_PROTOCOL_DEFINITION('international standard',
'ccd_cla_gvp_ast_asd',1995,#9362);
#9364=DESIGN_CONTEXT('',#9362,'design');
#9365=MECHANICAL_CONTEXT('',#9362,'mechanical');
#9366=PRODUCT('MIC-TH_BD4','MIC-TH_BD4','NOT SPECIFIED',(#9365));
#9367=PRODUCT_DEFINITION_FORMATION_WITH_SPECIFIED_SOURCE('2','LAST_VERSION',
#9366,.MADE.);
#9375=DERIVED_UNIT_ELEMENT(#9374,2.E0);
#9376=DERIVED_UNIT((#9375));
#9377=MEASURE_REPRESENTATION_ITEM('surface area measure',AREA_MEASURE(
5.646528600732E1),#9376);
#9382=DERIVED_UNIT_ELEMENT(#9381,3.E0);
#9383=DERIVED_UNIT((#9382));
#9384=MEASURE_REPRESENTATION_ITEM('volume measure',VOLUME_MEASURE(
2.005825146206E1),#9383);
#9388=CARTESIAN_POINT('centre point',(-1.136484139642E-4,-2.249785248023E-2,
7.548501148570E-1));
#9393=DERIVED_UNIT_ELEMENT(#9392,2.E0);
#9394=DERIVED_UNIT((#9393));
#9395=MEASURE_REPRESENTATION_ITEM('surface area measure',AREA_MEASURE(
5.646528600732E1),#9394);
#9400=DERIVED_UNIT_ELEMENT(#9399,3.E0);
#9401=DERIVED_UNIT((#9400));
#9402=MEASURE_REPRESENTATION_ITEM('volume measure',VOLUME_MEASURE(
2.005825146206E1),#9401);
#9406=CARTESIAN_POINT('centre point',(-1.136484139642E-4,-2.249785248023E-2,
7.548501148570E-1));
#9411=PRODUCT_CATEGORY('part','');
#9412=PRODUCT_RELATED_PRODUCT_CATEGORY('detail','',(#9366));
#9413=PRODUCT_CATEGORY_RELATIONSHIP('','',#9411,#9412);
#9414=SECURITY_CLASSIFICATION_LEVEL('unclassified');
#9415=SECURITY_CLASSIFICATION('','',#9414);
#9416=CC_DESIGN_SECURITY_CLASSIFICATION(#9415,(#9367));
#9417=APPROVAL_STATUS('approved');
#9418=APPROVAL(#9417,'');
#9419=CC_DESIGN_APPROVAL(#9418,(#9415,#9367,#9368));
#9420=CALENDAR_DATE(122,4,7);
#9421=COORDINATED_UNIVERSAL_TIME_OFFSET(8,0,.AHEAD.);
#9422=LOCAL_TIME(20,20,3.5E1,#9421);
#9423=DATE_AND_TIME(#9420,#9422);
#9424=APPROVAL_DATE_TIME(#9423,#9418);
#9425=DATE_TIME_ROLE('creation_date');
#9426=CC_DESIGN_DATE_AND_TIME_ASSIGNMENT(#9423,#9425,(#9368));
#9427=DATE_TIME_ROLE('classification_date');
#9428=CC_DESIGN_DATE_AND_TIME_ASSIGNMENT(#9423,#9427,(#9415));
#9429=PERSON('UNSPECIFIED','UNSPECIFIED',$,$,$,$);
#9430=ORGANIZATION('UNSPECIFIED','UNSPECIFIED','UNSPECIFIED');
#9431=PERSON_AND_ORGANIZATION(#9429,#9430);
#9432=APPROVAL_ROLE('approver');
#9433=APPROVAL_PERSON_ORGANIZATION(#9431,#9418,#9432);
#9434=PERSON_AND_ORGANIZATION_ROLE('creator');
#9435=CC_DESIGN_PERSON_AND_ORGANIZATION_ASSIGNMENT(#9431,#9434,(#9367,#9368));
#9436=PERSON_AND_ORGANIZATION_ROLE('design_supplier');
#9437=CC_DESIGN_PERSON_AND_ORGANIZATION_ASSIGNMENT(#9431,#9436,(#9367));
#9438=PERSON_AND_ORGANIZATION_ROLE('classification_officer');
#9439=CC_DESIGN_PERSON_AND_ORGANIZATION_ASSIGNMENT(#9431,#9438,(#9415));
#9440=PERSON_AND_ORGANIZATION_ROLE('design_owner');
#9441=CC_DESIGN_PERSON_AND_ORGANIZATION_ASSIGNMENT(#9431,#9440,(#9366));
#1=DRAUGHTING_PRE_DEFINED_COLOUR('black');
#2=DRAUGHTING_PRE_DEFINED_COLOUR('green');
#3=COLOUR_RGB('',1.1E-2,1.2E-2,1.E0);
#4=COLOUR_RGB('',2.57282E-1,2.57282E-1,2.57282E-1);
#5=COLOUR_RGB('',4.1E-1,2.61589E-1,1.12848E-1);
#6=COLOUR_RGB('',4.51243E-1,1.E0,6.21554E-1);
#7=COLOUR_RGB('',5.04854E-1,1.5455E-2,1.5455E-2);
#8=COLOUR_RGB('',6.35294E-1,6.86275E-1,7.4902E-1);
#9=COLOUR_RGB('',6.69062E-1,6.69903E-1,6.55217E-1);
#10=COLOUR_RGB('',8.23529E-1,7.05882E-1,4.31373E-1);
#11=COLOUR_RGB('',8.82353E-1,8.82353E-1,8.82353E-1);
#12=COLOUR_RGB('',9.21569E-1,7.05882E-1,4.70588E-1);
#13=DRAUGHTING_PRE_DEFINED_COLOUR('red');
#14=DRAUGHTING_PRE_DEFINED_COLOUR('yellow');
#15=COLOUR_RGB('',1.E0,1.E0,5.3E-1);
#16=COLOUR_RGB('',1.E0,1.E0,9.49E-1);
#17=DRAUGHTING_PRE_DEFINED_COLOUR('white');
#22=CIRCLE('',#21,1.85E0);
#27=CIRCLE('',#26,1.85E0);
#32=CIRCLE('',#31,1.841421356237E0);
#37=CIRCLE('',#36,1.841421356237E0);
#42=CIRCLE('',#41,1.5E-1);
#47=CIRCLE('',#46,1.5E-1);
#52=CIRCLE('',#51,2.E0);
#57=CIRCLE('',#56,2.E0);
#74=B_SPLINE_CURVE_WITH_KNOTS('',3,(#62,#63,#64,#65,#66,#67,#68,#69,#70,#71,#72,
#73),.UNSPECIFIED.,.F.,.F.,(4,1,1,1,1,1,1,1,1,4),(0.E0,1.111111111111E-1,
2.222222222222E-1,3.333333333333E-1,4.444444444444E-1,5.555555555556E-1,
6.666666666667E-1,7.777777777778E-1,8.888888888889E-1,1.E0),.UNSPECIFIED.);
#87=B_SPLINE_CURVE_WITH_KNOTS('',3,(#75,#76,#77,#78,#79,#80,#81,#82,#83,#84,#85,
#86),.UNSPECIFIED.,.F.,.F.,(4,1,1,1,1,1,1,1,1,4),(0.E0,1.111111111111E-1,
2.222222222222E-1,3.333333333333E-1,4.444444444444E-1,5.555555555556E-1,
6.666666666667E-1,7.777777777778E-1,8.888888888889E-1,1.E0),.UNSPECIFIED.);
#96=CIRCLE('',#95,2.E0);
#105=CIRCLE('',#104,2.E0);
#114=CIRCLE('',#113,2.E0);
#137=B_SPLINE_CURVE_WITH_KNOTS('',3,(#119,#120,#121,#122,#123,#124,#125,#126,
#127,#128,#129,#130,#131,#132,#133,#134,#135,#136),.UNSPECIFIED.,.F.,.F.,(4,1,1,
1,1,1,1,1,1,1,1,1,1,1,1,4),(0.E0,6.666666666667E-2,1.333333333333E-1,2.E-1,
2.666666666667E-1,3.333333333333E-1,4.E-1,4.666666666667E-1,5.333333333333E-1,
6.E-1,6.666666666667E-1,7.333333333333E-1,8.E-1,8.666666666667E-1,
9.333333333333E-1,1.E0),.UNSPECIFIED.);
#161=B_SPLINE_CURVE_WITH_KNOTS('',3,(#142,#143,#144,#145,#146,#147,#148,#149,
#150,#151,#152,#153,#154,#155,#156,#157,#158,#159,#160),.UNSPECIFIED.,.F.,.F.,
(4,1,1,1,1,1,1,1,1,1,1,1,1,1,1,1,4),(0.E0,6.25E-2,1.25E-1,1.875E-1,2.5E-1,
3.125E-1,3.75E-1,4.375E-1,5.E-1,5.625E-1,6.25E-1,6.875E-1,7.5E-1,8.125E-1,
8.75E-1,9.375E-1,1.E0),.UNSPECIFIED.);
#170=CIRCLE('',#169,2.E0);
#179=CIRCLE('',#178,2.E0);
#188=CIRCLE('',#187,2.E0);
#197=CIRCLE('',#196,2.E0);
#206=CIRCLE('',#205,2.E0);
#215=CIRCLE('',#214,2.E0);
#221=B_SPLINE_CURVE_WITH_KNOTS('',3,(#216,#217,#218,#219,#220),.UNSPECIFIED.,
.F.,.F.,(4,1,4),(0.E0,5.E-1,1.E0),.UNSPECIFIED.);
#235=B_SPLINE_CURVE_WITH_KNOTS('',3,(#222,#223,#224,#225,#226,#227,#228,#229,
#230,#231,#232,#233,#234),.UNSPECIFIED.,.F.,.F.,(4,1,1,1,1,1,1,1,1,1,4),(0.E0,
1.E-1,2.E-1,3.E-1,4.E-1,5.E-1,6.E-1,7.E-1,8.E-1,9.E-1,1.E0),.UNSPECIFIED.);
#241=B_SPLINE_CURVE_WITH_KNOTS('',3,(#236,#237,#238,#239,#240),.UNSPECIFIED.,
.F.,.F.,(4,1,4),(0.E0,5.E-1,1.E0),.UNSPECIFIED.);
#251=B_SPLINE_CURVE_WITH_KNOTS('',3,(#246,#247,#248,#249,#250),.UNSPECIFIED.,
.F.,.F.,(4,1,4),(0.E0,5.E-1,1.E0),.UNSPECIFIED.);
#266=B_SPLINE_CURVE_WITH_KNOTS('',3,(#252,#253,#254,#255,#256,#257,#258,#259,
#260,#261,#262,#263,#264,#265),.UNSPECIFIED.,.F.,.F.,(4,1,1,1,1,1,1,1,1,1,1,4),(
0.E0,9.090909090909E-2,1.818181818182E-1,2.727272727273E-1,3.636363636364E-1,
4.545454545455E-1,5.454545454545E-1,6.363636363636E-1,7.272727272727E-1,
8.181818181818E-1,9.090909090909E-1,1.E0),.UNSPECIFIED.);
#272=B_SPLINE_CURVE_WITH_KNOTS('',3,(#267,#268,#269,#270,#271),.UNSPECIFIED.,
.F.,.F.,(4,1,4),(0.E0,5.E-1,1.E0),.UNSPECIFIED.);
#282=B_SPLINE_CURVE_WITH_KNOTS('',3,(#277,#278,#279,#280,#281),.UNSPECIFIED.,
.F.,.F.,(4,1,4),(0.E0,5.E-1,1.E0),.UNSPECIFIED.);
#289=B_SPLINE_CURVE_WITH_KNOTS('',3,(#283,#284,#285,#286,#287,#288),
.UNSPECIFIED.,.F.,.F.,(4,1,1,4),(0.E0,3.333333333333E-1,6.666666666667E-1,1.E0),
.UNSPECIFIED.);
#296=B_SPLINE_CURVE_WITH_KNOTS('',3,(#290,#291,#292,#293,#294,#295),
.UNSPECIFIED.,.F.,.F.,(4,1,1,4),(0.E0,3.333333333333E-1,6.666666666667E-1,1.E0),
.UNSPECIFIED.);
#303=B_SPLINE_CURVE_WITH_KNOTS('',3,(#297,#298,#299,#300,#301,#302),
.UNSPECIFIED.,.F.,.F.,(4,1,1,4),(0.E0,3.333333333333E-1,6.666666666667E-1,1.E0),
.UNSPECIFIED.);
#309=B_SPLINE_CURVE_WITH_KNOTS('',3,(#304,#305,#306,#307,#308),.UNSPECIFIED.,
.F.,.F.,(4,1,4),(0.E0,5.E-1,1.E0),.UNSPECIFIED.);
#314=B_SPLINE_CURVE_WITH_KNOTS('',3,(#310,#311,#312,#313),.UNSPECIFIED.,.F.,.F.,
(4,4),(0.E0,1.E0),.UNSPECIFIED.);
#319=CIRCLE('',#318,2.E0);
#324=B_SPLINE_CURVE_WITH_KNOTS('',3,(#320,#321,#322,#323),.UNSPECIFIED.,.F.,.F.,
(4,4),(0.E0,1.E0),.UNSPECIFIED.);
#329=CIRCLE('',#328,2.E0);
#334=B_SPLINE_CURVE_WITH_KNOTS('',3,(#330,#331,#332,#333),.UNSPECIFIED.,.F.,.F.,
(4,4),(0.E0,1.E0),.UNSPECIFIED.);
#339=CIRCLE('',#338,2.E0);
#344=B_SPLINE_CURVE_WITH_KNOTS('',3,(#340,#341,#342,#343),.UNSPECIFIED.,.F.,.F.,
(4,4),(0.E0,1.E0),.UNSPECIFIED.);
#349=CIRCLE('',#348,2.E0);
#358=CIRCLE('',#357,2.E0);
#367=CIRCLE('',#366,2.E0);
#376=CIRCLE('',#375,2.E0);
#385=CIRCLE('',#384,2.E0);
#394=CIRCLE('',#393,2.E0);
#403=CIRCLE('',#402,2.E0);
#409=B_SPLINE_CURVE_WITH_KNOTS('',3,(#404,#405,#406,#407,#408),.UNSPECIFIED.,
.F.,.F.,(4,1,4),(0.E0,5.E-1,1.E0),.UNSPECIFIED.);
#431=B_SPLINE_CURVE_WITH_KNOTS('',3,(#414,#415,#416,#417,#418,#419,#420,#421,
#422,#423,#424,#425,#426,#427,#428,#429,#430),.UNSPECIFIED.,.F.,.F.,(4,1,1,1,1,
1,1,1,1,1,1,1,1,1,4),(0.E0,7.142857142857E-2,1.428571428571E-1,
2.142857142857E-1,2.857142857143E-1,3.571428571429E-1,4.285714285714E-1,5.E-1,
5.714285714286E-1,6.428571428571E-1,7.142857142857E-1,7.857142857143E-1,
8.571428571429E-1,9.285714285714E-1,1.E0),.UNSPECIFIED.);
#441=B_SPLINE_CURVE_WITH_KNOTS('',3,(#436,#437,#438,#439,#440),.UNSPECIFIED.,
.F.,.F.,(4,1,4),(0.E0,5.E-1,1.E0),.UNSPECIFIED.);
#457=B_SPLINE_CURVE_WITH_KNOTS('',3,(#446,#447,#448,#449,#450,#451,#452,#453,
#454,#455,#456),.UNSPECIFIED.,.F.,.F.,(4,1,1,1,1,1,1,1,4),(0.E0,1.25E-1,2.5E-1,
3.75E-1,5.E-1,6.25E-1,7.5E-1,8.75E-1,1.E0),.UNSPECIFIED.);
#472=B_SPLINE_CURVE_WITH_KNOTS('',3,(#462,#463,#464,#465,#466,#467,#468,#469,
#470,#471),.UNSPECIFIED.,.F.,.F.,(4,1,1,1,1,1,1,4),(0.E0,1.428571428571E-1,
2.857142857143E-1,4.285714285714E-1,5.714285714286E-1,7.142857142857E-1,
8.571428571429E-1,1.E0),.UNSPECIFIED.);
#478=B_SPLINE_CURVE_WITH_KNOTS('',3,(#473,#474,#475,#476,#477),.UNSPECIFIED.,
.F.,.F.,(4,1,4),(0.E0,5.E-1,1.E0),.UNSPECIFIED.);
#494=B_SPLINE_CURVE_WITH_KNOTS('',3,(#479,#480,#481,#482,#483,#484,#485,#486,
#487,#488,#489,#490,#491,#492,#493),.UNSPECIFIED.,.F.,.F.,(4,1,1,1,1,1,1,1,1,1,
1,1,4),(0.E0,8.333333333333E-2,1.666666666667E-1,2.5E-1,3.333333333333E-1,
4.166666666667E-1,5.E-1,5.833333333333E-1,6.666666666667E-1,7.5E-1,
8.333333333333E-1,9.166666666667E-1,1.E0),.UNSPECIFIED.);
#523=B_SPLINE_CURVE_WITH_KNOTS('',3,(#499,#500,#501,#502,#503,#504,#505,#506,
#507,#508,#509,#510,#511,#512,#513,#514,#515,#516,#517,#518,#519,#520,#521,
#522),.UNSPECIFIED.,.F.,.F.,(4,1,1,1,1,1,1,1,1,1,1,1,1,1,1,1,1,1,1,1,1,4),(0.E0,
4.761904761905E-2,9.523809523810E-2,1.428571428571E-1,1.904761904762E-1,
2.380952380952E-1,2.857142857143E-1,3.333333333333E-1,3.809523809524E-1,
4.285714285714E-1,4.761904761905E-1,5.238095238095E-1,5.714285714286E-1,
6.190476190476E-1,6.666666666667E-1,7.142857142857E-1,7.619047619048E-1,
8.095238095238E-1,8.571428571429E-1,9.047619047619E-1,9.523809523810E-1,1.E0),
.UNSPECIFIED.);
#556=B_SPLINE_CURVE_WITH_KNOTS('',3,(#528,#529,#530,#531,#532,#533,#534,#535,
#536,#537,#538,#539,#540,#541,#542,#543,#544,#545,#546,#547,#548,#549,#550,#551,
#552,#553,#554,#555),.UNSPECIFIED.,.F.,.F.,(4,1,1,1,1,1,1,1,1,1,1,1,1,1,1,1,1,1,
1,1,1,1,1,1,1,4),(0.E0,4.E-2,8.E-2,1.2E-1,1.6E-1,2.E-1,2.4E-1,2.8E-1,3.2E-1,
3.6E-1,4.E-1,4.4E-1,4.8E-1,5.2E-1,5.6E-1,6.E-1,6.4E-1,6.8E-1,7.2E-1,7.6E-1,
8.E-1,8.4E-1,8.8E-1,9.2E-1,9.6E-1,1.E0),.UNSPECIFIED.);
#562=B_SPLINE_CURVE_WITH_KNOTS('',3,(#557,#558,#559,#560,#561),.UNSPECIFIED.,
.F.,.F.,(4,1,4),(0.E0,5.E-1,1.E0),.UNSPECIFIED.);
#569=B_SPLINE_CURVE_WITH_KNOTS('',3,(#563,#564,#565,#566,#567,#568),
.UNSPECIFIED.,.F.,.F.,(4,1,1,4),(0.E0,3.333333333333E-1,6.666666666667E-1,1.E0),
.UNSPECIFIED.);
#575=B_SPLINE_CURVE_WITH_KNOTS('',3,(#570,#571,#572,#573,#574),.UNSPECIFIED.,
.F.,.F.,(4,1,4),(0.E0,5.E-1,1.E0),.UNSPECIFIED.);
#582=B_SPLINE_CURVE_WITH_KNOTS('',3,(#576,#577,#578,#579,#580,#581),
.UNSPECIFIED.,.F.,.F.,(4,1,1,4),(0.E0,3.333333333333E-1,6.666666666667E-1,1.E0),
.UNSPECIFIED.);
#588=B_SPLINE_CURVE_WITH_KNOTS('',3,(#583,#584,#585,#586,#587),.UNSPECIFIED.,
.F.,.F.,(4,1,4),(0.E0,5.E-1,1.E0),.UNSPECIFIED.);
#598=B_SPLINE_CURVE_WITH_KNOTS('',3,(#589,#590,#591,#592,#593,#594,#595,#596,
#597),.UNSPECIFIED.,.F.,.F.,(4,1,1,1,1,1,4),(0.E0,1.666666666667E-1,
3.333333333333E-1,5.E-1,6.666666666667E-1,8.333333333333E-1,1.E0),
.UNSPECIFIED.);
#611=B_SPLINE_CURVE_WITH_KNOTS('',3,(#603,#604,#605,#606,#607,#608,#609,#610),
.UNSPECIFIED.,.F.,.F.,(4,1,1,1,1,4),(0.E0,2.E-1,4.E-1,6.E-1,8.E-1,1.E0),
.UNSPECIFIED.);
#618=B_SPLINE_CURVE_WITH_KNOTS('',3,(#612,#613,#614,#615,#616,#617),
.UNSPECIFIED.,.F.,.F.,(4,1,1,4),(0.E0,3.333333333333E-1,6.666666666667E-1,1.E0),
.UNSPECIFIED.);
#624=B_SPLINE_CURVE_WITH_KNOTS('',3,(#619,#620,#621,#622,#623),.UNSPECIFIED.,
.F.,.F.,(4,1,4),(0.E0,5.E-1,1.E0),.UNSPECIFIED.);
#631=B_SPLINE_CURVE_WITH_KNOTS('',3,(#625,#626,#627,#628,#629,#630),
.UNSPECIFIED.,.F.,.F.,(4,1,1,4),(0.E0,3.333333333333E-1,6.666666666667E-1,1.E0),
.UNSPECIFIED.);
#638=B_SPLINE_CURVE_WITH_KNOTS('',3,(#632,#633,#634,#635,#636,#637),
.UNSPECIFIED.,.F.,.F.,(4,1,1,4),(0.E0,3.333333333333E-1,6.666666666667E-1,1.E0),
.UNSPECIFIED.);
#647=CIRCLE('',#646,2.E0);
#656=CIRCLE('',#655,2.E0);
#665=CIRCLE('',#664,2.E0);
#674=CIRCLE('',#673,2.E0);
#683=CIRCLE('',#682,2.E0);
#692=CIRCLE('',#691,2.E0);
#698=B_SPLINE_CURVE_WITH_KNOTS('',3,(#693,#694,#695,#696,#697),.UNSPECIFIED.,
.F.,.F.,(4,1,4),(0.E0,5.E-1,1.E0),.UNSPECIFIED.);
#712=B_SPLINE_CURVE_WITH_KNOTS('',3,(#699,#700,#701,#702,#703,#704,#705,#706,
#707,#708,#709,#710,#711),.UNSPECIFIED.,.F.,.F.,(4,1,1,1,1,1,1,1,1,1,4),(0.E0,
1.E-1,2.E-1,3.E-1,4.E-1,5.E-1,6.E-1,7.E-1,8.E-1,9.E-1,1.E0),.UNSPECIFIED.);
#718=B_SPLINE_CURVE_WITH_KNOTS('',3,(#713,#714,#715,#716,#717),.UNSPECIFIED.,
.F.,.F.,(4,1,4),(0.E0,5.E-1,1.E0),.UNSPECIFIED.);
#728=B_SPLINE_CURVE_WITH_KNOTS('',3,(#723,#724,#725,#726,#727),.UNSPECIFIED.,
.F.,.F.,(4,1,4),(0.E0,5.E-1,1.E0),.UNSPECIFIED.);
#743=B_SPLINE_CURVE_WITH_KNOTS('',3,(#729,#730,#731,#732,#733,#734,#735,#736,
#737,#738,#739,#740,#741,#742),.UNSPECIFIED.,.F.,.F.,(4,1,1,1,1,1,1,1,1,1,1,4),(
0.E0,9.090909090909E-2,1.818181818182E-1,2.727272727273E-1,3.636363636364E-1,
4.545454545455E-1,5.454545454545E-1,6.363636363636E-1,7.272727272727E-1,
8.181818181818E-1,9.090909090909E-1,1.E0),.UNSPECIFIED.);
#749=B_SPLINE_CURVE_WITH_KNOTS('',3,(#744,#745,#746,#747,#748),.UNSPECIFIED.,
.F.,.F.,(4,1,4),(0.E0,5.E-1,1.E0),.UNSPECIFIED.);
#759=B_SPLINE_CURVE_WITH_KNOTS('',3,(#754,#755,#756,#757,#758),.UNSPECIFIED.,
.F.,.F.,(4,1,4),(0.E0,5.E-1,1.E0),.UNSPECIFIED.);
#766=B_SPLINE_CURVE_WITH_KNOTS('',3,(#760,#761,#762,#763,#764,#765),
.UNSPECIFIED.,.F.,.F.,(4,1,1,4),(0.E0,3.333333333333E-1,6.666666666667E-1,1.E0),
.UNSPECIFIED.);
#773=B_SPLINE_CURVE_WITH_KNOTS('',3,(#767,#768,#769,#770,#771,#772),
.UNSPECIFIED.,.F.,.F.,(4,1,1,4),(0.E0,3.333333333333E-1,6.666666666667E-1,1.E0),
.UNSPECIFIED.);
#780=B_SPLINE_CURVE_WITH_KNOTS('',3,(#774,#775,#776,#777,#778,#779),
.UNSPECIFIED.,.F.,.F.,(4,1,1,4),(0.E0,3.333333333333E-1,6.666666666667E-1,1.E0),
.UNSPECIFIED.);
#786=B_SPLINE_CURVE_WITH_KNOTS('',3,(#781,#782,#783,#784,#785),.UNSPECIFIED.,
.F.,.F.,(4,1,4),(0.E0,5.E-1,1.E0),.UNSPECIFIED.);
#791=B_SPLINE_CURVE_WITH_KNOTS('',3,(#787,#788,#789,#790),.UNSPECIFIED.,.F.,.F.,
(4,4),(0.E0,1.E0),.UNSPECIFIED.);
#796=CIRCLE('',#795,2.E0);
#801=B_SPLINE_CURVE_WITH_KNOTS('',3,(#797,#798,#799,#800),.UNSPECIFIED.,.F.,.F.,
(4,4),(0.E0,1.E0),.UNSPECIFIED.);
#806=CIRCLE('',#805,2.E0);
#811=B_SPLINE_CURVE_WITH_KNOTS('',3,(#807,#808,#809,#810),.UNSPECIFIED.,.F.,.F.,
(4,4),(0.E0,1.E0),.UNSPECIFIED.);
#816=CIRCLE('',#815,2.E0);
#821=B_SPLINE_CURVE_WITH_KNOTS('',3,(#817,#818,#819,#820),.UNSPECIFIED.,.F.,.F.,
(4,4),(0.E0,1.E0),.UNSPECIFIED.);
#826=CIRCLE('',#825,2.E0);
#840=B_SPLINE_CURVE_WITH_KNOTS('',3,(#827,#828,#829,#830,#831,#832,#833,#834,
#835,#836,#837,#838,#839),.UNSPECIFIED.,.F.,.F.,(4,1,1,1,1,1,1,1,1,1,4),(0.E0,
1.E-1,2.E-1,3.E-1,4.E-1,5.E-1,6.E-1,7.E-1,8.E-1,9.E-1,1.E0),.UNSPECIFIED.);
#857=B_SPLINE_CURVE_WITH_KNOTS('',3,(#841,#842,#843,#844,#845,#846,#847,#848,
#849,#850,#851,#852,#853,#854,#855,#856),.UNSPECIFIED.,.F.,.F.,(4,1,1,1,1,1,1,1,
1,1,1,1,1,4),(0.E0,7.692307692308E-2,1.538461538462E-1,2.307692307692E-1,
3.076923076923E-1,3.846153846154E-1,4.615384615385E-1,5.384615384615E-1,
6.153846153846E-1,6.923076923077E-1,7.692307692308E-1,8.461538461538E-1,
9.230769230769E-1,1.E0),.UNSPECIFIED.);
#874=B_SPLINE_CURVE_WITH_KNOTS('',3,(#858,#859,#860,#861,#862,#863,#864,#865,
#866,#867,#868,#869,#870,#871,#872,#873),.UNSPECIFIED.,.F.,.F.,(4,1,1,1,1,1,1,1,
1,1,1,1,1,4),(0.E0,7.692307692308E-2,1.538461538462E-1,2.307692307692E-1,
3.076923076923E-1,3.846153846154E-1,4.615384615385E-1,5.384615384615E-1,
6.153846153846E-1,6.923076923077E-1,7.692307692308E-1,8.461538461538E-1,
9.230769230769E-1,1.E0),.UNSPECIFIED.);
#881=B_SPLINE_CURVE_WITH_KNOTS('',3,(#875,#876,#877,#878,#879,#880),
.UNSPECIFIED.,.F.,.F.,(4,1,1,4),(0.E0,3.333333333333E-1,6.666666666667E-1,1.E0),
.UNSPECIFIED.);
#888=B_SPLINE_CURVE_WITH_KNOTS('',3,(#882,#883,#884,#885,#886,#887),
.UNSPECIFIED.,.F.,.F.,(4,1,1,4),(0.E0,3.333333333333E-1,6.666666666667E-1,1.E0),
.UNSPECIFIED.);
#895=B_SPLINE_CURVE_WITH_KNOTS('',3,(#889,#890,#891,#892,#893,#894),
.UNSPECIFIED.,.F.,.F.,(4,1,1,4),(0.E0,3.333333333333E-1,6.666666666667E-1,1.E0),
.UNSPECIFIED.);
#909=B_SPLINE_CURVE_WITH_KNOTS('',3,(#896,#897,#898,#899,#900,#901,#902,#903,
#904,#905,#906,#907,#908),.UNSPECIFIED.,.F.,.F.,(4,1,1,1,1,1,1,1,1,1,4),(0.E0,
1.E-1,2.E-1,3.E-1,4.E-1,5.E-1,6.E-1,7.E-1,8.E-1,9.E-1,1.E0),.UNSPECIFIED.);
#927=B_SPLINE_CURVE_WITH_KNOTS('',3,(#910,#911,#912,#913,#914,#915,#916,#917,
#918,#919,#920,#921,#922,#923,#924,#925,#926),.UNSPECIFIED.,.F.,.F.,(4,1,1,1,1,
1,1,1,1,1,1,1,1,1,4),(0.E0,7.142857142857E-2,1.428571428571E-1,
2.142857142857E-1,2.857142857143E-1,3.571428571429E-1,4.285714285714E-1,5.E-1,
5.714285714286E-1,6.428571428571E-1,7.142857142857E-1,7.857142857143E-1,
8.571428571429E-1,9.285714285714E-1,1.E0),.UNSPECIFIED.);
#944=B_SPLINE_CURVE_WITH_KNOTS('',3,(#928,#929,#930,#931,#932,#933,#934,#935,
#936,#937,#938,#939,#940,#941,#942,#943),.UNSPECIFIED.,.F.,.F.,(4,1,1,1,1,1,1,1,
1,1,1,1,1,4),(0.E0,7.692307692308E-2,1.538461538462E-1,2.307692307692E-1,
3.076923076923E-1,3.846153846154E-1,4.615384615385E-1,5.384615384615E-1,
6.153846153846E-1,6.923076923077E-1,7.692307692308E-1,8.461538461538E-1,
9.230769230769E-1,1.E0),.UNSPECIFIED.);
#967=B_SPLINE_CURVE_WITH_KNOTS('',3,(#945,#946,#947,#948,#949,#950,#951,#952,
#953,#954,#955,#956,#957,#958,#959,#960,#961,#962,#963,#964,#965,#966),
.UNSPECIFIED.,.F.,.F.,(4,1,1,1,1,1,1,1,1,1,1,1,1,1,1,1,1,1,1,4),(0.E0,
5.263157894737E-2,1.052631578947E-1,1.578947368421E-1,2.105263157895E-1,
2.631578947368E-1,3.157894736842E-1,3.684210526316E-1,4.210526315789E-1,
4.736842105263E-1,5.263157894737E-1,5.789473684211E-1,6.315789473684E-1,
6.842105263158E-1,7.368421052632E-1,7.894736842105E-1,8.421052631579E-1,
8.947368421053E-1,9.473684210526E-1,1.E0),.UNSPECIFIED.);
#973=B_SPLINE_CURVE_WITH_KNOTS('',3,(#968,#969,#970,#971,#972),.UNSPECIFIED.,
.F.,.F.,(4,1,4),(0.E0,5.E-1,1.E0),.UNSPECIFIED.);
#989=B_SPLINE_CURVE_WITH_KNOTS('',3,(#974,#975,#976,#977,#978,#979,#980,#981,
#982,#983,#984,#985,#986,#987,#988),.UNSPECIFIED.,.F.,.F.,(4,1,1,1,1,1,1,1,1,1,
1,1,4),(0.E0,8.333333333333E-2,1.666666666667E-1,2.5E-1,3.333333333333E-1,
4.166666666667E-1,5.E-1,5.833333333333E-1,6.666666666667E-1,7.5E-1,
8.333333333333E-1,9.166666666667E-1,1.E0),.UNSPECIFIED.);
#996=B_SPLINE_CURVE_WITH_KNOTS('',3,(#990,#991,#992,#993,#994,#995),
.UNSPECIFIED.,.F.,.F.,(4,1,1,4),(0.E0,3.333333333333E-1,6.666666666667E-1,1.E0),
.UNSPECIFIED.);
#1002=B_SPLINE_CURVE_WITH_KNOTS('',3,(#997,#998,#999,#1000,#1001),.UNSPECIFIED.,
.F.,.F.,(4,1,4),(0.E0,5.E-1,1.E0),.UNSPECIFIED.);
#1008=B_SPLINE_CURVE_WITH_KNOTS('',3,(#1003,#1004,#1005,#1006,#1007),
.UNSPECIFIED.,.F.,.F.,(4,1,4),(0.E0,5.E-1,1.E0),.UNSPECIFIED.);
#1025=B_SPLINE_CURVE_WITH_KNOTS('',3,(#1009,#1010,#1011,#1012,#1013,#1014,#1015,
#1016,#1017,#1018,#1019,#1020,#1021,#1022,#1023,#1024),.UNSPECIFIED.,.F.,.F.,(4,
1,1,1,1,1,1,1,1,1,1,1,1,4),(0.E0,7.692307692308E-2,1.538461538462E-1,
2.307692307692E-1,3.076923076923E-1,3.846153846154E-1,4.615384615385E-1,
5.384615384615E-1,6.153846153846E-1,6.923076923077E-1,7.692307692308E-1,
8.461538461538E-1,9.230769230769E-1,1.E0),.UNSPECIFIED.);
#1030=CIRCLE('',#1029,1.5E-1);
#1035=CIRCLE('',#1034,1.85E0);
#1040=CIRCLE('',#1039,1.85E0);
#1045=CIRCLE('',#1044,1.75E0);
#1050=CIRCLE('',#1049,1.75E0);
#1055=CIRCLE('',#1054,1.5E-1);
#1060=CIRCLE('',#1059,2.E0);
#1065=CIRCLE('',#1064,2.E0);
#1082=CIRCLE('',#1081,1.75E0);
#1087=CIRCLE('',#1086,1.75E0);
#1100=B_SPLINE_CURVE_WITH_KNOTS('',3,(#1088,#1089,#1090,#1091,#1092,#1093,#1094,
#1095,#1096,#1097,#1098,#1099),.UNSPECIFIED.,.F.,.F.,(4,1,1,1,1,1,1,1,1,4),
(0.E0,1.111111111111E-1,2.222222222222E-1,3.333333333333E-1,4.444444444444E-1,
5.555555555556E-1,6.666666666667E-1,7.777777777778E-1,8.888888888889E-1,1.E0),
.UNSPECIFIED.);
#1117=B_SPLINE_CURVE_WITH_KNOTS('',3,(#1105,#1106,#1107,#1108,#1109,#1110,#1111,
#1112,#1113,#1114,#1115,#1116),.UNSPECIFIED.,.F.,.F.,(4,1,1,1,1,1,1,1,1,4),
(0.E0,1.111111111111E-1,2.222222222222E-1,3.333333333333E-1,4.444444444444E-1,
5.555555555556E-1,6.666666666667E-1,7.777777777778E-1,8.888888888889E-1,1.E0),
.UNSPECIFIED.);
#1134=CIRCLE('',#1133,2.001E0);
#1151=CIRCLE('',#1150,2.001E0);
#1168=CIRCLE('',#1167,2.001E0);
#1199=B_SPLINE_CURVE_WITH_KNOTS('',3,(#1181,#1182,#1183,#1184,#1185,#1186,#1187,
#1188,#1189,#1190,#1191,#1192,#1193,#1194,#1195,#1196,#1197,#1198),
.UNSPECIFIED.,.F.,.F.,(4,1,1,1,1,1,1,1,1,1,1,1,1,1,1,4),(0.E0,6.666666666667E-2,
1.333333333333E-1,2.E-1,2.666666666667E-1,3.333333333333E-1,4.E-1,
4.666666666667E-1,5.333333333333E-1,6.E-1,6.666666666667E-1,7.333333333333E-1,
8.E-1,8.666666666667E-1,9.333333333333E-1,1.E0),.UNSPECIFIED.);
#1232=B_SPLINE_CURVE_WITH_KNOTS('',3,(#1212,#1213,#1214,#1215,#1216,#1217,#1218,
#1219,#1220,#1221,#1222,#1223,#1224,#1225,#1226,#1227,#1228,#1229,#1230,#1231),
.UNSPECIFIED.,.F.,.F.,(4,1,1,1,1,1,1,1,1,1,1,1,1,1,1,1,1,4),(0.E0,
5.882352941176E-2,1.176470588235E-1,1.764705882353E-1,2.352941176471E-1,
2.941176470588E-1,3.529411764706E-1,4.117647058824E-1,4.705882352941E-1,
5.294117647059E-1,5.882352941176E-1,6.470588235294E-1,7.058823529412E-1,
7.647058823529E-1,8.235294117647E-1,8.823529411765E-1,9.411764705882E-1,1.E0),
.UNSPECIFIED.);
#1249=CIRCLE('',#1248,2.001E0);
#1266=CIRCLE('',#1265,2.001E0);
#1283=CIRCLE('',#1282,2.001E0);
#1300=CIRCLE('',#1299,2.001E0);
#1317=CIRCLE('',#1316,2.001E0);
#1334=CIRCLE('',#1333,2.001E0);
#1344=B_SPLINE_CURVE_WITH_KNOTS('',3,(#1339,#1340,#1341,#1342,#1343),
.UNSPECIFIED.,.F.,.F.,(4,1,4),(0.E0,5.E-1,1.E0),.UNSPECIFIED.);
#1365=B_SPLINE_CURVE_WITH_KNOTS('',3,(#1349,#1350,#1351,#1352,#1353,#1354,#1355,
#1356,#1357,#1358,#1359,#1360,#1361,#1362,#1363,#1364),.UNSPECIFIED.,.F.,.F.,(4,
1,1,1,1,1,1,1,1,1,1,1,1,4),(0.E0,7.692307692308E-2,1.538461538462E-1,
2.307692307692E-1,3.076923076923E-1,3.846153846154E-1,4.615384615385E-1,
5.384615384615E-1,6.153846153846E-1,6.923076923077E-1,7.692307692308E-1,
8.461538461538E-1,9.230769230769E-1,1.E0),.UNSPECIFIED.);
#1375=B_SPLINE_CURVE_WITH_KNOTS('',3,(#1370,#1371,#1372,#1373,#1374),
.UNSPECIFIED.,.F.,.F.,(4,1,4),(0.E0,5.E-1,1.E0),.UNSPECIFIED.);
#1393=B_SPLINE_CURVE_WITH_KNOTS('',3,(#1388,#1389,#1390,#1391,#1392),
.UNSPECIFIED.,.F.,.F.,(4,1,4),(0.E0,5.E-1,1.E0),.UNSPECIFIED.);
#1412=B_SPLINE_CURVE_WITH_KNOTS('',3,(#1398,#1399,#1400,#1401,#1402,#1403,#1404,
#1405,#1406,#1407,#1408,#1409,#1410,#1411),.UNSPECIFIED.,.F.,.F.,(4,1,1,1,1,1,1,
1,1,1,1,4),(0.E0,9.090909090909E-2,1.818181818182E-1,2.727272727273E-1,
3.636363636364E-1,4.545454545455E-1,5.454545454545E-1,6.363636363636E-1,
7.272727272727E-1,8.181818181818E-1,9.090909090909E-1,1.E0),.UNSPECIFIED.);
#1423=B_SPLINE_CURVE_WITH_KNOTS('',3,(#1417,#1418,#1419,#1420,#1421,#1422),
.UNSPECIFIED.,.F.,.F.,(4,1,1,4),(0.E0,3.333333333333E-1,6.666666666667E-1,1.E0),
.UNSPECIFIED.);
#1441=B_SPLINE_CURVE_WITH_KNOTS('',3,(#1436,#1437,#1438,#1439,#1440),
.UNSPECIFIED.,.F.,.F.,(4,1,4),(0.E0,5.E-1,1.E0),.UNSPECIFIED.);
#1452=B_SPLINE_CURVE_WITH_KNOTS('',3,(#1446,#1447,#1448,#1449,#1450,#1451),
.UNSPECIFIED.,.F.,.F.,(4,1,1,4),(0.E0,3.333333333333E-1,6.666666666667E-1,1.E0),
.UNSPECIFIED.);
#1463=B_SPLINE_CURVE_WITH_KNOTS('',3,(#1457,#1458,#1459,#1460,#1461,#1462),
.UNSPECIFIED.,.F.,.F.,(4,1,1,4),(0.E0,3.333333333333E-1,6.666666666667E-1,1.E0),
.UNSPECIFIED.);
#1474=B_SPLINE_CURVE_WITH_KNOTS('',3,(#1468,#1469,#1470,#1471,#1472,#1473),
.UNSPECIFIED.,.F.,.F.,(4,1,1,4),(0.E0,3.333333333333E-1,6.666666666667E-1,1.E0),
.UNSPECIFIED.);
#1484=B_SPLINE_CURVE_WITH_KNOTS('',3,(#1479,#1480,#1481,#1482,#1483),
.UNSPECIFIED.,.F.,.F.,(4,1,4),(0.E0,5.E-1,1.E0),.UNSPECIFIED.);
#1493=B_SPLINE_CURVE_WITH_KNOTS('',3,(#1489,#1490,#1491,#1492),.UNSPECIFIED.,
.F.,.F.,(4,4),(0.E0,1.E0),.UNSPECIFIED.);
#1502=CIRCLE('',#1501,2.001E0);
#1511=B_SPLINE_CURVE_WITH_KNOTS('',3,(#1507,#1508,#1509,#1510),.UNSPECIFIED.,
.F.,.F.,(4,4),(0.E0,1.E0),.UNSPECIFIED.);
#1520=CIRCLE('',#1519,2.001E0);
#1529=B_SPLINE_CURVE_WITH_KNOTS('',3,(#1525,#1526,#1527,#1528),.UNSPECIFIED.,
.F.,.F.,(4,4),(0.E0,1.E0),.UNSPECIFIED.);
#1538=CIRCLE('',#1537,2.001E0);
#1547=B_SPLINE_CURVE_WITH_KNOTS('',3,(#1543,#1544,#1545,#1546),.UNSPECIFIED.,
.F.,.F.,(4,4),(0.E0,1.E0),.UNSPECIFIED.);
#1556=CIRCLE('',#1555,2.001E0);
#1573=CIRCLE('',#1572,2.001E0);
#1590=CIRCLE('',#1589,2.001E0);
#1607=CIRCLE('',#1606,2.001E0);
#1624=CIRCLE('',#1623,2.001E0);
#1641=CIRCLE('',#1640,2.001E0);
#1658=CIRCLE('',#1657,2.001E0);
#1668=B_SPLINE_CURVE_WITH_KNOTS('',3,(#1663,#1664,#1665,#1666,#1667),
.UNSPECIFIED.,.F.,.F.,(4,1,4),(0.E0,5.E-1,1.E0),.UNSPECIFIED.);
#1699=B_SPLINE_CURVE_WITH_KNOTS('',3,(#1681,#1682,#1683,#1684,#1685,#1686,#1687,
#1688,#1689,#1690,#1691,#1692,#1693,#1694,#1695,#1696,#1697,#1698),
.UNSPECIFIED.,.F.,.F.,(4,1,1,1,1,1,1,1,1,1,1,1,1,1,1,4),(0.E0,6.666666666667E-2,
1.333333333333E-1,2.E-1,2.666666666667E-1,3.333333333333E-1,4.E-1,
4.666666666667E-1,5.333333333333E-1,6.E-1,6.666666666667E-1,7.333333333333E-1,
8.E-1,8.666666666667E-1,9.333333333333E-1,1.E0),.UNSPECIFIED.);
#1717=B_SPLINE_CURVE_WITH_KNOTS('',3,(#1712,#1713,#1714,#1715,#1716),
.UNSPECIFIED.,.F.,.F.,(4,1,4),(0.E0,5.E-1,1.E0),.UNSPECIFIED.);
#1740=B_SPLINE_CURVE_WITH_KNOTS('',3,(#1730,#1731,#1732,#1733,#1734,#1735,#1736,
#1737,#1738,#1739),.UNSPECIFIED.,.F.,.F.,(4,1,1,1,1,1,1,4),(0.E0,
1.428571428571E-1,2.857142857143E-1,4.285714285714E-1,5.714285714286E-1,
7.142857142857E-1,8.571428571429E-1,1.E0),.UNSPECIFIED.);
#1764=B_SPLINE_CURVE_WITH_KNOTS('',3,(#1753,#1754,#1755,#1756,#1757,#1758,#1759,
#1760,#1761,#1762,#1763),.UNSPECIFIED.,.F.,.F.,(4,1,1,1,1,1,1,1,4),(0.E0,
1.25E-1,2.5E-1,3.75E-1,5.E-1,6.25E-1,7.5E-1,8.75E-1,1.E0),.UNSPECIFIED.);
#1774=B_SPLINE_CURVE_WITH_KNOTS('',3,(#1769,#1770,#1771,#1772,#1773),
.UNSPECIFIED.,.F.,.F.,(4,1,4),(0.E0,5.E-1,1.E0),.UNSPECIFIED.);
#1794=B_SPLINE_CURVE_WITH_KNOTS('',3,(#1779,#1780,#1781,#1782,#1783,#1784,#1785,
#1786,#1787,#1788,#1789,#1790,#1791,#1792,#1793),.UNSPECIFIED.,.F.,.F.,(4,1,1,1,
1,1,1,1,1,1,1,1,4),(0.E0,8.333333333333E-2,1.666666666667E-1,2.5E-1,
3.333333333333E-1,4.166666666667E-1,5.E-1,5.833333333333E-1,6.666666666667E-1,
7.5E-1,8.333333333333E-1,9.166666666667E-1,1.E0),.UNSPECIFIED.);
#1831=B_SPLINE_CURVE_WITH_KNOTS('',3,(#1807,#1808,#1809,#1810,#1811,#1812,#1813,
#1814,#1815,#1816,#1817,#1818,#1819,#1820,#1821,#1822,#1823,#1824,#1825,#1826,
#1827,#1828,#1829,#1830),.UNSPECIFIED.,.F.,.F.,(4,1,1,1,1,1,1,1,1,1,1,1,1,1,1,1,
1,1,1,1,1,4),(0.E0,4.761904761905E-2,9.523809523810E-2,1.428571428571E-1,
1.904761904762E-1,2.380952380952E-1,2.857142857143E-1,3.333333333333E-1,
3.809523809524E-1,4.285714285714E-1,4.761904761905E-1,5.238095238095E-1,
5.714285714286E-1,6.190476190476E-1,6.666666666667E-1,7.142857142857E-1,
7.619047619048E-1,8.095238095238E-1,8.571428571429E-1,9.047619047619E-1,
9.523809523810E-1,1.E0),.UNSPECIFIED.);
#1871=B_SPLINE_CURVE_WITH_KNOTS('',3,(#1844,#1845,#1846,#1847,#1848,#1849,#1850,
#1851,#1852,#1853,#1854,#1855,#1856,#1857,#1858,#1859,#1860,#1861,#1862,#1863,
#1864,#1865,#1866,#1867,#1868,#1869,#1870),.UNSPECIFIED.,.F.,.F.,(4,1,1,1,1,1,1,
1,1,1,1,1,1,1,1,1,1,1,1,1,1,1,1,1,4),(0.E0,4.166666666667E-2,8.333333333333E-2,
1.25E-1,1.666666666667E-1,2.083333333333E-1,2.5E-1,2.916666666667E-1,
3.333333333333E-1,3.75E-1,4.166666666667E-1,4.583333333333E-1,5.E-1,
5.416666666667E-1,5.833333333333E-1,6.25E-1,6.666666666667E-1,7.083333333333E-1,
7.5E-1,7.916666666667E-1,8.333333333333E-1,8.75E-1,9.166666666667E-1,
9.583333333333E-1,1.E0),.UNSPECIFIED.);
#1881=B_SPLINE_CURVE_WITH_KNOTS('',3,(#1876,#1877,#1878,#1879,#1880),
.UNSPECIFIED.,.F.,.F.,(4,1,4),(0.E0,5.E-1,1.E0),.UNSPECIFIED.);
#1892=B_SPLINE_CURVE_WITH_KNOTS('',3,(#1886,#1887,#1888,#1889,#1890,#1891),
.UNSPECIFIED.,.F.,.F.,(4,1,1,4),(0.E0,3.333333333333E-1,6.666666666667E-1,1.E0),
.UNSPECIFIED.);
#1902=B_SPLINE_CURVE_WITH_KNOTS('',3,(#1897,#1898,#1899,#1900,#1901),
.UNSPECIFIED.,.F.,.F.,(4,1,4),(0.E0,5.E-1,1.E0),.UNSPECIFIED.);
#1913=B_SPLINE_CURVE_WITH_KNOTS('',3,(#1907,#1908,#1909,#1910,#1911,#1912),
.UNSPECIFIED.,.F.,.F.,(4,1,1,4),(0.E0,3.333333333333E-1,6.666666666667E-1,1.E0),
.UNSPECIFIED.);
#1923=B_SPLINE_CURVE_WITH_KNOTS('',3,(#1918,#1919,#1920,#1921,#1922),
.UNSPECIFIED.,.F.,.F.,(4,1,4),(0.E0,5.E-1,1.E0),.UNSPECIFIED.);
#1936=B_SPLINE_CURVE_WITH_KNOTS('',3,(#1928,#1929,#1930,#1931,#1932,#1933,#1934,
#1935),.UNSPECIFIED.,.F.,.F.,(4,1,1,1,1,4),(0.E0,2.E-1,4.E-1,6.E-1,8.E-1,1.E0),
.UNSPECIFIED.);
#1957=B_SPLINE_CURVE_WITH_KNOTS('',3,(#1949,#1950,#1951,#1952,#1953,#1954,#1955,
#1956),.UNSPECIFIED.,.F.,.F.,(4,1,1,1,1,4),(0.E0,2.E-1,4.E-1,6.E-1,8.E-1,1.E0),
.UNSPECIFIED.);
#1968=B_SPLINE_CURVE_WITH_KNOTS('',3,(#1962,#1963,#1964,#1965,#1966,#1967),
.UNSPECIFIED.,.F.,.F.,(4,1,1,4),(0.E0,3.333333333333E-1,6.666666666667E-1,1.E0),
.UNSPECIFIED.);
#1978=B_SPLINE_CURVE_WITH_KNOTS('',3,(#1973,#1974,#1975,#1976,#1977),
.UNSPECIFIED.,.F.,.F.,(4,1,4),(0.E0,5.E-1,1.E0),.UNSPECIFIED.);
#1989=B_SPLINE_CURVE_WITH_KNOTS('',3,(#1983,#1984,#1985,#1986,#1987,#1988),
.UNSPECIFIED.,.F.,.F.,(4,1,1,4),(0.E0,3.333333333333E-1,6.666666666667E-1,1.E0),
.UNSPECIFIED.);
#2000=B_SPLINE_CURVE_WITH_KNOTS('',3,(#1994,#1995,#1996,#1997,#1998,#1999),
.UNSPECIFIED.,.F.,.F.,(4,1,1,4),(0.E0,3.333333333333E-1,6.666666666667E-1,1.E0),
.UNSPECIFIED.);
#2017=CIRCLE('',#2016,2.001E0);
#2034=CIRCLE('',#2033,2.001E0);
#2051=CIRCLE('',#2050,2.001E0);
#2068=CIRCLE('',#2067,2.001E0);
#2085=CIRCLE('',#2084,2.001E0);
#2102=CIRCLE('',#2101,2.001E0);
#2112=B_SPLINE_CURVE_WITH_KNOTS('',3,(#2107,#2108,#2109,#2110,#2111),
.UNSPECIFIED.,.F.,.F.,(4,1,4),(0.E0,5.E-1,1.E0),.UNSPECIFIED.);
#2131=B_SPLINE_CURVE_WITH_KNOTS('',3,(#2117,#2118,#2119,#2120,#2121,#2122,#2123,
#2124,#2125,#2126,#2127,#2128,#2129,#2130),.UNSPECIFIED.,.F.,.F.,(4,1,1,1,1,1,1,
1,1,1,1,4),(0.E0,9.090909090909E-2,1.818181818182E-1,2.727272727273E-1,
3.636363636364E-1,4.545454545455E-1,5.454545454545E-1,6.363636363636E-1,
7.272727272727E-1,8.181818181818E-1,9.090909090909E-1,1.E0),.UNSPECIFIED.);
#2141=B_SPLINE_CURVE_WITH_KNOTS('',3,(#2136,#2137,#2138,#2139,#2140),
.UNSPECIFIED.,.F.,.F.,(4,1,4),(0.E0,5.E-1,1.E0),.UNSPECIFIED.);
#2159=B_SPLINE_CURVE_WITH_KNOTS('',3,(#2154,#2155,#2156,#2157,#2158),
.UNSPECIFIED.,.F.,.F.,(4,1,4),(0.E0,5.E-1,1.E0),.UNSPECIFIED.);
#2178=B_SPLINE_CURVE_WITH_KNOTS('',3,(#2164,#2165,#2166,#2167,#2168,#2169,#2170,
#2171,#2172,#2173,#2174,#2175,#2176,#2177),.UNSPECIFIED.,.F.,.F.,(4,1,1,1,1,1,1,
1,1,1,1,4),(0.E0,9.090909090909E-2,1.818181818182E-1,2.727272727273E-1,
3.636363636364E-1,4.545454545455E-1,5.454545454545E-1,6.363636363636E-1,
7.272727272727E-1,8.181818181818E-1,9.090909090909E-1,1.E0),.UNSPECIFIED.);
#2189=B_SPLINE_CURVE_WITH_KNOTS('',3,(#2183,#2184,#2185,#2186,#2187,#2188),
.UNSPECIFIED.,.F.,.F.,(4,1,1,4),(0.E0,3.333333333333E-1,6.666666666667E-1,1.E0),
.UNSPECIFIED.);
#2207=B_SPLINE_CURVE_WITH_KNOTS('',3,(#2202,#2203,#2204,#2205,#2206),
.UNSPECIFIED.,.F.,.F.,(4,1,4),(0.E0,5.E-1,1.E0),.UNSPECIFIED.);
#2218=B_SPLINE_CURVE_WITH_KNOTS('',3,(#2212,#2213,#2214,#2215,#2216,#2217),
.UNSPECIFIED.,.F.,.F.,(4,1,1,4),(0.E0,3.333333333333E-1,6.666666666667E-1,1.E0),
.UNSPECIFIED.);
#2229=B_SPLINE_CURVE_WITH_KNOTS('',3,(#2223,#2224,#2225,#2226,#2227,#2228),
.UNSPECIFIED.,.F.,.F.,(4,1,1,4),(0.E0,3.333333333333E-1,6.666666666667E-1,1.E0),
.UNSPECIFIED.);
#2240=B_SPLINE_CURVE_WITH_KNOTS('',3,(#2234,#2235,#2236,#2237,#2238,#2239),
.UNSPECIFIED.,.F.,.F.,(4,1,1,4),(0.E0,3.333333333333E-1,6.666666666667E-1,1.E0),
.UNSPECIFIED.);
#2250=B_SPLINE_CURVE_WITH_KNOTS('',3,(#2245,#2246,#2247,#2248,#2249),
.UNSPECIFIED.,.F.,.F.,(4,1,4),(0.E0,5.E-1,1.E0),.UNSPECIFIED.);
#2259=B_SPLINE_CURVE_WITH_KNOTS('',3,(#2255,#2256,#2257,#2258),.UNSPECIFIED.,
.F.,.F.,(4,4),(0.E0,1.E0),.UNSPECIFIED.);
#2268=CIRCLE('',#2267,2.001E0);
#2277=B_SPLINE_CURVE_WITH_KNOTS('',3,(#2273,#2274,#2275,#2276),.UNSPECIFIED.,
.F.,.F.,(4,4),(0.E0,1.E0),.UNSPECIFIED.);
#2286=CIRCLE('',#2285,2.001E0);
#2295=B_SPLINE_CURVE_WITH_KNOTS('',3,(#2291,#2292,#2293,#2294),.UNSPECIFIED.,
.F.,.F.,(4,4),(0.E0,1.E0),.UNSPECIFIED.);
#2304=CIRCLE('',#2303,2.001E0);
#2313=B_SPLINE_CURVE_WITH_KNOTS('',3,(#2309,#2310,#2311,#2312),.UNSPECIFIED.,
.F.,.F.,(4,4),(0.E0,1.E0),.UNSPECIFIED.);
#2322=CIRCLE('',#2321,2.001E0);
#2340=B_SPLINE_CURVE_WITH_KNOTS('',3,(#2327,#2328,#2329,#2330,#2331,#2332,#2333,
#2334,#2335,#2336,#2337,#2338,#2339),.UNSPECIFIED.,.F.,.F.,(4,1,1,1,1,1,1,1,1,1,
4),(0.E0,1.E-1,2.E-1,3.E-1,4.E-1,5.E-1,6.E-1,7.E-1,8.E-1,9.E-1,1.E0),
.UNSPECIFIED.);
#2362=B_SPLINE_CURVE_WITH_KNOTS('',3,(#2345,#2346,#2347,#2348,#2349,#2350,#2351,
#2352,#2353,#2354,#2355,#2356,#2357,#2358,#2359,#2360,#2361),.UNSPECIFIED.,.F.,
.F.,(4,1,1,1,1,1,1,1,1,1,1,1,1,1,4),(0.E0,7.142857142857E-2,1.428571428571E-1,
2.142857142857E-1,2.857142857143E-1,3.571428571429E-1,4.285714285714E-1,5.E-1,
5.714285714286E-1,6.428571428571E-1,7.142857142857E-1,7.857142857143E-1,
8.571428571429E-1,9.285714285714E-1,1.E0),.UNSPECIFIED.);
#2382=B_SPLINE_CURVE_WITH_KNOTS('',3,(#2367,#2368,#2369,#2370,#2371,#2372,#2373,
#2374,#2375,#2376,#2377,#2378,#2379,#2380,#2381),.UNSPECIFIED.,.F.,.F.,(4,1,1,1,
1,1,1,1,1,1,1,1,4),(0.E0,8.333333333333E-2,1.666666666667E-1,2.5E-1,
3.333333333333E-1,4.166666666667E-1,5.E-1,5.833333333333E-1,6.666666666667E-1,
7.5E-1,8.333333333333E-1,9.166666666667E-1,1.E0),.UNSPECIFIED.);
#2393=B_SPLINE_CURVE_WITH_KNOTS('',3,(#2387,#2388,#2389,#2390,#2391,#2392),
.UNSPECIFIED.,.F.,.F.,(4,1,1,4),(0.E0,3.333333333333E-1,6.666666666667E-1,1.E0),
.UNSPECIFIED.);
#2404=B_SPLINE_CURVE_WITH_KNOTS('',3,(#2398,#2399,#2400,#2401,#2402,#2403),
.UNSPECIFIED.,.F.,.F.,(4,1,1,4),(0.E0,3.333333333333E-1,6.666666666667E-1,1.E0),
.UNSPECIFIED.);
#2415=B_SPLINE_CURVE_WITH_KNOTS('',3,(#2409,#2410,#2411,#2412,#2413,#2414),
.UNSPECIFIED.,.F.,.F.,(4,1,1,4),(0.E0,3.333333333333E-1,6.666666666667E-1,1.E0),
.UNSPECIFIED.);
#2432=B_SPLINE_CURVE_WITH_KNOTS('',3,(#2420,#2421,#2422,#2423,#2424,#2425,#2426,
#2427,#2428,#2429,#2430,#2431),.UNSPECIFIED.,.F.,.F.,(4,1,1,1,1,1,1,1,1,4),
(0.E0,1.111111111111E-1,2.222222222222E-1,3.333333333333E-1,4.444444444444E-1,
5.555555555556E-1,6.666666666667E-1,7.777777777778E-1,8.888888888889E-1,1.E0),
.UNSPECIFIED.);
#2454=B_SPLINE_CURVE_WITH_KNOTS('',3,(#2437,#2438,#2439,#2440,#2441,#2442,#2443,
#2444,#2445,#2446,#2447,#2448,#2449,#2450,#2451,#2452,#2453),.UNSPECIFIED.,.F.,
.F.,(4,1,1,1,1,1,1,1,1,1,1,1,1,1,4),(0.E0,7.142857142857E-2,1.428571428571E-1,
2.142857142857E-1,2.857142857143E-1,3.571428571429E-1,4.285714285714E-1,5.E-1,
5.714285714286E-1,6.428571428571E-1,7.142857142857E-1,7.857142857143E-1,
8.571428571429E-1,9.285714285714E-1,1.E0),.UNSPECIFIED.);
#2475=B_SPLINE_CURVE_WITH_KNOTS('',3,(#2459,#2460,#2461,#2462,#2463,#2464,#2465,
#2466,#2467,#2468,#2469,#2470,#2471,#2472,#2473,#2474),.UNSPECIFIED.,.F.,.F.,(4,
1,1,1,1,1,1,1,1,1,1,1,1,4),(0.E0,7.692307692308E-2,1.538461538462E-1,
2.307692307692E-1,3.076923076923E-1,3.846153846154E-1,4.615384615385E-1,
5.384615384615E-1,6.153846153846E-1,6.923076923077E-1,7.692307692308E-1,
8.461538461538E-1,9.230769230769E-1,1.E0),.UNSPECIFIED.);
#2496=B_SPLINE_CURVE_WITH_KNOTS('',3,(#2480,#2481,#2482,#2483,#2484,#2485,#2486,
#2487,#2488,#2489,#2490,#2491,#2492,#2493,#2494,#2495),.UNSPECIFIED.,.F.,.F.,(4,
1,1,1,1,1,1,1,1,1,1,1,1,4),(0.E0,7.692307692308E-2,1.538461538462E-1,
2.307692307692E-1,3.076923076923E-1,3.846153846154E-1,4.615384615385E-1,
5.384615384615E-1,6.153846153846E-1,6.923076923077E-1,7.692307692308E-1,
8.461538461538E-1,9.230769230769E-1,1.E0),.UNSPECIFIED.);
#2507=B_SPLINE_CURVE_WITH_KNOTS('',3,(#2501,#2502,#2503,#2504,#2505,#2506),
.UNSPECIFIED.,.F.,.F.,(4,1,1,4),(0.E0,3.333333333333E-1,6.666666666667E-1,1.E0),
.UNSPECIFIED.);
#2532=B_SPLINE_CURVE_WITH_KNOTS('',3,(#2512,#2513,#2514,#2515,#2516,#2517,#2518,
#2519,#2520,#2521,#2522,#2523,#2524,#2525,#2526,#2527,#2528,#2529,#2530,#2531),
.UNSPECIFIED.,.F.,.F.,(4,1,1,1,1,1,1,1,1,1,1,1,1,1,1,1,1,4),(0.E0,
5.882352941176E-2,1.176470588235E-1,1.764705882353E-1,2.352941176471E-1,
2.941176470588E-1,3.529411764706E-1,4.117647058824E-1,4.705882352941E-1,
5.294117647059E-1,5.882352941176E-1,6.470588235294E-1,7.058823529412E-1,
7.647058823529E-1,8.235294117647E-1,8.823529411765E-1,9.411764705882E-1,1.E0),
.UNSPECIFIED.);
#2543=B_SPLINE_CURVE_WITH_KNOTS('',3,(#2537,#2538,#2539,#2540,#2541,#2542),
.UNSPECIFIED.,.F.,.F.,(4,1,1,4),(0.E0,3.333333333333E-1,6.666666666667E-1,1.E0),
.UNSPECIFIED.);
#2553=B_SPLINE_CURVE_WITH_KNOTS('',3,(#2548,#2549,#2550,#2551,#2552),
.UNSPECIFIED.,.F.,.F.,(4,1,4),(0.E0,5.E-1,1.E0),.UNSPECIFIED.);
#2563=B_SPLINE_CURVE_WITH_KNOTS('',3,(#2558,#2559,#2560,#2561,#2562),
.UNSPECIFIED.,.F.,.F.,(4,1,4),(0.E0,5.E-1,1.E0),.UNSPECIFIED.);
#2584=B_SPLINE_CURVE_WITH_KNOTS('',3,(#2568,#2569,#2570,#2571,#2572,#2573,#2574,
#2575,#2576,#2577,#2578,#2579,#2580,#2581,#2582,#2583),.UNSPECIFIED.,.F.,.F.,(4,
1,1,1,1,1,1,1,1,1,1,1,1,4),(0.E0,7.692307692308E-2,1.538461538462E-1,
2.307692307692E-1,3.076923076923E-1,3.846153846154E-1,4.615384615385E-1,
5.384615384615E-1,6.153846153846E-1,6.923076923077E-1,7.692307692308E-1,
8.461538461538E-1,9.230769230769E-1,1.E0),.UNSPECIFIED.);
#2593=CIRCLE('',#2592,1.5E-1);
#2598=CIRCLE('',#2597,1.5E-1);
#2603=CIRCLE('',#2602,1.7E0);
#2608=CIRCLE('',#2607,1.7E0);
#2613=CIRCLE('',#2612,5.E-1);
#2618=CIRCLE('',#2617,5.E-1);
#2723=CIRCLE('',#2722,5.E-1);
#2728=CIRCLE('',#2727,5.E-1);
#2733=CIRCLE('',#2732,5.E-1);
#2738=CIRCLE('',#2737,5.E-1);
#2743=CIRCLE('',#2742,4.9E-1);
#2748=CIRCLE('',#2747,4.9E-1);
#2753=CIRCLE('',#2752,4.9E-1);
#2758=CIRCLE('',#2757,4.9E-1);
#2771=CIRCLE('',#2770,5.E-1);
#2776=CIRCLE('',#2775,5.E-1);
#2805=CIRCLE('',#2804,6.2E-1);
#2810=CIRCLE('',#2809,6.2E-1);
#2999=CIRCLE('',#2998,4.9E-1);
#3004=CIRCLE('',#3003,4.9E-1);
#3009=CIRCLE('',#3008,4.9E-1);
#3014=CIRCLE('',#3013,4.9E-1);
#3019=CIRCLE('',#3018,3.E-1);
#3024=CIRCLE('',#3023,3.E-1);
#3029=CIRCLE('',#3028,3.E-1);
#3034=CIRCLE('',#3033,3.E-1);
#3055=CIRCLE('',#3054,3.E-1);
#3060=CIRCLE('',#3059,3.E-1);
#3065=CIRCLE('',#3064,3.E-1);
#3070=CIRCLE('',#3069,3.E-1);
#3083=CIRCLE('',#3082,2.E-1);
#3092=CIRCLE('',#3091,2.E-1);
#3101=CIRCLE('',#3100,2.E-1);
#3106=CIRCLE('',#3105,2.E-1);
#3111=CIRCLE('',#3110,2.E-1);
#3116=CIRCLE('',#3115,2.E-1);
#3121=CIRCLE('',#3120,2.E-1);
#3130=CIRCLE('',#3129,2.E-1);
#3722=EDGE_CURVE('',#3145,#3146,#22,.T.);
#3724=EDGE_CURVE('',#3146,#3145,#27,.T.);
#3728=EDGE_CURVE('',#3161,#3162,#32,.T.);
#3730=EDGE_CURVE('',#3162,#3161,#37,.T.);
#3748=EDGE_CURVE('',#3146,#3150,#47,.T.);
#3750=EDGE_CURVE('',#3149,#3150,#1065,.T.);
#3752=EDGE_CURVE('',#3145,#3149,#42,.T.);
#3771=EDGE_CURVE('',#3150,#3149,#57,.T.);
#3789=EDGE_CURVE('',#3142,#3141,#52,.T.);
#3791=EDGE_CURVE('',#3150,#3141,#1069,.T.);
#3794=EDGE_CURVE('',#3149,#3142,#61,.T.);
#3798=EDGE_CURVE('',#3335,#3336,#91,.T.);
#3800=EDGE_CURVE('',#3338,#3336,#96,.T.);
#3802=EDGE_CURVE('',#3338,#3340,#100,.T.);
#3804=EDGE_CURVE('',#3342,#3340,#105,.T.);
#3806=EDGE_CURVE('',#3344,#3342,#109,.T.);
#3808=EDGE_CURVE('',#3344,#3335,#114,.T.);
#3812=EDGE_CURVE('',#3347,#3348,#118,.T.);
#3814=EDGE_CURVE('',#3349,#3347,#137,.T.);
#3816=EDGE_CURVE('',#3351,#3349,#141,.T.);
#3818=EDGE_CURVE('',#3348,#3351,#161,.T.);
#3822=EDGE_CURVE('',#3354,#3355,#165,.T.);
#3824=EDGE_CURVE('',#3357,#3355,#170,.T.);
#3826=EDGE_CURVE('',#3357,#3359,#174,.T.);
#3828=EDGE_CURVE('',#3359,#3361,#179,.T.);
#3830=EDGE_CURVE('',#3361,#3363,#183,.T.);
#3832=EDGE_CURVE('',#3365,#3363,#188,.T.);
#3834=EDGE_CURVE('',#3365,#3367,#192,.T.);
#3836=EDGE_CURVE('',#3367,#3369,#197,.T.);
#3838=EDGE_CURVE('',#3369,#3371,#201,.T.);
#3840=EDGE_CURVE('',#3373,#3371,#206,.T.);
#3842=EDGE_CURVE('',#3375,#3373,#210,.T.);
#3844=EDGE_CURVE('',#3375,#3354,#215,.T.);
#3848=EDGE_CURVE('',#3380,#3381,#251,.T.);
#3850=EDGE_CURVE('',#3382,#3380,#266,.T.);
#3852=EDGE_CURVE('',#3383,#3382,#272,.T.);
#3854=EDGE_CURVE('',#3381,#3383,#276,.T.);
#3858=EDGE_CURVE('',#3389,#3390,#314,.T.);
#3860=EDGE_CURVE('',#3392,#3389,#319,.T.);
#3862=EDGE_CURVE('',#3393,#3392,#324,.T.);
#3864=EDGE_CURVE('',#3393,#3395,#329,.T.);
#3866=EDGE_CURVE('',#3395,#3396,#334,.T.);
#3868=EDGE_CURVE('',#3396,#3398,#339,.T.);
#3870=EDGE_CURVE('',#3398,#3399,#344,.T.);
#3872=EDGE_CURVE('',#3399,#3390,#349,.T.);
#3876=EDGE_CURVE('',#3402,#3403,#353,.T.);
#3878=EDGE_CURVE('',#3405,#3403,#358,.T.);
#3880=EDGE_CURVE('',#3405,#3407,#362,.T.);
#3882=EDGE_CURVE('',#3407,#3409,#367,.T.);
#3884=EDGE_CURVE('',#3409,#3411,#371,.T.);
#3886=EDGE_CURVE('',#3413,#3411,#376,.T.);
#3888=EDGE_CURVE('',#3413,#3415,#380,.T.);
#3890=EDGE_CURVE('',#3415,#3417,#385,.T.);
#3892=EDGE_CURVE('',#3417,#3419,#389,.T.);
#3894=EDGE_CURVE('',#3421,#3419,#394,.T.);
#3896=EDGE_CURVE('',#3423,#3421,#398,.T.);
#3898=EDGE_CURVE('',#3423,#3402,#403,.T.);
#3902=EDGE_CURVE('',#3430,#3431,#435,.T.);
#3904=EDGE_CURVE('',#3432,#3430,#441,.T.);
#3906=EDGE_CURVE('',#3434,#3432,#445,.T.);
#3908=EDGE_CURVE('',#3435,#3434,#457,.T.);
#3910=EDGE_CURVE('',#3437,#3435,#461,.T.);
#3912=EDGE_CURVE('',#3438,#3437,#472,.T.);
#3914=EDGE_CURVE('',#3439,#3438,#478,.T.);
#3916=EDGE_CURVE('',#3431,#3439,#494,.T.);
#3920=EDGE_CURVE('',#3442,#3443,#498,.T.);
#3922=EDGE_CURVE('',#3444,#3442,#523,.T.);
#3924=EDGE_CURVE('',#3446,#3444,#527,.T.);
#3926=EDGE_CURVE('',#3443,#3446,#556,.T.);
#3930=EDGE_CURVE('',#3447,#3448,#562,.T.);
#3932=EDGE_CURVE('',#3449,#3447,#569,.T.);
#3934=EDGE_CURVE('',#3450,#3449,#575,.T.);
#3936=EDGE_CURVE('',#3451,#3450,#582,.T.);
#3938=EDGE_CURVE('',#3452,#3451,#588,.T.);
#3940=EDGE_CURVE('',#3453,#3452,#598,.T.);
#3942=EDGE_CURVE('',#3455,#3453,#602,.T.);
#3944=EDGE_CURVE('',#3456,#3455,#611,.T.);
#3946=EDGE_CURVE('',#3457,#3456,#618,.T.);
#3948=EDGE_CURVE('',#3458,#3457,#624,.T.);
#3950=EDGE_CURVE('',#3459,#3458,#631,.T.);
#3952=EDGE_CURVE('',#3448,#3459,#638,.T.);
#3956=EDGE_CURVE('',#3462,#3463,#642,.T.);
#3958=EDGE_CURVE('',#3465,#3463,#647,.T.);
#3960=EDGE_CURVE('',#3465,#3467,#651,.T.);
#3962=EDGE_CURVE('',#3467,#3469,#656,.T.);
#3964=EDGE_CURVE('',#3469,#3471,#660,.T.);
#3966=EDGE_CURVE('',#3473,#3471,#665,.T.);
#3968=EDGE_CURVE('',#3473,#3475,#669,.T.);
#3970=EDGE_CURVE('',#3475,#3477,#674,.T.);
#3972=EDGE_CURVE('',#3477,#3479,#678,.T.);
#3974=EDGE_CURVE('',#3481,#3479,#683,.T.);
#3976=EDGE_CURVE('',#3483,#3481,#687,.T.);
#3978=EDGE_CURVE('',#3483,#3462,#692,.T.);
#3982=EDGE_CURVE('',#3488,#3489,#728,.T.);
#3984=EDGE_CURVE('',#3490,#3488,#743,.T.);
#3986=EDGE_CURVE('',#3491,#3490,#749,.T.);
#3988=EDGE_CURVE('',#3489,#3491,#753,.T.);
#3992=EDGE_CURVE('',#3497,#3498,#791,.T.);
#3994=EDGE_CURVE('',#3500,#3497,#796,.T.);
#3996=EDGE_CURVE('',#3501,#3500,#801,.T.);
#3998=EDGE_CURVE('',#3501,#3503,#806,.T.);
#4000=EDGE_CURVE('',#3503,#3504,#811,.T.);
#4002=EDGE_CURVE('',#3504,#3506,#816,.T.);
#4004=EDGE_CURVE('',#3506,#3507,#821,.T.);
#4006=EDGE_CURVE('',#3507,#3498,#826,.T.);
#4010=EDGE_CURVE('',#3508,#3509,#840,.T.);
#4012=EDGE_CURVE('',#3510,#3508,#857,.T.);
#4014=EDGE_CURVE('',#3511,#3510,#874,.T.);
#4016=EDGE_CURVE('',#3512,#3511,#881,.T.);
#4018=EDGE_CURVE('',#3513,#3512,#888,.T.);
#4020=EDGE_CURVE('',#3514,#3513,#895,.T.);
#4022=EDGE_CURVE('',#3515,#3514,#909,.T.);
#4024=EDGE_CURVE('',#3516,#3515,#927,.T.);
#4026=EDGE_CURVE('',#3517,#3516,#944,.T.);
#4028=EDGE_CURVE('',#3518,#3517,#967,.T.);
#4030=EDGE_CURVE('',#3519,#3518,#973,.T.);
#4032=EDGE_CURVE('',#3520,#3519,#989,.T.);
#4034=EDGE_CURVE('',#3521,#3520,#996,.T.);
#4036=EDGE_CURVE('',#3522,#3521,#1002,.T.);
#4038=EDGE_CURVE('',#3523,#3522,#1008,.T.);
#4040=EDGE_CURVE('',#3509,#3523,#1025,.T.);
#4057=EDGE_CURVE('',#3331,#3332,#74,.T.);
#4059=EDGE_CURVE('',#3332,#3331,#87,.T.);
#4076=EDGE_CURVE('',#3376,#3377,#221,.T.);
#4078=EDGE_CURVE('',#3378,#3376,#235,.T.);
#4080=EDGE_CURVE('',#3379,#3378,#241,.T.);
#4082=EDGE_CURVE('',#3377,#3379,#245,.T.);
#4099=EDGE_CURVE('',#3384,#3385,#282,.T.);
#4101=EDGE_CURVE('',#3386,#3384,#289,.T.);
#4103=EDGE_CURVE('',#3387,#3386,#296,.T.);
#4105=EDGE_CURVE('',#3388,#3387,#303,.T.);
#4107=EDGE_CURVE('',#3385,#3388,#309,.T.);
#4124=EDGE_CURVE('',#3424,#3425,#409,.T.);
#4126=EDGE_CURVE('',#3427,#3424,#413,.T.);
#4128=EDGE_CURVE('',#3425,#3427,#431,.T.);
#4145=EDGE_CURVE('',#3484,#3485,#698,.T.);
#4147=EDGE_CURVE('',#3486,#3484,#712,.T.);
#4149=EDGE_CURVE('',#3487,#3486,#718,.T.);
#4151=EDGE_CURVE('',#3485,#3487,#722,.T.);
#4168=EDGE_CURVE('',#3492,#3493,#759,.T.);
#4170=EDGE_CURVE('',#3494,#3492,#766,.T.);
#4172=EDGE_CURVE('',#3495,#3494,#773,.T.);
#4174=EDGE_CURVE('',#3496,#3495,#780,.T.);
#4176=EDGE_CURVE('',#3493,#3496,#786,.T.);
#4193=EDGE_CURVE('',#3138,#3137,#1040,.T.);
#4195=EDGE_CURVE('',#3137,#3141,#1055,.T.);
#4198=EDGE_CURVE('',#3138,#3142,#1030,.T.);
#4215=EDGE_CURVE('',#3137,#3138,#1035,.T.);
#4220=EDGE_CURVE('',#3156,#3158,#1045,.T.);
#4222=EDGE_CURVE('',#3158,#3156,#1050,.T.);
#4241=EDGE_CURVE('',#3141,#3142,#1060,.T.);
#4278=EDGE_CURVE('',#3156,#3153,#1073,.T.);
#4280=EDGE_CURVE('',#3153,#3154,#1082,.T.);
#4282=EDGE_CURVE('',#3158,#3154,#1077,.T.);
#4303=EDGE_CURVE('',#3154,#3153,#1087,.T.);
#4337=EDGE_CURVE('',#3524,#3525,#1100,.T.);
#4339=EDGE_CURVE('',#3524,#3331,#1121,.T.);
#4342=EDGE_CURVE('',#3525,#3332,#1104,.T.);
#4359=EDGE_CURVE('',#3528,#3529,#1125,.T.);
#4361=EDGE_CURVE('',#3537,#3528,#1168,.T.);
#4363=EDGE_CURVE('',#3537,#3535,#1159,.T.);
#4365=EDGE_CURVE('',#3535,#3533,#1151,.T.);
#4367=EDGE_CURVE('',#3531,#3533,#1142,.T.);
#4369=EDGE_CURVE('',#3531,#3529,#1134,.T.);
#4386=EDGE_CURVE('',#3540,#3541,#1176,.T.);
#4388=EDGE_CURVE('',#3541,#3544,#1232,.T.);
#4390=EDGE_CURVE('',#3544,#3542,#1207,.T.);
#4392=EDGE_CURVE('',#3542,#3540,#1199,.T.);
#4409=EDGE_CURVE('',#3547,#3548,#1240,.T.);
#4411=EDGE_CURVE('',#3568,#3547,#1334,.T.);
#4413=EDGE_CURVE('',#3568,#3566,#1325,.T.);
#4415=EDGE_CURVE('',#3566,#3564,#1317,.T.);
#4417=EDGE_CURVE('',#3562,#3564,#1308,.T.);
#4419=EDGE_CURVE('',#3560,#3562,#1300,.T.);
#4421=EDGE_CURVE('',#3558,#3560,#1291,.T.);
#4423=EDGE_CURVE('',#3558,#3556,#1283,.T.);
#4425=EDGE_CURVE('',#3554,#3556,#1274,.T.);
#4427=EDGE_CURVE('',#3552,#3554,#1266,.T.);
#4429=EDGE_CURVE('',#3550,#3552,#1257,.T.);
#4431=EDGE_CURVE('',#3550,#3548,#1249,.T.);
#4448=EDGE_CURVE('',#3573,#3574,#1393,.T.);
#4450=EDGE_CURVE('',#3574,#3576,#1431,.T.);
#4452=EDGE_CURVE('',#3576,#3575,#1423,.T.);
#4454=EDGE_CURVE('',#3575,#3573,#1412,.T.);
#4458=EDGE_CURVE('',#3569,#3570,#1344,.T.);
#4460=EDGE_CURVE('',#3570,#3572,#1383,.T.);
#4462=EDGE_CURVE('',#3572,#3571,#1375,.T.);
#4464=EDGE_CURVE('',#3571,#3569,#1365,.T.);
#4481=EDGE_CURVE('',#3582,#3583,#1493,.T.);
#4483=EDGE_CURVE('',#3592,#3583,#1556,.T.);
#4485=EDGE_CURVE('',#3591,#3592,#1547,.T.);
#4487=EDGE_CURVE('',#3589,#3591,#1538,.T.);
#4489=EDGE_CURVE('',#3588,#3589,#1529,.T.);
#4491=EDGE_CURVE('',#3586,#3588,#1520,.T.);
#4493=EDGE_CURVE('',#3586,#3585,#1511,.T.);
#4495=EDGE_CURVE('',#3585,#3582,#1502,.T.);
#4499=EDGE_CURVE('',#3577,#3578,#1441,.T.);
#4501=EDGE_CURVE('',#3578,#3581,#1484,.T.);
#4503=EDGE_CURVE('',#3581,#3580,#1474,.T.);
#4505=EDGE_CURVE('',#3580,#3579,#1463,.T.);
#4507=EDGE_CURVE('',#3579,#3577,#1452,.T.);
#4524=EDGE_CURVE('',#3595,#3596,#1564,.T.);
#4526=EDGE_CURVE('',#3616,#3595,#1658,.T.);
#4528=EDGE_CURVE('',#3616,#3614,#1649,.T.);
#4530=EDGE_CURVE('',#3614,#3612,#1641,.T.);
#4532=EDGE_CURVE('',#3610,#3612,#1632,.T.);
#4534=EDGE_CURVE('',#3608,#3610,#1624,.T.);
#4536=EDGE_CURVE('',#3606,#3608,#1615,.T.);
#4538=EDGE_CURVE('',#3606,#3604,#1607,.T.);
#4540=EDGE_CURVE('',#3602,#3604,#1598,.T.);
#4542=EDGE_CURVE('',#3600,#3602,#1590,.T.);
#4544=EDGE_CURVE('',#3598,#3600,#1581,.T.);
#4546=EDGE_CURVE('',#3598,#3596,#1573,.T.);
#4563=EDGE_CURVE('',#3623,#3624,#1707,.T.);
#4565=EDGE_CURVE('',#3624,#3632,#1794,.T.);
#4567=EDGE_CURVE('',#3632,#3631,#1774,.T.);
#4569=EDGE_CURVE('',#3631,#3630,#1764,.T.);
#4571=EDGE_CURVE('',#3630,#3628,#1748,.T.);
#4573=EDGE_CURVE('',#3628,#3627,#1740,.T.);
#4575=EDGE_CURVE('',#3627,#3625,#1725,.T.);
#4577=EDGE_CURVE('',#3625,#3623,#1717,.T.);
#4581=EDGE_CURVE('',#3617,#3618,#1668,.T.);
#4583=EDGE_CURVE('',#3618,#3620,#1699,.T.);
#4585=EDGE_CURVE('',#3620,#3617,#1676,.T.);
#4602=EDGE_CURVE('',#3635,#3636,#1802,.T.);
#4604=EDGE_CURVE('',#3636,#3639,#1871,.T.);
#4606=EDGE_CURVE('',#3639,#3637,#1839,.T.);
#4608=EDGE_CURVE('',#3637,#3635,#1831,.T.);
#4625=EDGE_CURVE('',#3640,#3641,#1881,.T.);
#4627=EDGE_CURVE('',#3641,#3652,#2000,.T.);
#4629=EDGE_CURVE('',#3652,#3651,#1989,.T.);
#4631=EDGE_CURVE('',#3651,#3650,#1978,.T.);
#4633=EDGE_CURVE('',#3650,#3649,#1968,.T.);
#4635=EDGE_CURVE('',#3649,#3648,#1957,.T.);
#4637=EDGE_CURVE('',#3648,#3646,#1944,.T.);
#4639=EDGE_CURVE('',#3646,#3645,#1936,.T.);
#4641=EDGE_CURVE('',#3645,#3644,#1923,.T.);
#4643=EDGE_CURVE('',#3644,#3643,#1913,.T.);
#4645=EDGE_CURVE('',#3643,#3642,#1902,.T.);
#4647=EDGE_CURVE('',#3642,#3640,#1892,.T.);
#4664=EDGE_CURVE('',#3655,#3656,#2008,.T.);
#4666=EDGE_CURVE('',#3676,#3655,#2102,.T.);
#4668=EDGE_CURVE('',#3676,#3674,#2093,.T.);
#4670=EDGE_CURVE('',#3674,#3672,#2085,.T.);
#4672=EDGE_CURVE('',#3670,#3672,#2076,.T.);
#4674=EDGE_CURVE('',#3668,#3670,#2068,.T.);
#4676=EDGE_CURVE('',#3666,#3668,#2059,.T.);
#4678=EDGE_CURVE('',#3666,#3664,#2051,.T.);
#4680=EDGE_CURVE('',#3662,#3664,#2042,.T.);
#4682=EDGE_CURVE('',#3660,#3662,#2034,.T.);
#4684=EDGE_CURVE('',#3658,#3660,#2025,.T.);
#4686=EDGE_CURVE('',#3658,#3656,#2017,.T.);
#4703=EDGE_CURVE('',#3681,#3682,#2159,.T.);
#4705=EDGE_CURVE('',#3682,#3684,#2197,.T.);
#4707=EDGE_CURVE('',#3684,#3683,#2189,.T.);
#4709=EDGE_CURVE('',#3683,#3681,#2178,.T.);
#4713=EDGE_CURVE('',#3677,#3678,#2112,.T.);
#4715=EDGE_CURVE('',#3678,#3680,#2149,.T.);
#4717=EDGE_CURVE('',#3680,#3679,#2141,.T.);
#4719=EDGE_CURVE('',#3679,#3677,#2131,.T.);
#4736=EDGE_CURVE('',#3690,#3691,#2259,.T.);
#4738=EDGE_CURVE('',#3700,#3691,#2322,.T.);
#4740=EDGE_CURVE('',#3699,#3700,#2313,.T.);
#4742=EDGE_CURVE('',#3697,#3699,#2304,.T.);
#4744=EDGE_CURVE('',#3696,#3697,#2295,.T.);
#4746=EDGE_CURVE('',#3694,#3696,#2286,.T.);
#4748=EDGE_CURVE('',#3694,#3693,#2277,.T.);
#4750=EDGE_CURVE('',#3693,#3690,#2268,.T.);
#4754=EDGE_CURVE('',#3685,#3686,#2207,.T.);
#4756=EDGE_CURVE('',#3686,#3689,#2250,.T.);
#4758=EDGE_CURVE('',#3689,#3688,#2240,.T.);
#4760=EDGE_CURVE('',#3688,#3687,#2229,.T.);
#4762=EDGE_CURVE('',#3687,#3685,#2218,.T.);
#4779=EDGE_CURVE('',#3701,#3702,#2340,.T.);
#4781=EDGE_CURVE('',#3702,#3716,#2584,.T.);
#4783=EDGE_CURVE('',#3716,#3715,#2563,.T.);
#4785=EDGE_CURVE('',#3715,#3714,#2553,.T.);
#4787=EDGE_CURVE('',#3714,#3713,#2543,.T.);
#4789=EDGE_CURVE('',#3713,#3712,#2532,.T.);
#4791=EDGE_CURVE('',#3712,#3711,#2507,.T.);
#4793=EDGE_CURVE('',#3711,#3710,#2496,.T.);
#4795=EDGE_CURVE('',#3710,#3709,#2475,.T.);
#4797=EDGE_CURVE('',#3709,#3708,#2454,.T.);
#4799=EDGE_CURVE('',#3708,#3707,#2432,.T.);
#4801=EDGE_CURVE('',#3707,#3706,#2415,.T.);
#4803=EDGE_CURVE('',#3706,#3705,#2404,.T.);
#4805=EDGE_CURVE('',#3705,#3704,#2393,.T.);
#4807=EDGE_CURVE('',#3704,#3703,#2382,.T.);
#4809=EDGE_CURVE('',#3703,#3701,#2362,.T.);
#4814=EDGE_CURVE('',#3525,#3524,#1117,.T.);
#4851=EDGE_CURVE('',#3529,#3336,#1138,.T.);
#4854=EDGE_CURVE('',#3528,#3335,#1129,.T.);
#4872=EDGE_CURVE('',#3531,#3338,#1146,.T.);
#4892=EDGE_CURVE('',#3533,#3340,#1155,.T.);
#4912=EDGE_CURVE('',#3535,#3342,#1163,.T.);
#4932=EDGE_CURVE('',#3537,#3344,#1172,.T.);
#4971=B_SPLINE_CURVE_WITH_KNOTS('',3,(#4965,#4966,#4967,#4968,#4969,#4970),
.UNSPECIFIED.,.F.,.F.,(4,1,1,4),(0.E0,2.352926831743E-1,7.647073168257E-1,1.E0),
.UNSPECIFIED.);
#4980=EDGE_CURVE('',#3540,#3347,#1203,.T.);
#4983=EDGE_CURVE('',#3541,#3348,#1180,.T.);
#5006=B_SPLINE_CURVE_WITH_KNOTS('',3,(#4995,#4996,#4997,#4998,#4999,#5000,#5001,
#5002,#5003,#5004,#5005),.UNSPECIFIED.,.F.,.F.,(4,1,1,1,1,1,1,1,4),(0.E0,
1.567182269135E-2,1.540138303596E-1,3.214898745236E-1,5.027588189537E-1,
6.744918356557E-1,8.325403613905E-1,9.843694014821E-1,1.E0),.UNSPECIFIED.);
#5014=EDGE_CURVE('',#3542,#3349,#1211,.T.);
#5034=B_SPLINE_CURVE_WITH_KNOTS('',3,(#5028,#5029,#5030,#5031,#5032,#5033),
.UNSPECIFIED.,.F.,.F.,(4,1,1,4),(0.E0,2.244883714549E-1,7.755116285451E-1,1.E0),
.UNSPECIFIED.);
#5042=EDGE_CURVE('',#3544,#3351,#1236,.T.);
#5067=B_SPLINE_CURVE_WITH_KNOTS('',3,(#5056,#5057,#5058,#5059,#5060,#5061,#5062,
#5063,#5064,#5065,#5066),.UNSPECIFIED.,.F.,.F.,(4,1,1,1,1,1,1,1,4),(0.E0,
1.282375159587E-2,1.449087606116E-1,3.175068974412E-1,4.965816378523E-1,
6.901145846469E-1,8.748792477278E-1,9.871488575198E-1,1.E0),.UNSPECIFIED.);
#5094=EDGE_CURVE('',#3548,#3355,#1253,.T.);
#5097=EDGE_CURVE('',#3547,#3354,#1244,.T.);
#5115=EDGE_CURVE('',#3550,#3357,#1261,.T.);
#5135=EDGE_CURVE('',#3552,#3359,#1270,.T.);
#5155=EDGE_CURVE('',#3554,#3361,#1278,.T.);
#5175=EDGE_CURVE('',#3556,#3363,#1287,.T.);
#5195=EDGE_CURVE('',#3558,#3365,#1295,.T.);
#5215=EDGE_CURVE('',#3560,#3367,#1304,.T.);
#5235=EDGE_CURVE('',#3562,#3369,#1312,.T.);
#5255=EDGE_CURVE('',#3564,#3371,#1321,.T.);
#5275=EDGE_CURVE('',#3566,#3373,#1329,.T.);
#5295=EDGE_CURVE('',#3568,#3375,#1338,.T.);
#5334=B_SPLINE_CURVE_WITH_KNOTS('',3,(#5328,#5329,#5330,#5331,#5332,#5333),
.UNSPECIFIED.,.F.,.F.,(4,1,1,4),(0.E0,2.106394405505E-1,7.893605594689E-1,1.E0),
.UNSPECIFIED.);
#5342=EDGE_CURVE('',#3569,#3376,#1369,.T.);
#5345=EDGE_CURVE('',#3570,#3377,#1348,.T.);
#5366=B_SPLINE_CURVE_WITH_KNOTS('',3,(#5357,#5358,#5359,#5360,#5361,#5362,#5363,
#5364,#5365),.UNSPECIFIED.,.F.,.F.,(4,1,1,1,1,1,4),(0.E0,2.212503154767E-2,
2.668942553731E-1,5.076616094726E-1,7.425144955665E-1,9.783410863899E-1,1.E0),
.UNSPECIFIED.);
#5374=EDGE_CURVE('',#3571,#3378,#1379,.T.);
#5394=B_SPLINE_CURVE_WITH_KNOTS('',3,(#5388,#5389,#5390,#5391,#5392,#5393),
.UNSPECIFIED.,.F.,.F.,(4,1,1,4),(0.E0,2.154927999055E-1,7.845072001123E-1,1.E0),
.UNSPECIFIED.);
#5402=EDGE_CURVE('',#3572,#3379,#1387,.T.);
#5422=B_SPLINE_CURVE_WITH_KNOTS('',3,(#5416,#5417,#5418,#5419,#5420,#5421),
.UNSPECIFIED.,.F.,.F.,(4,1,1,4),(0.E0,6.241876737778E-2,9.375812326222E-1,1.E0),
.UNSPECIFIED.);
#5449=B_SPLINE_CURVE_WITH_KNOTS('',3,(#5443,#5444,#5445,#5446,#5447,#5448),
.UNSPECIFIED.,.F.,.F.,(4,1,1,4),(0.E0,1.923076921575E-2,9.807692307692E-1,1.E0),
.UNSPECIFIED.);
#5457=EDGE_CURVE('',#3573,#3380,#1416,.T.);
#5460=EDGE_CURVE('',#3574,#3381,#1397,.T.);
#5481=B_SPLINE_CURVE_WITH_KNOTS('',3,(#5472,#5473,#5474,#5475,#5476,#5477,#5478,
#5479,#5480),.UNSPECIFIED.,.F.,.F.,(4,1,1,1,1,1,4),(0.E0,1.711442893859E-2,
2.588155674221E-1,4.914328677862E-1,7.340230405162E-1,9.830871745317E-1,1.E0),
.UNSPECIFIED.);
#5489=EDGE_CURVE('',#3575,#3382,#1427,.T.);
#5509=B_SPLINE_CURVE_WITH_KNOTS('',3,(#5503,#5504,#5505,#5506,#5507,#5508),
.UNSPECIFIED.,.F.,.F.,(4,1,1,4),(0.E0,1.923076923077E-2,9.807692307545E-1,1.E0),
.UNSPECIFIED.);
#5517=EDGE_CURVE('',#3576,#3383,#1435,.T.);
#5537=B_SPLINE_CURVE_WITH_KNOTS('',3,(#5531,#5532,#5533,#5534,#5535,#5536),
.UNSPECIFIED.,.F.,.F.,(4,1,1,4),(0.E0,4.953889239244E-2,9.504611076076E-1,1.E0),
.UNSPECIFIED.);
#5564=B_SPLINE_CURVE_WITH_KNOTS('',3,(#5558,#5559,#5560,#5561,#5562,#5563),
.UNSPECIFIED.,.F.,.F.,(4,1,1,4),(0.E0,2.166084206151E-1,7.839386879498E-1,1.E0),
.UNSPECIFIED.);
#5572=EDGE_CURVE('',#3577,#3384,#1456,.T.);
#5575=EDGE_CURVE('',#3578,#3385,#1445,.T.);
#5593=B_SPLINE_CURVE_WITH_KNOTS('',3,(#5587,#5588,#5589,#5590,#5591,#5592),
.UNSPECIFIED.,.F.,.F.,(4,1,1,4),(0.E0,9.957389066093E-2,9.004261093391E-1,1.E0),
.UNSPECIFIED.);
#5601=EDGE_CURVE('',#3579,#3386,#1467,.T.);
#5621=B_SPLINE_CURVE_WITH_KNOTS('',3,(#5615,#5616,#5617,#5618,#5619,#5620),
.UNSPECIFIED.,.F.,.F.,(4,1,1,4),(0.E0,1.233974891916E-1,8.766025108084E-1,1.E0),
.UNSPECIFIED.);
#5629=EDGE_CURVE('',#3580,#3387,#1478,.T.);
#5649=B_SPLINE_CURVE_WITH_KNOTS('',3,(#5643,#5644,#5645,#5646,#5647,#5648),
.UNSPECIFIED.,.F.,.F.,(4,1,1,4),(0.E0,9.966802834386E-2,9.003319716561E-1,1.E0),
.UNSPECIFIED.);
#5657=EDGE_CURVE('',#3581,#3388,#1488,.T.);
#5677=B_SPLINE_CURVE_WITH_KNOTS('',3,(#5671,#5672,#5673,#5674,#5675,#5676),
.UNSPECIFIED.,.F.,.F.,(4,1,1,4),(0.E0,2.167068209780E-1,7.840861203369E-1,1.E0),
.UNSPECIFIED.);
#5704=EDGE_CURVE('',#3582,#3389,#1506,.T.);
#5707=EDGE_CURVE('',#3583,#3390,#1497,.T.);
#5725=EDGE_CURVE('',#3585,#3392,#1515,.T.);
#5745=EDGE_CURVE('',#3586,#3393,#1524,.T.);
#5765=EDGE_CURVE('',#3588,#3395,#1533,.T.);
#5785=EDGE_CURVE('',#3589,#3396,#1542,.T.);
#5805=EDGE_CURVE('',#3591,#3398,#1551,.T.);
#5825=EDGE_CURVE('',#3592,#3399,#1560,.T.);
#5864=EDGE_CURVE('',#3596,#3403,#1577,.T.);
#5867=EDGE_CURVE('',#3595,#3402,#1568,.T.);
#5885=EDGE_CURVE('',#3598,#3405,#1585,.T.);
#5905=EDGE_CURVE('',#3600,#3407,#1594,.T.);
#5925=EDGE_CURVE('',#3602,#3409,#1602,.T.);
#5945=EDGE_CURVE('',#3604,#3411,#1611,.T.);
#5965=EDGE_CURVE('',#3606,#3413,#1619,.T.);
#5985=EDGE_CURVE('',#3608,#3415,#1628,.T.);
#6005=EDGE_CURVE('',#3610,#3417,#1636,.T.);
#6025=EDGE_CURVE('',#3612,#3419,#1645,.T.);
#6045=EDGE_CURVE('',#3614,#3421,#1653,.T.);
#6065=EDGE_CURVE('',#3616,#3423,#1662,.T.);
#6104=B_SPLINE_CURVE_WITH_KNOTS('',3,(#6098,#6099,#6100,#6101,#6102,#6103),
.UNSPECIFIED.,.F.,.F.,(4,1,1,4),(0.E0,1.973272398392E-1,8.026727601617E-1,1.E0),
.UNSPECIFIED.);
#6112=EDGE_CURVE('',#3617,#3424,#1680,.T.);
#6115=EDGE_CURVE('',#3618,#3425,#1672,.T.);
#6133=B_SPLINE_CURVE_WITH_KNOTS('',3,(#6127,#6128,#6129,#6130,#6131,#6132),
.UNSPECIFIED.,.F.,.F.,(4,1,1,4),(0.E0,1.923076923075E-2,9.807692307692E-1,1.E0),
.UNSPECIFIED.);
#6141=EDGE_CURVE('',#3620,#3427,#1703,.T.);
#6166=B_SPLINE_CURVE_WITH_KNOTS('',3,(#6155,#6156,#6157,#6158,#6159,#6160,#6161,
#6162,#6163,#6164,#6165),.UNSPECIFIED.,.F.,.F.,(4,1,1,1,1,1,1,1,4),(0.E0,
3.746393584859E-2,2.033051222582E-1,3.273353680597E-1,4.442841272222E-1,
5.740827817683E-1,7.644450906807E-1,9.642317834609E-1,1.E0),.UNSPECIFIED.);
#6193=B_SPLINE_CURVE_WITH_KNOTS('',3,(#6187,#6188,#6189,#6190,#6191,#6192),
.UNSPECIFIED.,.F.,.F.,(4,1,1,4),(0.E0,2.494830966321E-1,7.505169033679E-1,1.E0),
.UNSPECIFIED.);
#6201=EDGE_CURVE('',#3623,#3430,#1721,.T.);
#6204=EDGE_CURVE('',#3624,#3431,#1711,.T.);
#6222=B_SPLINE_CURVE_WITH_KNOTS('',3,(#6216,#6217,#6218,#6219,#6220,#6221),
.UNSPECIFIED.,.F.,.F.,(4,1,1,4),(0.E0,2.337585279796E-1,7.662414720204E-1,1.E0),
.UNSPECIFIED.);
#6230=EDGE_CURVE('',#3625,#3432,#1729,.T.);
#6250=B_SPLINE_CURVE_WITH_KNOTS('',3,(#6244,#6245,#6246,#6247,#6248,#6249),
.UNSPECIFIED.,.F.,.F.,(4,1,1,4),(0.E0,9.653844671291E-2,9.034615532894E-1,1.E0),
.UNSPECIFIED.);
#6258=EDGE_CURVE('',#3627,#3434,#1744,.T.);
#6279=B_SPLINE_CURVE_WITH_KNOTS('',3,(#6272,#6273,#6274,#6275,#6276,#6277,
#6278),.UNSPECIFIED.,.F.,.F.,(4,1,1,1,4),(0.E0,4.255760913176E-2,
4.132464603781E-1,9.578836368518E-1,1.E0),.UNSPECIFIED.);
#6287=EDGE_CURVE('',#3628,#3435,#1752,.T.);
#6307=B_SPLINE_CURVE_WITH_KNOTS('',3,(#6301,#6302,#6303,#6304,#6305,#6306),
.UNSPECIFIED.,.F.,.F.,(4,1,1,4),(0.E0,2.373698246339E-1,7.626301753661E-1,1.E0),
.UNSPECIFIED.);
#6315=EDGE_CURVE('',#3630,#3437,#1768,.T.);
#6336=B_SPLINE_CURVE_WITH_KNOTS('',3,(#6329,#6330,#6331,#6332,#6333,#6334,
#6335),.UNSPECIFIED.,.F.,.F.,(4,1,1,1,4),(0.E0,5.453682832774E-2,
4.797042000986E-1,9.472812685730E-1,1.E0),.UNSPECIFIED.);
#6344=EDGE_CURVE('',#3631,#3438,#1778,.T.);
#6364=B_SPLINE_CURVE_WITH_KNOTS('',3,(#6358,#6359,#6360,#6361,#6362,#6363),
.UNSPECIFIED.,.F.,.F.,(4,1,1,4),(0.E0,1.698713247045E-1,8.301286752982E-1,1.E0),
.UNSPECIFIED.);
#6372=EDGE_CURVE('',#3632,#3439,#1798,.T.);
#6395=B_SPLINE_CURVE_WITH_KNOTS('',3,(#6386,#6387,#6388,#6389,#6390,#6391,#6392,
#6393,#6394),.UNSPECIFIED.,.F.,.F.,(4,1,1,1,1,1,4),(0.E0,2.935546019771E-2,
2.895927808437E-1,4.669071668441E-1,6.333657203671E-1,9.712473428576E-1,1.E0),
.UNSPECIFIED.);
#6422=B_SPLINE_CURVE_WITH_KNOTS('',3,(#6416,#6417,#6418,#6419,#6420,#6421),
.UNSPECIFIED.,.F.,.F.,(4,1,1,4),(0.E0,2.297635830293E-1,7.702364169707E-1,1.E0),
.UNSPECIFIED.);
#6430=EDGE_CURVE('',#3635,#3442,#1835,.T.);
#6433=EDGE_CURVE('',#3636,#3443,#1806,.T.);
#6460=B_SPLINE_CURVE_WITH_KNOTS('',3,(#6445,#6446,#6447,#6448,#6449,#6450,#6451,
#6452,#6453,#6454,#6455,#6456,#6457,#6458,#6459),.UNSPECIFIED.,.F.,.F.,(4,1,1,1,
1,1,1,1,1,1,1,1,4),(0.E0,1.793140418346E-2,1.410264296694E-1,2.076894824442E-1,
2.594065842426E-1,3.062910201054E-1,3.951853791894E-1,5.166388974336E-1,
5.983899838826E-1,7.119848441358E-1,8.526815406297E-1,9.820069552885E-1,1.E0),
.UNSPECIFIED.);
#6468=EDGE_CURVE('',#3637,#3444,#1843,.T.);
#6488=B_SPLINE_CURVE_WITH_KNOTS('',3,(#6482,#6483,#6484,#6485,#6486,#6487),
.UNSPECIFIED.,.F.,.F.,(4,1,1,4),(0.E0,2.373698246409E-1,7.626301753591E-1,1.E0),
.UNSPECIFIED.);
#6496=EDGE_CURVE('',#3639,#3446,#1875,.T.);
#6524=B_SPLINE_CURVE_WITH_KNOTS('',3,(#6510,#6511,#6512,#6513,#6514,#6515,#6516,
#6517,#6518,#6519,#6520,#6521,#6522,#6523),.UNSPECIFIED.,.F.,.F.,(4,1,1,1,1,1,1,
1,1,1,1,4),(0.E0,1.8103094E-2,1.611022778537E-1,2.772868425190E-1,
3.268025494612E-1,4.228071453436E-1,5.418243536618E-1,6.197722976289E-1,
7.331014919653E-1,8.685617568032E-1,9.818669747976E-1,1.E0),.UNSPECIFIED.);
#6551=B_SPLINE_CURVE_WITH_KNOTS('',3,(#6545,#6546,#6547,#6548,#6549,#6550),
.UNSPECIFIED.,.F.,.F.,(4,1,1,4),(0.E0,1.923076923087E-2,9.807692307692E-1,1.E0),
.UNSPECIFIED.);
#6559=EDGE_CURVE('',#3640,#3447,#1896,.T.);
#6562=EDGE_CURVE('',#3641,#3448,#1885,.T.);
#6580=B_SPLINE_CURVE_WITH_KNOTS('',3,(#6574,#6575,#6576,#6577,#6578,#6579),
.UNSPECIFIED.,.F.,.F.,(4,1,1,4),(0.E0,8.106659273506E-2,9.189334072649E-1,1.E0),
.UNSPECIFIED.);
#6588=EDGE_CURVE('',#3642,#3449,#1906,.T.);
#6608=B_SPLINE_CURVE_WITH_KNOTS('',3,(#6602,#6603,#6604,#6605,#6606,#6607),
.UNSPECIFIED.,.F.,.F.,(4,1,1,4),(0.E0,2.198986268467E-1,7.801013731533E-1,1.E0),
.UNSPECIFIED.);
#6616=EDGE_CURVE('',#3643,#3450,#1917,.T.);
#6636=B_SPLINE_CURVE_WITH_KNOTS('',3,(#6630,#6631,#6632,#6633,#6634,#6635),
.UNSPECIFIED.,.F.,.F.,(4,1,1,4),(0.E0,6.278880373456E-2,9.372111962654E-1,1.E0),
.UNSPECIFIED.);
#6644=EDGE_CURVE('',#3644,#3451,#1927,.T.);
#6664=B_SPLINE_CURVE_WITH_KNOTS('',3,(#6658,#6659,#6660,#6661,#6662,#6663),
.UNSPECIFIED.,.F.,.F.,(4,1,1,4),(0.E0,2.190869832219E-1,7.809130167790E-1,1.E0),
.UNSPECIFIED.);
#6672=EDGE_CURVE('',#3645,#3452,#1940,.T.);
#6693=B_SPLINE_CURVE_WITH_KNOTS('',3,(#6686,#6687,#6688,#6689,#6690,#6691,
#6692),.UNSPECIFIED.,.F.,.F.,(4,1,1,1,4),(0.E0,9.925103679728E-2,
3.472783193988E-1,9.054176602503E-1,1.E0),.UNSPECIFIED.);
#6701=EDGE_CURVE('',#3646,#3453,#1948,.T.);
#6721=B_SPLINE_CURVE_WITH_KNOTS('',3,(#6715,#6716,#6717,#6718,#6719,#6720),
.UNSPECIFIED.,.F.,.F.,(4,1,1,4),(0.E0,2.483310387940E-1,7.516689612060E-1,1.E0),
.UNSPECIFIED.);
#6729=EDGE_CURVE('',#3648,#3455,#1961,.T.);
#6750=B_SPLINE_CURVE_WITH_KNOTS('',3,(#6743,#6744,#6745,#6746,#6747,#6748,
#6749),.UNSPECIFIED.,.F.,.F.,(4,1,1,1,4),(0.E0,1.923076923194E-2,
7.960063867943E-1,9.807692307692E-1,1.E0),.UNSPECIFIED.);
#6758=EDGE_CURVE('',#3649,#3456,#1972,.T.);
#6778=B_SPLINE_CURVE_WITH_KNOTS('',3,(#6772,#6773,#6774,#6775,#6776,#6777),
.UNSPECIFIED.,.F.,.F.,(4,1,1,4),(0.E0,1.923076923077E-2,9.807692307697E-1,1.E0),
.UNSPECIFIED.);
#6786=EDGE_CURVE('',#3650,#3457,#1982,.T.);
#6806=B_SPLINE_CURVE_WITH_KNOTS('',3,(#6800,#6801,#6802,#6803,#6804,#6805),
.UNSPECIFIED.,.F.,.F.,(4,1,1,4),(0.E0,2.292737954550E-1,7.707262045450E-1,1.E0),
.UNSPECIFIED.);
#6814=EDGE_CURVE('',#3651,#3458,#1993,.T.);
#6834=B_SPLINE_CURVE_WITH_KNOTS('',3,(#6828,#6829,#6830,#6831,#6832,#6833),
.UNSPECIFIED.,.F.,.F.,(4,1,1,4),(0.E0,8.061655809274E-2,9.193834419073E-1,1.E0),
.UNSPECIFIED.);
#6842=EDGE_CURVE('',#3652,#3459,#2004,.T.);
#6862=B_SPLINE_CURVE_WITH_KNOTS('',3,(#6856,#6857,#6858,#6859,#6860,#6861),
.UNSPECIFIED.,.F.,.F.,(4,1,1,4),(0.E0,2.381408936850E-1,7.615525609381E-1,1.E0),
.UNSPECIFIED.);
#6889=EDGE_CURVE('',#3656,#3463,#2021,.T.);
#6892=EDGE_CURVE('',#3655,#3462,#2012,.T.);
#6910=EDGE_CURVE('',#3658,#3465,#2029,.T.);
#6930=EDGE_CURVE('',#3660,#3467,#2038,.T.);
#6950=EDGE_CURVE('',#3662,#3469,#2046,.T.);
#6970=EDGE_CURVE('',#3664,#3471,#2055,.T.);
#6990=EDGE_CURVE('',#3666,#3473,#2063,.T.);
#7010=EDGE_CURVE('',#3668,#3475,#2072,.T.);
#7030=EDGE_CURVE('',#3670,#3477,#2080,.T.);
#7050=EDGE_CURVE('',#3672,#3479,#2089,.T.);
#7070=EDGE_CURVE('',#3674,#3481,#2097,.T.);
#7090=EDGE_CURVE('',#3676,#3483,#2106,.T.);
#7129=B_SPLINE_CURVE_WITH_KNOTS('',3,(#7123,#7124,#7125,#7126,#7127,#7128),
.UNSPECIFIED.,.F.,.F.,(4,1,1,4),(0.E0,2.106394405373E-1,7.893605594724E-1,1.E0),
.UNSPECIFIED.);
#7137=EDGE_CURVE('',#3677,#3484,#2135,.T.);
#7140=EDGE_CURVE('',#3678,#3485,#2116,.T.);
#7161=B_SPLINE_CURVE_WITH_KNOTS('',3,(#7152,#7153,#7154,#7155,#7156,#7157,#7158,
#7159,#7160),.UNSPECIFIED.,.F.,.F.,(4,1,1,1,1,1,4),(0.E0,2.212503154609E-2,
2.668942553736E-1,5.076616094783E-1,7.425144955674E-1,9.783410863878E-1,1.E0),
.UNSPECIFIED.);
#7169=EDGE_CURVE('',#3679,#3486,#2145,.T.);
#7189=B_SPLINE_CURVE_WITH_KNOTS('',3,(#7183,#7184,#7185,#7186,#7187,#7188),
.UNSPECIFIED.,.F.,.F.,(4,1,1,4),(0.E0,2.154927999036E-1,7.845072001053E-1,1.E0),
.UNSPECIFIED.);
#7197=EDGE_CURVE('',#3680,#3487,#2153,.T.);
#7217=B_SPLINE_CURVE_WITH_KNOTS('',3,(#7211,#7212,#7213,#7214,#7215,#7216),
.UNSPECIFIED.,.F.,.F.,(4,1,1,4),(0.E0,6.241876737778E-2,9.375812326222E-1,1.E0),
.UNSPECIFIED.);
#7244=B_SPLINE_CURVE_WITH_KNOTS('',3,(#7238,#7239,#7240,#7241,#7242,#7243),
.UNSPECIFIED.,.F.,.F.,(4,1,1,4),(0.E0,1.428138148121E-1,8.571861851824E-1,1.E0),
.UNSPECIFIED.);
#7252=EDGE_CURVE('',#3681,#3488,#2182,.T.);
#7255=EDGE_CURVE('',#3682,#3489,#2163,.T.);
#7276=B_SPLINE_CURVE_WITH_KNOTS('',3,(#7267,#7268,#7269,#7270,#7271,#7272,#7273,
#7274,#7275),.UNSPECIFIED.,.F.,.F.,(4,1,1,1,1,1,4),(0.E0,1.711442893992E-2,
2.588155674223E-1,4.914328677919E-1,7.340230405198E-1,9.830871745330E-1,1.E0),
.UNSPECIFIED.);
#7284=EDGE_CURVE('',#3683,#3490,#2193,.T.);
#7304=B_SPLINE_CURVE_WITH_KNOTS('',3,(#7298,#7299,#7300,#7301,#7302,#7303),
.UNSPECIFIED.,.F.,.F.,(4,1,1,4),(0.E0,1.391192806078E-1,8.608807193867E-1,1.E0),
.UNSPECIFIED.);
#7312=EDGE_CURVE('',#3684,#3491,#2201,.T.);
#7332=B_SPLINE_CURVE_WITH_KNOTS('',3,(#7326,#7327,#7328,#7329,#7330,#7331),
.UNSPECIFIED.,.F.,.F.,(4,1,1,4),(0.E0,4.953889239244E-2,9.504611076076E-1,1.E0),
.UNSPECIFIED.);
#7359=B_SPLINE_CURVE_WITH_KNOTS('',3,(#7353,#7354,#7355,#7356,#7357,#7358),
.UNSPECIFIED.,.F.,.F.,(4,1,1,4),(0.E0,1.923076922873E-2,9.807692307693E-1,1.E0),
.UNSPECIFIED.);
#7367=EDGE_CURVE('',#3685,#3492,#2222,.T.);
#7370=EDGE_CURVE('',#3686,#3493,#2211,.T.);
#7388=B_SPLINE_CURVE_WITH_KNOTS('',3,(#7382,#7383,#7384,#7385,#7386,#7387),
.UNSPECIFIED.,.F.,.F.,(4,1,1,4),(0.E0,1.923076923077E-2,9.807692307689E-1,1.E0),
.UNSPECIFIED.);
#7396=EDGE_CURVE('',#3687,#3494,#2233,.T.);
#7416=B_SPLINE_CURVE_WITH_KNOTS('',3,(#7410,#7411,#7412,#7413,#7414,#7415),
.UNSPECIFIED.,.F.,.F.,(4,1,1,4),(0.E0,1.233974891916E-1,8.766025108084E-1,1.E0),
.UNSPECIFIED.);
#7424=EDGE_CURVE('',#3688,#3495,#2244,.T.);
#7444=B_SPLINE_CURVE_WITH_KNOTS('',3,(#7438,#7439,#7440,#7441,#7442,#7443),
.UNSPECIFIED.,.F.,.F.,(4,1,1,4),(0.E0,1.923076923092E-2,9.807692307692E-1,1.E0),
.UNSPECIFIED.);
#7452=EDGE_CURVE('',#3689,#3496,#2254,.T.);
#7472=B_SPLINE_CURVE_WITH_KNOTS('',3,(#7466,#7467,#7468,#7469,#7470,#7471),
.UNSPECIFIED.,.F.,.F.,(4,1,1,4),(0.E0,2.167438609588E-1,7.840459485180E-1,1.E0),
.UNSPECIFIED.);
#7499=EDGE_CURVE('',#3690,#3497,#2272,.T.);
#7502=EDGE_CURVE('',#3691,#3498,#2263,.T.);
#7520=EDGE_CURVE('',#3693,#3500,#2281,.T.);
#7540=EDGE_CURVE('',#3694,#3501,#2290,.T.);
#7560=EDGE_CURVE('',#3696,#3503,#2299,.T.);
#7580=EDGE_CURVE('',#3697,#3504,#2308,.T.);
#7600=EDGE_CURVE('',#3699,#3506,#2317,.T.);
#7620=EDGE_CURVE('',#3700,#3507,#2326,.T.);
#7662=B_SPLINE_CURVE_WITH_KNOTS('',3,(#7653,#7654,#7655,#7656,#7657,#7658,#7659,
#7660,#7661),.UNSPECIFIED.,.F.,.F.,(4,1,1,1,1,1,4),(0.E0,9.953872168543E-3,
2.282191177643E-1,5.603244355343E-1,8.481259738237E-1,9.900564300877E-1,1.E0),
.UNSPECIFIED.);
#7670=EDGE_CURVE('',#3701,#3508,#2366,.T.);
#7673=EDGE_CURVE('',#3702,#3509,#2344,.T.);
#7695=B_SPLINE_CURVE_WITH_KNOTS('',3,(#7685,#7686,#7687,#7688,#7689,#7690,#7691,
#7692,#7693,#7694),.UNSPECIFIED.,.F.,.F.,(4,1,1,1,1,1,1,4),(0.E0,
1.001440441029E-2,5.703972966838E-2,3.108680624474E-1,5.620344702216E-1,
7.999676659413E-1,9.900001181382E-1,1.E0),.UNSPECIFIED.);
#7703=EDGE_CURVE('',#3703,#3510,#2386,.T.);
#7725=B_SPLINE_CURVE_WITH_KNOTS('',3,(#7717,#7718,#7719,#7720,#7721,#7722,#7723,
#7724),.UNSPECIFIED.,.F.,.F.,(4,1,1,1,1,4),(0.E0,1.506303184851E-2,
4.374854287058E-1,9.488274750072E-1,9.849848178528E-1,1.E0),.UNSPECIFIED.);
#7733=EDGE_CURVE('',#3704,#3511,#2397,.T.);
#7753=B_SPLINE_CURVE_WITH_KNOTS('',3,(#7747,#7748,#7749,#7750,#7751,#7752),
.UNSPECIFIED.,.F.,.F.,(4,1,1,4),(0.E0,4.449298864039E-2,9.555070113596E-1,1.E0),
.UNSPECIFIED.);
#7761=EDGE_CURVE('',#3705,#3512,#2408,.T.);
#7781=B_SPLINE_CURVE_WITH_KNOTS('',3,(#7775,#7776,#7777,#7778,#7779,#7780),
.UNSPECIFIED.,.F.,.F.,(4,1,1,4),(0.E0,1.006120328526E-1,8.993879671474E-1,1.E0),
.UNSPECIFIED.);
#7789=EDGE_CURVE('',#3706,#3513,#2419,.T.);
#7809=B_SPLINE_CURVE_WITH_KNOTS('',3,(#7803,#7804,#7805,#7806,#7807,#7808),
.UNSPECIFIED.,.F.,.F.,(4,1,1,4),(0.E0,4.640781272134E-2,9.535921872787E-1,1.E0),
.UNSPECIFIED.);
#7817=EDGE_CURVE('',#3707,#3514,#2436,.T.);
#7838=B_SPLINE_CURVE_WITH_KNOTS('',3,(#7831,#7832,#7833,#7834,#7835,#7836,
#7837),.UNSPECIFIED.,.F.,.F.,(4,1,1,1,4),(0.E0,1.975605396009E-2,
4.208765042753E-1,9.803548190941E-1,1.E0),.UNSPECIFIED.);
#7846=EDGE_CURVE('',#3708,#3515,#2458,.T.);
#7868=B_SPLINE_CURVE_WITH_KNOTS('',3,(#7860,#7861,#7862,#7863,#7864,#7865,#7866,
#7867),.UNSPECIFIED.,.F.,.F.,(4,1,1,1,1,4),(0.E0,1.310835640095E-2,
3.622902316412E-1,8.118847435577E-1,9.869958667947E-1,1.E0),.UNSPECIFIED.);
#7876=EDGE_CURVE('',#3709,#3516,#2479,.T.);
#7897=B_SPLINE_CURVE_WITH_KNOTS('',3,(#7890,#7891,#7892,#7893,#7894,#7895,
#7896),.UNSPECIFIED.,.F.,.F.,(4,1,1,1,4),(0.E0,1.151124558545E-2,
4.683726757935E-1,9.885474937854E-1,1.E0),.UNSPECIFIED.);
#7905=EDGE_CURVE('',#3710,#3517,#2500,.T.);
#7927=B_SPLINE_CURVE_WITH_KNOTS('',3,(#7919,#7920,#7921,#7922,#7923,#7924,#7925,
#7926),.UNSPECIFIED.,.F.,.F.,(4,1,1,1,1,4),(0.E0,1.794600732728E-2,
5.230973556121E-2,5.261372336798E-1,9.821049770160E-1,1.E0),.UNSPECIFIED.);
#7935=EDGE_CURVE('',#3711,#3518,#2511,.T.);
#7955=B_SPLINE_CURVE_WITH_KNOTS('',3,(#7949,#7950,#7951,#7952,#7953,#7954),
.UNSPECIFIED.,.F.,.F.,(4,1,1,4),(0.E0,1.923076923077E-2,9.807692307693E-1,1.E0),
.UNSPECIFIED.);
#7963=EDGE_CURVE('',#3712,#3519,#2536,.T.);
#7985=B_SPLINE_CURVE_WITH_KNOTS('',3,(#7977,#7978,#7979,#7980,#7981,#7982,#7983,
#7984),.UNSPECIFIED.,.F.,.F.,(4,1,1,1,1,4),(0.E0,4.111446800411E-2,
1.015283092539E-1,5.369532682459E-1,9.585664956595E-1,1.E0),.UNSPECIFIED.);
#7993=EDGE_CURVE('',#3713,#3520,#2547,.T.);
#8013=B_SPLINE_CURVE_WITH_KNOTS('',3,(#8007,#8008,#8009,#8010,#8011,#8012),
.UNSPECIFIED.,.F.,.F.,(4,1,1,4),(0.E0,1.923076923081E-2,9.807692307692E-1,1.E0),
.UNSPECIFIED.);
#8021=EDGE_CURVE('',#3714,#3521,#2557,.T.);
#8041=B_SPLINE_CURVE_WITH_KNOTS('',3,(#8035,#8036,#8037,#8038,#8039,#8040),
.UNSPECIFIED.,.F.,.F.,(4,1,1,4),(0.E0,1.923076923077E-2,9.807692307692E-1,1.E0),
.UNSPECIFIED.);
#8049=EDGE_CURVE('',#3715,#3522,#2567,.T.);
#8069=B_SPLINE_CURVE_WITH_KNOTS('',3,(#8063,#8064,#8065,#8066,#8067,#8068),
.UNSPECIFIED.,.F.,.F.,(4,1,1,4),(0.E0,1.923076923077E-2,9.807692307689E-1,1.E0),
.UNSPECIFIED.);
#8077=EDGE_CURVE('',#3716,#3523,#2588,.T.);
#8099=B_SPLINE_CURVE_WITH_KNOTS('',3,(#8091,#8092,#8093,#8094,#8095,#8096,#8097,
#8098),.UNSPECIFIED.,.F.,.F.,(4,1,1,1,1,4),(0.E0,1.070527233738E-2,
2.809155329138E-1,5.522770095060E-1,9.893286643341E-1,1.E0),.UNSPECIFIED.);
#8126=EDGE_CURVE('',#3162,#3166,#2598,.T.);
#8128=EDGE_CURVE('',#3165,#3166,#2603,.T.);
#8130=EDGE_CURVE('',#3161,#3165,#2593,.T.);
#8149=EDGE_CURVE('',#3166,#3165,#2608,.T.);
#8171=EDGE_CURVE('',#3177,#3178,#2613,.T.);
#8173=EDGE_CURVE('',#3178,#3177,#2618,.T.);
#8177=EDGE_CURVE('',#3297,#3298,#2622,.T.);
#8179=EDGE_CURVE('',#3298,#3300,#2626,.T.);
#8181=EDGE_CURVE('',#3300,#3302,#2630,.T.);
#8183=EDGE_CURVE('',#3302,#3304,#2634,.T.);
#8185=EDGE_CURVE('',#3304,#3306,#2638,.T.);
#8187=EDGE_CURVE('',#3306,#3308,#2642,.T.);
#8189=EDGE_CURVE('',#3308,#3310,#2646,.T.);
#8191=EDGE_CURVE('',#3310,#3297,#2650,.T.);
#8195=EDGE_CURVE('',#3326,#3330,#2805,.T.);
#8197=EDGE_CURVE('',#3326,#3275,#2666,.T.);
#8199=EDGE_CURVE('',#3275,#3276,#2670,.T.);
#8201=EDGE_CURVE('',#3276,#3278,#2674,.T.);
#8203=EDGE_CURVE('',#3278,#3280,#2678,.T.);
#8205=EDGE_CURVE('',#3280,#3282,#2682,.T.);
#8207=EDGE_CURVE('',#3282,#3284,#2686,.T.);
#8209=EDGE_CURVE('',#3284,#3286,#2690,.T.);
#8211=EDGE_CURVE('',#3286,#3288,#2694,.T.);
#8213=EDGE_CURVE('',#3288,#3290,#2698,.T.);
#8215=EDGE_CURVE('',#3290,#3292,#2702,.T.);
#8217=EDGE_CURVE('',#3292,#3294,#2706,.T.);
#8219=EDGE_CURVE('',#3294,#3330,#2710,.T.);
#8236=EDGE_CURVE('',#3313,#3314,#2654,.T.);
#8238=EDGE_CURVE('',#3314,#3316,#2658,.T.);
#8240=EDGE_CURVE('',#3316,#3313,#2662,.T.);
#8258=EDGE_CURVE('',#3177,#3173,#2714,.T.);
#8260=EDGE_CURVE('',#3173,#3174,#2733,.T.);
#8262=EDGE_CURVE('',#3178,#3174,#2718,.T.);
#8281=EDGE_CURVE('',#3174,#3173,#2738,.T.);
#8299=EDGE_CURVE('',#3169,#3170,#2723,.T.);
#8301=EDGE_CURVE('',#3170,#3169,#2728,.T.);
#8305=EDGE_CURVE('',#3189,#3190,#2743,.T.);
#8307=EDGE_CURVE('',#3190,#3189,#2748,.T.);
#8328=EDGE_CURVE('',#3193,#3194,#2753,.T.);
#8330=EDGE_CURVE('',#3194,#3193,#2758,.T.);
#8347=EDGE_CURVE('',#3170,#3320,#2762,.T.);
#8349=EDGE_CURVE('',#3320,#3319,#2776,.T.);
#8351=EDGE_CURVE('',#3319,#3169,#2766,.T.);
#8370=EDGE_CURVE('',#3319,#3320,#2771,.T.);
#8389=EDGE_CURVE('',#3323,#3324,#2780,.T.);
#8391=EDGE_CURVE('',#3328,#3324,#2810,.T.);
#8393=EDGE_CURVE('',#3328,#3323,#2792,.T.);
#8415=EDGE_CURVE('',#3323,#3229,#2784,.T.);
#8417=EDGE_CURVE('',#3229,#3230,#2854,.T.);
#8419=EDGE_CURVE('',#3275,#3230,#2850,.T.);
#8422=EDGE_CURVE('',#3326,#3324,#2788,.T.);
#8440=EDGE_CURVE('',#3330,#3328,#2796,.T.);
#8443=EDGE_CURVE('',#3294,#3250,#2800,.T.);
#8445=EDGE_CURVE('',#3250,#3229,#2858,.T.);
#8483=EDGE_CURVE('',#3292,#3248,#2814,.T.);
#8485=EDGE_CURVE('',#3248,#3250,#2862,.T.);
#8504=EDGE_CURVE('',#3290,#3246,#2818,.T.);
#8506=EDGE_CURVE('',#3246,#3248,#2866,.T.);
#8525=EDGE_CURVE('',#3288,#3244,#2822,.T.);
#8527=EDGE_CURVE('',#3244,#3246,#2870,.T.);
#8546=EDGE_CURVE('',#3286,#3242,#2826,.T.);
#8548=EDGE_CURVE('',#3242,#3244,#2874,.T.);
#8567=EDGE_CURVE('',#3284,#3240,#2830,.T.);
#8569=EDGE_CURVE('',#3240,#3242,#2878,.T.);
#8588=EDGE_CURVE('',#3282,#3238,#2834,.T.);
#8590=EDGE_CURVE('',#3238,#3240,#2882,.T.);
#8609=EDGE_CURVE('',#3280,#3236,#2838,.T.);
#8611=EDGE_CURVE('',#3236,#3238,#2886,.T.);
#8630=EDGE_CURVE('',#3278,#3234,#2842,.T.);
#8632=EDGE_CURVE('',#3234,#3236,#2890,.T.);
#8651=EDGE_CURVE('',#3276,#3232,#2846,.T.);
#8653=EDGE_CURVE('',#3232,#3234,#2894,.T.);
#8673=EDGE_CURVE('',#3230,#3232,#2898,.T.);
#8718=EDGE_CURVE('',#3253,#3254,#2902,.T.);
#8720=EDGE_CURVE('',#3266,#3253,#2906,.T.);
#8722=EDGE_CURVE('',#3264,#3266,#2910,.T.);
#8724=EDGE_CURVE('',#3262,#3264,#2914,.T.);
#8726=EDGE_CURVE('',#3260,#3262,#2918,.T.);
#8728=EDGE_CURVE('',#3258,#3260,#2922,.T.);
#8730=EDGE_CURVE('',#3256,#3258,#2926,.T.);
#8732=EDGE_CURVE('',#3254,#3256,#2930,.T.);
#8736=EDGE_CURVE('',#3269,#3270,#2934,.T.);
#8738=EDGE_CURVE('',#3272,#3269,#2938,.T.);
#8740=EDGE_CURVE('',#3270,#3272,#2942,.T.);
#8758=EDGE_CURVE('',#3297,#3253,#2946,.T.);
#8761=EDGE_CURVE('',#3298,#3254,#2974,.T.);
#8779=EDGE_CURVE('',#3310,#3266,#2950,.T.);
#8799=EDGE_CURVE('',#3308,#3264,#2954,.T.);
#8819=EDGE_CURVE('',#3306,#3262,#2958,.T.);
#8839=EDGE_CURVE('',#3304,#3260,#2962,.T.);
#8859=EDGE_CURVE('',#3302,#3258,#2966,.T.);
#8879=EDGE_CURVE('',#3300,#3256,#2970,.T.);
#8918=EDGE_CURVE('',#3313,#3269,#2978,.T.);
#8921=EDGE_CURVE('',#3314,#3270,#2986,.T.);
#8939=EDGE_CURVE('',#3316,#3272,#2982,.T.);
#8978=EDGE_CURVE('',#3189,#3181,#2990,.T.);
#8980=EDGE_CURVE('',#3181,#3182,#2999,.T.);
#8982=EDGE_CURVE('',#3190,#3182,#2994,.T.);
#9001=EDGE_CURVE('',#3182,#3181,#3004,.T.);
#9023=EDGE_CURVE('',#3213,#3214,#3019,.T.);
#9025=EDGE_CURVE('',#3214,#3213,#3024,.T.);
#9042=EDGE_CURVE('',#3185,#3186,#3009,.T.);
#9044=EDGE_CURVE('',#3186,#3185,#3014,.T.);
#9048=EDGE_CURVE('',#3217,#3218,#3029,.T.);
#9050=EDGE_CURVE('',#3218,#3217,#3034,.T.);
#9068=EDGE_CURVE('',#3193,#3185,#3038,.T.);
#9071=EDGE_CURVE('',#3194,#3186,#3042,.T.);
#9108=EDGE_CURVE('',#3213,#3205,#3046,.T.);
#9110=EDGE_CURVE('',#3205,#3206,#3055,.T.);
#9112=EDGE_CURVE('',#3214,#3206,#3050,.T.);
#9131=EDGE_CURVE('',#3206,#3205,#3060,.T.);
#9153=EDGE_CURVE('',#3221,#3222,#3083,.T.);
#9155=EDGE_CURVE('',#3222,#3221,#3092,.T.);
#9172=EDGE_CURVE('',#3209,#3210,#3065,.T.);
#9174=EDGE_CURVE('',#3210,#3209,#3070,.T.);
#9178=EDGE_CURVE('',#3225,#3226,#3121,.T.);
#9180=EDGE_CURVE('',#3226,#3225,#3130,.T.);
#9198=EDGE_CURVE('',#3217,#3209,#3074,.T.);
#9201=EDGE_CURVE('',#3218,#3210,#3078,.T.);
#9238=EDGE_CURVE('',#3221,#3197,#3087,.T.);
#9240=EDGE_CURVE('',#3197,#3198,#3101,.T.);
#9242=EDGE_CURVE('',#3222,#3198,#3096,.T.);
#9261=EDGE_CURVE('',#3198,#3197,#3106,.T.);
#9296=EDGE_CURVE('',#3201,#3202,#3111,.T.);
#9298=EDGE_CURVE('',#3202,#3201,#3116,.T.);
#9316=EDGE_CURVE('',#3225,#3201,#3125,.T.);
#9319=EDGE_CURVE('',#3226,#3202,#3134,.T.);
#9350=CLOSED_SHELL('',(#3734,#3756,#3776,#4044,#4063,#4086,#4111,#4132,#4155,
#4180,#4202,#4226,#4246,#4265,#4287,#4307,#4324,#4346,#4373,#4396,#4435,#4468,
#4511,#4550,#4589,#4612,#4651,#4690,#4723,#4766,#4818,#4837,#4858,#4878,#4898,
#4918,#4938,#4957,#4987,#5020,#5048,#5080,#5101,#5121,#5141,#5161,#5181,#5201,
#5221,#5241,#5261,#5281,#5301,#5320,#5349,#5380,#5408,#5435,#5464,#5495,#5523,
#5550,#5579,#5607,#5635,#5663,#5690,#5711,#5731,#5751,#5771,#5791,#5811,#5831,
#5850,#5871,#5891,#5911,#5931,#5951,#5971,#5991,#6011,#6031,#6051,#6071,#6090,
#6119,#6147,#6179,#6208,#6236,#6264,#6293,#6321,#6350,#6378,#6408,#6437,#6474,
#6502,#6537,#6566,#6594,#6622,#6650,#6678,#6707,#6735,#6764,#6792,#6820,#6848,
#6875,#6896,#6916,#6936,#6956,#6976,#6996,#7016,#7036,#7056,#7076,#7096,#7115,
#7144,#7175,#7203,#7230,#7259,#7290,#7318,#7345,#7374,#7402,#7430,#7458,#7485,
#7506,#7526,#7546,#7566,#7586,#7606,#7626,#7645,#7677,#7709,#7739,#7767,#7795,
#7823,#7852,#7882,#7911,#7941,#7969,#7999,#8027,#8055,#8083,#8112,#8134,#8154,
#8223,#8244,#8266,#8286,#8311,#8334,#8356,#8376,#8401,#8426,#8450,#8469,#8490,
#8511,#8532,#8553,#8574,#8595,#8616,#8637,#8658,#8678,#8705,#8744,#8765,#8785,
#8805,#8825,#8845,#8865,#8885,#8904,#8925,#8945,#8964,#8986,#9006,#9029,#9054,
#9075,#9094,#9116,#9136,#9159,#9184,#9205,#9224,#9246,#9266,#9283,#9302,#9323,
#9342));
#9351=MANIFOLD_SOLID_BREP('',#9350);
#9352=(LENGTH_UNIT()NAMED_UNIT(*)SI_UNIT(.MILLI.,.METRE.));
#9354=(NAMED_UNIT(*)PLANE_ANGLE_UNIT()SI_UNIT($,.RADIAN.));
#9357=(NAMED_UNIT(*)SI_UNIT($,.STERADIAN.)SOLID_ANGLE_UNIT());
#9360=ADVANCED_BREP_SHAPE_REPRESENTATION('',(#9351),#9359);
#9368=PRODUCT_DEFINITION('design','',#9367,#9364);
#9369=PRODUCT_DEFINITION_SHAPE('','SHAPE FOR MIC-TH_BD4.',#9368);
#9370=SHAPE_ASPECT('','solid data associated with MIC-TH_BD4',#9369,.F.);
#9371=PROPERTY_DEFINITION('',
'shape for solid data with which properties are associated',#9370);
#9372=SHAPE_REPRESENTATION('',(#9351),#9359);
#9373=SHAPE_DEFINITION_REPRESENTATION(#9371,#9372);
#9374=(LENGTH_UNIT()NAMED_UNIT(*)SI_UNIT(.MILLI.,.METRE.));
#9378=PROPERTY_DEFINITION('geometric validation property','area of MIC-TH_BD4',
#9370);
#9379=REPRESENTATION('surface area',(#9377),#9359);
#9380=PROPERTY_DEFINITION_REPRESENTATION(#9378,#9379);
#9381=(LENGTH_UNIT()NAMED_UNIT(*)SI_UNIT(.MILLI.,.METRE.));
#9385=PROPERTY_DEFINITION('geometric validation property',
'volume of MIC-TH_BD4',#9370);
#9386=REPRESENTATION('volume',(#9384),#9359);
#9387=PROPERTY_DEFINITION_REPRESENTATION(#9385,#9386);
#9389=PROPERTY_DEFINITION('geometric validation property',
'centroid of MIC-TH_BD4',#9370);
#9390=REPRESENTATION('centroid',(#9388),#9359);
#9391=PROPERTY_DEFINITION_REPRESENTATION(#9389,#9390);
#9392=(LENGTH_UNIT()NAMED_UNIT(*)SI_UNIT(.MILLI.,.METRE.));
#9396=PROPERTY_DEFINITION('geometric validation property','area of MIC-TH_BD4',
#9369);
#9397=REPRESENTATION('surface area',(#9395),#9359);
#9398=PROPERTY_DEFINITION_REPRESENTATION(#9396,#9397);
#9399=(LENGTH_UNIT()NAMED_UNIT(*)SI_UNIT(.MILLI.,.METRE.));
#9403=PROPERTY_DEFINITION('geometric validation property',
'volume of MIC-TH_BD4',#9369);
#9404=REPRESENTATION('volume',(#9402),#9359);
#9405=PROPERTY_DEFINITION_REPRESENTATION(#9403,#9404);
#9407=PROPERTY_DEFINITION('geometric validation property',
'centroid of MIC-TH_BD4',#9369);
#9408=REPRESENTATION('centroid',(#9406),#9359);
#9409=PROPERTY_DEFINITION_REPRESENTATION(#9407,#9408);
#9410=SHAPE_DEFINITION_REPRESENTATION(#9369,#9360);
ENDSEC;
END-ISO-10303-21;
